audit_tab,link_type,hu_page,ro_url,anchor,ro_final_status,ro_final_url,hu_replacement,action
301,Hyperlink,https://www.alessandrodesign.hu/blogs/hir/hogyan-valaszthatja-ki-a-konyhai-mosogato-vagy-a-furdoszoba-akkumulatort,https://alessandrodesign.ro/categorie-produs/sanitare/baterii-sanitare/,Akkumulátorok a mosogatóhoz,200,https://www.alessandrodesign.ro/collections/baterii-baie-bucatarie,https://www.alessandrodesign.hu/collections/furdoszoba-es-konyhai-csaptelepek,replace
301,Hyperlink,https://www.alessandrodesign.hu/pages/gyakori-kerdesek,https://alessandrodesign.ro/formular-retur,Visszatérő űrlap,200,https://www.alessandrodesign.ro/pages/formular-retur,https://www.alessandrodesign.hu/pages/visszakuldesi-urlap,replace
301,Hyperlink,https://www.alessandrodesign.hu/pages/vissza,https://alessandrodesign.ro/pages/formular-retur,visszaküldési űrlap,200,https://www.alessandrodesign.ro/pages/formular-retur,https://www.alessandrodesign.hu/pages/visszakuldesi-urlap,replace
301,Hyperlink,https://www.alessandrodesign.hu/blogs/hir/hogyan-valaszthatja-ki-a-konyhai-mosogato-vagy-a-furdoszoba-akkumulatort,https://alessandrodesign.ro/shop/baterie-baie-alama-sanitara-rotire-360argintiu-cf101-b/,,200,https://www.alessandrodesign.ro/collections/baterii-de-baie,https://www.alessandrodesign.hu/collections/furdoszoba-csaptelepek,replace
301,Hyperlink,https://www.alessandrodesign.hu/blogs/hir/hogyan-valaszthatja-ki-a-konyhai-mosogato-vagy-a-furdoszoba-akkumulatort,https://alessandrodesign.ro/shop/baterie-baie-retro-starke-alama-sanitara-culoare-argintiu-w058/,,200,https://www.alessandrodesign.ro/collections/baterii-de-baie,https://www.alessandrodesign.hu/collections/furdoszoba-csaptelepek,replace
301,Hyperlink,https://www.alessandrodesign.hu/blogs/hir/hogyan-valaszthatja-ki-a-konyhai-mosogato-vagy-a-furdoszoba-akkumulatort,https://alessandrodesign.ro/shop/baterie-baie-starke-alama-sanitara-culoare-auriu-wzy-325-b/,,200,https://www.alessandrodesign.ro/collections/baterii-de-baie,https://www.alessandrodesign.hu/collections/furdoszoba-csaptelepek,replace
301,Hyperlink,https://www.alessandrodesign.hu/blogs/hir/hogyan-valaszthatja-ki-a-konyhai-mosogato-vagy-a-furdoszoba-akkumulatort,https://alessandrodesign.ro/shop/baterie-bucatarie-cu-pipa-flexibila-starke-alama-sanitara-negru-od-2073/,,200,https://www.alessandrodesign.ro/collections/baterii-de-bucatarie,https://www.alessandrodesign.hu/collections/konyhai-csaptelepek,replace
301,Hyperlink,https://www.alessandrodesign.hu/blogs/hir/hogyan-valaszthatja-ki-a-konyhai-mosogato-vagy-a-furdoszoba-akkumulatort,https://alessandrodesign.ro/shop/baterie-bucatarie-inox-starke-sus-304-cf010/,,200,https://www.alessandrodesign.ro/collections/baterii-de-bucatarie,https://www.alessandrodesign.hu/collections/konyhai-csaptelepek,replace
301,Hyperlink,https://www.alessandrodesign.hu/blogs/hir/hogyan-valaszthatja-ki-a-konyhai-mosogato-vagy-a-furdoszoba-akkumulatort,https://alessandrodesign.ro/shop/baterie-bucatarie-inox-starke-sus-304-extractibil-cf-touch-3/,,200,https://www.alessandrodesign.ro/collections/baterii-de-bucatarie,https://www.alessandrodesign.hu/collections/konyhai-csaptelepek,replace
301,Hyperlink,https://www.alessandrodesign.hu/blogs/hir/hogyan-valaszthatja-ki-a-konyhai-mosogato-vagy-a-furdoszoba-akkumulatort,https://alessandrodesign.ro/shop/baterie-lavoar-inox-sus304-satinat-ysq-111/,,200,https://www.alessandrodesign.ro/collections/baterii-de-bucatarie,https://www.alessandrodesign.hu/collections/konyhai-csaptelepek,replace
301,Hyperlink,https://www.alessandrodesign.hu/blogs/hir/hogyan-valaszthatja-ki-a-konyhai-mosogato-vagy-a-furdoszoba-akkumulatort,https://alessandrodesign.ro/shop/baterie-lavoar-starke-aliaj-si-sticla-negru-od3007/,,200,https://www.alessandrodesign.ro/collections/baterii-de-baie,https://www.alessandrodesign.hu/collections/furdoszoba-csaptelepek,replace
301,Hyperlink,https://www.alessandrodesign.hu/blogs/hir/hogyan-valaszthatja-ki-a-konyhai-mosogato-vagy-a-furdoszoba-akkumulatort,https://alessandrodesign.ro/shop/baterie-monocomanda-bucatarie-26cm-bm026/,,200,https://www.alessandrodesign.ro/collections/baterii-de-bucatarie,https://www.alessandrodesign.hu/collections/konyhai-csaptelepek,replace
301,Hyperlink,https://www.alessandrodesign.hu/blogs/hir/a-dinu-maxer-haloszobajat-alessandro-design-vilagito-testekkel-felujitottak,https://www.alessandrodesign.ro/aplica-led-gavin-18w-alb-auriu.html,Alkalmazza a LED GAVIN 18W aranyfehérjét,200,https://www.alessandrodesign.ro/products/aplica-led-gavin-18w-alb-auriu,https://www.alessandrodesign.hu/products/led-lampa-gavin-18w-white-gold-1,replace
301,Hyperlink,https://www.alessandrodesign.hu/blogs/hir/az-ot-legfontosabb-vilagito-test-a-teremhez,https://www.alessandrodesign.ro/aplica-led-selenis-18w-acril-negru.html,Alkalmazza a LED Lyra -t,200,https://www.alessandrodesign.ro/products/aplica-led-lyra-18w-acril-alb-negru,https://www.alessandrodesign.hu/products/lyra-led-fali-lampa-18w-akril-fekete-feher,replace
301,Hyperlink,https://www.alessandrodesign.hu/blogs/hir/jelentkezem-a-led-vs-alkalmazza-a-hagyomanyos-izzokkal-mit-valasszon,https://www.alessandrodesign.ro/aplice-clasice,A fal a hagyományos izzókra vonatkozik,200,https://www.alessandrodesign.ro/collections/aplice-de-interior,https://www.alessandrodesign.hu/collections/belso-lampak,replace
301,Hyperlink,https://www.alessandrodesign.hu/blogs/hir/jelentkezem-a-led-vs-alkalmazza-a-hagyomanyos-izzokkal-mit-valasszon,https://www.alessandrodesign.ro/aplice-de-cristal,Kristályalkalmazások,200,https://www.alessandrodesign.ro/collections/aplice-candelabre,https://www.alessandrodesign.hu/collections/kandelaber-lampak,replace
301,Hyperlink,https://www.alessandrodesign.hu/blogs/hir/jelentkezem-a-led-vs-alkalmazza-a-hagyomanyos-izzokkal-mit-valasszon,https://www.alessandrodesign.ro/aplice-de-interior,LED -fal érvényes,200,https://www.alessandrodesign.ro/collections/aplice,https://www.alessandrodesign.hu/collections/alkalmazni,replace
301,Hyperlink,https://www.alessandrodesign.hu/blogs/hir/minden-amit-tudnod-kell-az-egeszsegugyi-akkumulatorokrol,https://www.alessandrodesign.ro/baterie-bucatarie-extractibila-starke-inox-sus304-satinat-cf023.html,Akkumulátor csillagkonyha felfelé 304 kivonható CF023,200,https://www.alessandrodesign.ro/products/baterie-bucatarie-cu-dus-extractibil-inox-sus304-satinat-cf023,https://www.alessandrodesign.hu/products/konyhai-csaptelep-kihuzhato-zuhannyal-sus304-rozsdamentes-acel-szaten-cf023,replace
301,Hyperlink,https://www.alessandrodesign.hu/blogs/hir/minden-amit-tudnod-kell-az-egeszsegugyi-akkumulatorokrol,https://www.alessandrodesign.ro/baterie-bucatarie-tip-lebada-crompipa-rotativa-lb00c.html,Akkumulátor konyha típusú króm/forgócső lb00c,200,https://www.alessandrodesign.ro/products/baterie-bucatarie-crom-lucios-lb00c-pipa-lebada-pivotanta-cartus-ceramic-set-complet-cu-racorduri-si-sistem-de-fixare,https://www.alessandrodesign.hu/products/fenyes-krom-konyhai-csaptelep-lb00c-forgo-hattyu-csaptelep-keramia-patron-komplett-keszlet-csatlakozasokkal-es-rogzito-rendszerrel,replace
301,Hyperlink,https://www.alessandrodesign.hu/blogs/hir/minden-amit-tudnod-kell-az-egeszsegugyi-akkumulatorokrol,https://www.alessandrodesign.ro/baterie-cada-inox-sus304-negru-ljs-223b.html,Rozsdamentes acél fürdőkád SUS304 Black LJS-223B,200,https://www.alessandrodesign.ro/products/baterie-perete-inox-sus304-negru-ljs-223b,https://www.alessandrodesign.hu/products/fali-csaptelep-sus304-rozsdamentes-acel-fekete-ljs-223b,replace
301,Hyperlink,https://www.alessandrodesign.hu/blogs/hir/minden-amit-tudnod-kell-az-egeszsegugyi-akkumulatorokrol,https://www.alessandrodesign.ro/baterie-cada-inox-sus304-satinat-n-ly0c4.html,Rozsdamentes acél fürdőkád SUS304 Satin N-LY0C4,200,https://www.alessandrodesign.ro/collections/baterii-de-baie,https://www.alessandrodesign.hu/collections/furdoszoba-csaptelepek,replace
301,Hyperlink,https://www.alessandrodesign.hu/blogs/hir/minden-amit-tudnod-kell-az-egeszsegugyi-akkumulatorokrol,https://www.alessandrodesign.ro/baterie-dus-cu-para-si-furtun-starke-alama-sanitara-bronz-antichizat-od-2043.html,Akkumulátor zuhany szabadsággal és tömlővel Starke-egészségügyi sárgaréz antik OD-2043,200,https://www.alessandrodesign.ro/products/baterie-dus-cu-para-si-furtun-alama-sanitara-bronz-antichizat-od-2043,https://www.alessandrodesign.hu/products/zuhanycsap-csovel-es-tomlovel-fem-antik-arany-od-2043,replace
301,Hyperlink,https://www.alessandrodesign.hu/blogs/hir/minden-amit-tudnod-kell-az-egeszsegugyi-akkumulatorokrol,https://www.alessandrodesign.ro/baterie-lavoar-aliaj-argintiu.html,Ezüstötvözet akkumulátormosó,200,https://www.alessandrodesign.ro/products/baterie-lavoar-korman-technik-pipa-pivotanta-lungime-15cm-cartus-ceramic-crom-racord-inclus,https://www.alessandrodesign.hu/products/mosogato-csaptelep-elforgathato-csaptelep-15-cm-hosszusag-keramia-patron-krom-csatlakozo-mellekelve,replace
301,Hyperlink,https://www.alessandrodesign.hu/blogs/hir/minden-amit-tudnod-kell-az-egeszsegugyi-akkumulatorokrol,https://www.alessandrodesign.ro/baterie-lavoar-cu-senzor-alama-sanitara-alb-rw-190wh.html,Akkumulátor fehér-90Wh fehér egészségügyi sárgaréz érzékelő akkumulátorral,200,https://www.alessandrodesign.ro/products/baterie-lavoar-cu-senzor-alama-sanitara-alb-rw-190wh,https://www.alessandrodesign.hu/products/mosogato-csaptelep-erzekelovel-sargarez-feher-rw-190wh,replace
301,Hyperlink,https://www.alessandrodesign.hu/blogs/hir/minden-amit-tudnod-kell-az-egeszsegugyi-akkumulatorokrol,https://www.alessandrodesign.ro/baterie-lavoar-cu-senzor-alama-sanitara-crom-rw-103.html,Akkumulátor Crome RW-103 egészségügyi sárgaréz érzékelővel,200,https://www.alessandrodesign.ro/products/baterie-lavoar-cu-senzor-alama-sanitara-crom-rw-103,https://www.alessandrodesign.hu/products/mosogato-csaptelep-erzekelovel-szaniter-sargarez-krom-rw-103,replace
301,Hyperlink,https://www.alessandrodesign.hu/blogs/hir/minden-amit-tudnod-kell-az-egeszsegugyi-akkumulatorokrol,https://www.alessandrodesign.ro/baterie-lavoar-inox-sus304-satinata-mp009.html,Lavoar starke akkumulátor sus304 szatén mp009,200,https://www.alessandrodesign.ro/products/baterie-lavoar-korman-technik-inox-sus304-satinat-mp009,https://www.alessandrodesign.hu/products/mosogato-csaptelep-rozsdamentes-acel-sus304-szaten-kivitel-mp009,replace
301,Hyperlink,https://www.alessandrodesign.hu/blogs/hir/minden-amit-tudnod-kell-az-egeszsegugyi-akkumulatorokrol,https://www.alessandrodesign.ro/baterie-lavoar-starke-alama-sanitara-negru-mat-od-2057.html,Akkumulátor washbasin starke fekete mat-2057,200,https://www.alessandrodesign.ro/collections/all,https://www.alessandrodesign.hu/collections/all,replace
301,Hyperlink,https://www.alessandrodesign.hu/blogs/hir/minden-amit-tudnod-kell-az-egeszsegugyi-akkumulatorokrol,https://www.alessandrodesign.ro/baterie-monocomanda-bucatarie-18cm-bm018.html,Konyhai monok és akkumulátor 18 cm BM018,200,https://www.alessandrodesign.ro/products/baterie-lavoar-korman-technik-pipa-pivotanta-lungime-18cm-cartus-ceramic-crom-racord-inclus,https://www.alessandrodesign.hu/products/mosogato-csaptelep-elforgathato-csaptelep-18cm-hosszusag-keramia-patron-krom-csatlakozo-mellekelve,replace
301,Hyperlink,https://www.alessandrodesign.hu/blogs/hir/minden-amit-tudnod-kell-az-egeszsegugyi-akkumulatorokrol,https://www.alessandrodesign.ro/baterie-pentru-cada-scurta-crompipa-rotativa-cd001.html,Akkumulátor rövid króm kádhoz/forgó csőhez CD001,200,https://www.alessandrodesign.ro/products/baterie-cada-korman-technik-para-dus-si-furtun-inclus-aliaj-cartus-ceramic-crom-cd001,https://www.alessandrodesign.hu/products/kadcsaptelep-zuhanyfej-es-tomlo-mellekelve-otvozet-keramiapatron-krom-cd001,replace
301,Hyperlink,https://www.alessandrodesign.hu/blogs/hir/minden-amit-tudnod-kell-az-egeszsegugyi-akkumulatorokrol,https://www.alessandrodesign.ro/baterie-tip-bideu-crompipa-rotativa-bd001.html,Bideu Chrome/forgócső BD001 akkumulátor,200,https://www.alessandrodesign.ro/products/baterie-bideu-crom-bd001,https://www.alessandrodesign.hu/products/bide-csaptelep-krom-bd001,replace
301,Hyperlink,https://www.alessandrodesign.hu/blogs/hir/hogyan-lehet-megfeleloen-felszerelni-a-furdo-akkumulatort-lepes-lepcso-utmutato,https://www.alessandrodesign.ro/baterii-sanitare,az egészségügyi akkumulátor,200,https://www.alessandrodesign.ro/collections/baterii-baie-bucatarie,https://www.alessandrodesign.hu/collections/furdoszoba-es-konyhai-csaptelepek,replace
301,Hyperlink,https://www.alessandrodesign.hu/blogs/hir/hogyan-lehet-hozzaferni-a-furdoszoba-stilusanak,https://www.alessandrodesign.ro/baterii-sanitare-de-baie,A Washbasin akkumulátor: a stílus és a hatékonyság keveréke,200,https://www.alessandrodesign.ro/collections/baterii-de-baie,https://www.alessandrodesign.hu/collections/furdoszoba-csaptelepek,replace
301,Hyperlink,https://www.alessandrodesign.hu/blogs/hir/hogyan-lehet-helyesen-telepiteni-egy-led-tukrot-a-furdoszobaba-hasznos-tippek-a-tokeletes-eredmeny-erdekeben,https://www.alessandrodesign.ro/benzi-led,LED zenekarok,200,https://www.alessandrodesign.ro/collections/benzi-led,https://www.alessandrodesign.hu/collections/led-szalagok,replace
301,Hyperlink,https://www.alessandrodesign.hu/pages/marketing-egyuttmukodes,https://www.alessandrodesign.ro/blog,Blogok,200,https://www.alessandrodesign.ro/blogs/news,https://www.alessandrodesign.hu/blogs/hir,replace
301,Hyperlink,https://www.alessandrodesign.hu/blogs/hir/hogyan-lehet-helyesen-megvilagitani-egy-nagy-szobat-a-csillarokkal,https://www.alessandrodesign.ro/blog/ce-inseamna-dimabil.html,Tompítható izzók,200,https://www.alessandrodesign.ro/blogs/news/corpurile-de-iluminat-dimabile-ce-sunt-si-cum-functioneaza,https://www.alessandrodesign.hu/blogs/hir/szabalyozhato-vilagitotestek-mik-ezek-es-hogyan-mukodnek,replace
301,Hyperlink,https://www.alessandrodesign.hu/blogs/hir/alkalmazas-rogzitese-lepesek-es-tippek-a-helyes-telepiteshez,https://www.alessandrodesign.ro/blog/ghid-montaj-produse.html,termékgyűjtő útmutató,200,https://www.alessandrodesign.ro/blogs/news/ghid-montaj-produse,https://www.alessandrodesign.hu/blogs/hir/termek-osszeszerelesi-utmutato,replace
301,Hyperlink,https://www.alessandrodesign.hu/pages/vissza,https://www.alessandrodesign.ro/blog/produse-neeligibile-pentru-retur.html,Link a teljes cikkhez,200,https://www.alessandrodesign.ro/blogs/news/retur-alessandro-design-ce-ar-trebui-sa-%C8%99ti%C8%9Bi,https://www.alessandrodesign.hu/blogs/hir/vissza-alessandro-design-amit-tudnia-kell,replace
301,Hyperlink,https://www.alessandrodesign.hu/blogs/hir/termekfogadas-utmutato,https://www.alessandrodesign.ro/blog/receptionarea-produselor-sparte.html,A törött termékek fogadása (alessandrodesign.ro),200,https://www.alessandrodesign.ro/blogs/news/recep%C8%9Bionarea-produselor-sparte,https://www.alessandrodesign.hu/blogs/hir/torott-termekek-fogadasa,replace
301,Hyperlink,https://www.alessandrodesign.hu/blogs/hir/hogyan-rendezzunk-be-egy-nyitott-teret-nappalival-es-etkezovel-praktikus-es-elegans-otletek,https://www.alessandrodesign.ro/blogs/news/amenajarea-bucatariei-idei-de-iluminat-si-organizare-eficienta-a-spatiului,konyha elrendezése,200,https://www.alessandrodesign.ro/blogs/news/amenajarea-bucatariei-idei-de-iluminat-si-organizare-eficienta-a-spatiului,https://www.alessandrodesign.hu/blogs/hir/konyhatervezes-vilagitasi-otletek-es-hatekony-terszervezes,replace
301,Hyperlink,https://www.alessandrodesign.hu/blogs/hir/kulteri-lampak-vs-belteri-fali-lampak-mik-a-lenyeges-kulonbsegek,https://www.alessandrodesign.ro/blogs/news/aplice-led-vs-aplice-cu-becuri-traditionale-ce-sa-alegi-nbsp,részletes elemzés,200,https://www.alessandrodesign.ro/blogs/news/aplice-led-vs-aplice-cu-becuri-traditionale-ce-sa-alegi-nbsp,https://www.alessandrodesign.hu/blogs/hir/led-es-lampak-es-hagyomanyos-izzos-fali-lampak-mit-valasszunk,replace
301,Hyperlink,https://www.alessandrodesign.hu/blogs/hir/mi-az-a-reteges-vilagitas-es-miert-hasznaljak-a-belsoepiteszek-minden-modern-projektben,https://www.alessandrodesign.ro/blogs/news/ce-este-cri-si-cum-te-ajuta-sa-alegi-iluminatul-ideal,"mi az a CRI, és hogyan segít az ideális világítás kiválasztásában",200,https://www.alessandrodesign.ro/blogs/news/ce-este-cri-si-cum-te-ajuta-sa-alegi-iluminatul-ideal,https://www.alessandrodesign.hu/blogs/hir/mi-az-a-cri-es-hogyan-segit-kivalasztani-az-idealis-vilagitast,replace
301,Hyperlink,https://www.alessandrodesign.hu/blogs/hir/cum-combini-mai-multe-surse-de-lumina-intr-o-camera,https://www.alessandrodesign.ro/blogs/news/ce-este-layered-lighting-design-interior,Iluminarea pe straturi,200,https://www.alessandrodesign.ro/blogs/news/ce-este-layered-lighting-design-interior,https://www.alessandrodesign.hu/blogs/hir/mi-az-a-reteges-vilagitas-es-miert-hasznaljak-a-belsoepiteszek-minden-modern-projektben,replace
301,Hyperlink,https://www.alessandrodesign.hu/blogs/hir/vilagitasi-trendek-2026-ban-milyen-vilagitotesteket-valasszunk,https://www.alessandrodesign.ro/blogs/news/cum-alegi-corpurile-de-iluminat-potrivite-pentru-fiecare-camera-ghid-complet,hogyan válasszuk ki a megfelelő világítótesteket minden helyiséghez,200,https://www.alessandrodesign.ro/blogs/news/cum-alegi-corpurile-de-iluminat-potrivite-pentru-fiecare-camera-ghid-complet,https://www.alessandrodesign.hu/blogs/hir/hogyan-valasszuk-ki-a-megfelelo-vilagitotestet-minden-helyiseghez-a-teljes-utmutato,replace
301,Hyperlink,https://www.alessandrodesign.hu/blogs/hir/hogyan-alakitsunk-at-egy-kis-studiot-modern-es-vilagos-terre,https://www.alessandrodesign.ro/blogs/news/cum-alegi-lustra-in-funcție-de-destinație,hogyan válasszuk ki a csillárt a rendeltetési helytől függően,200,https://www.alessandrodesign.ro/blogs/news/cum-alegi-lustra-in-funcție-de-destinație,https://www.alessandrodesign.hu/blogs/hir/hogyan-valasszuk-ki-a-csillart-a-rendeltetesi-hely-szerint,replace
301,Hyperlink,https://www.alessandrodesign.hu/blogs/hir/walk-in-furdoszoba-inspiracio-a-tiszta-pihenteto-es-modern-dizajnhoz,https://www.alessandrodesign.ro/blogs/news/cum-sa-amenajezi-o-baie-mica-trucuri-maximizare-spatiu,kis fürdőszobát rendezel be,200,https://www.alessandrodesign.ro/blogs/news/cum-sa-amenajezi-o-baie-mica-trucuri-maximizare-spatiu,https://www.alessandrodesign.hu/blogs/hir/hogyan-tervezzunk-egy-kis-furdoszobat-trukkok-a-hely-maximalizalasara,replace
301,Hyperlink,https://www.alessandrodesign.hu/blogs/hir/kandallos-nappali-kialakitasa-hogyan-hozzunk-letre-meleg-es-elegans-teret,https://www.alessandrodesign.ro/blogs/news/cum-sa-amenajezi-open-space-living-dining-idei-practice-elegante,nyitott terű nappali-étkező,200,https://www.alessandrodesign.ro/blogs/news/cum-sa-amenajezi-open-space-living-dining-idei-practice-elegante,https://www.alessandrodesign.hu/blogs/hir/hogyan-rendezzunk-be-egy-nyitott-teret-nappalival-es-etkezovel-praktikus-es-elegans-otletek,replace
301,Hyperlink,https://www.alessandrodesign.hu/blogs/hir/kandallos-nappali-kialakitasa-hogyan-hozzunk-letre-meleg-es-elegans-teret,https://www.alessandrodesign.ro/blogs/news/cum-sa-amenajezi-un-apartament-modern-idei-sfaturi-practice,hogyan kell berendezni egy modern lakást,200,https://www.alessandrodesign.ro/blogs/news/cum-sa-amenajezi-un-apartament-modern-idei-sfaturi-practice,https://www.alessandrodesign.hu/blogs/hir/hogyan-rendezzunk-be-egy-modern-lakast-otletek-es-gyakorlati-tanacsok,replace
301,Hyperlink,https://www.alessandrodesign.hu/blogs/hir/cum-combini-mai-multe-surse-de-lumina-intr-o-camera,https://www.alessandrodesign.ro/blogs/news/cum-sa-iti-alegi-lustra-in-functie-de-marimea-incaperii,cum să îți alegi lustra în funcție de mărimea încăperii,200,https://www.alessandrodesign.ro/blogs/news/cum-sa-iti-alegi-lustra-in-functie-de-marimea-incaperii,https://www.alessandrodesign.hu/blogs/hir/hogyan-valasszuk-ki-a-csillart-a-szoba-meretenek-megfeleloen,replace
301,Hyperlink,https://www.alessandrodesign.hu/blogs/hir/milyen-magassagban-van-felszerelve-a-csillar-gyakorlati-utmutato-minden-helyiseghez,https://www.alessandrodesign.ro/blogs/news/cum-se-monteaza-o-lustra,hogyan kell felszerelni egy csillárt,200,https://www.alessandrodesign.ro/blogs/news/cum-se-monteaza-o-lustra,https://www.alessandrodesign.hu/blogs/hir/hogyan-kell-felszerelni-egy-csillart,replace
301,Hyperlink,https://www.alessandrodesign.hu/blogs/hir/mi-a-fenyintenzitas-es-hogyan-befolyasolja-az-otthoni-vilagitast,https://www.alessandrodesign.ro/blogs/news/evoluția-corpurilor-de-iluminat,világítótestek fejlődése,200,https://www.alessandrodesign.ro/blogs/news/evoluția-corpurilor-de-iluminat,https://www.alessandrodesign.hu/blogs/hir/a-vilagitotestek-fejlodese,replace
301,Hyperlink,https://www.alessandrodesign.hu/pages/garancia,https://www.alessandrodesign.ro/blogs/news/garanție-noțiuni-generale,Olvassa el a teljes cikket!,200,https://www.alessandrodesign.ro/blogs/news/garanție-noțiuni-generale,https://www.alessandrodesign.hu/blogs/hir/altalanos-garancialis-feltetelek-1,replace
301,Hyperlink,https://www.alessandrodesign.hu/blogs/hir/amenajare-camera-fete-idei-moderne-luminoase-și-ușor-de-aplicat,https://www.alessandrodesign.ro/blogs/news/idei-amenajare-studio-de-make-up-acasa-idei-practice,îți amenajezi un studio de make-up acasă,200,https://www.alessandrodesign.ro/blogs/news/idei-amenajare-studio-de-make-up-acasa-idei-practice,https://www.alessandrodesign.hu/blogs/hir/hogyan-alakitsunk-ki-sminkstudiot-otthon-praktikus-otletek,replace
301,Hyperlink,https://www.alessandrodesign.hu/blogs/hir/cum-alegi-dimensiunea-potrivita-pentru-oglinda-din-baie,https://www.alessandrodesign.ro/blogs/news/idei-bai-mici-cu-cada-oglinzi-lumina,https://www.alessandrodesign.ro/blogs/news/idei-bai-mici-cu-cada-oglinzi-lumina,200,https://www.alessandrodesign.ro/blogs/news/idei-bai-mici-cu-cada-oglinzi-lumina,https://www.alessandrodesign.hu/blogs/hir/otletek-kis-kadas-furdoszobakhoz-hogyan-hasznaljunk-tukroket-es-fenyt-a-ter-megteremtesere,replace
301,Hyperlink,https://www.alessandrodesign.hu/blogs/hir/kulteri-lampak-vs-belteri-fali-lampak-mik-a-lenyeges-kulonbsegek,https://www.alessandrodesign.ro/blogs/news/lustre-vs-aplice-ce-alegem-pentru-fiecare-spatiu-din-casa,Csillárok vs. alkalmazni? Mit válasszunk a ház egyes helyeihez?,200,https://www.alessandrodesign.ro/blogs/news/lustre-vs-aplice-ce-alegem-pentru-fiecare-spatiu-din-casa,https://www.alessandrodesign.hu/blogs/hir/csillarok-vs-lampak-mit-valasztunk-a-haz-egyes-helyeire,replace
301,Hyperlink,https://www.alessandrodesign.hu/blogs/hir/walk-in-furdoszoba-inspiracio-a-tiszta-pihenteto-es-modern-dizajnhoz,https://www.alessandrodesign.ro/blogs/news/tot-ce-trebuie-sa-stii-despre-bateriile-sanitare,"minden, amit a szaniter csaptelepekről tudni kell",200,https://www.alessandrodesign.ro/blogs/news/tot-ce-trebuie-sa-stii-despre-bateriile-sanitare,https://www.alessandrodesign.hu/blogs/hir/minden-amit-az-egeszsegugyi-akkumulatorokrol-tudni-kell,replace
301,Hyperlink,https://www.alessandrodesign.hu/blogs/hir/hogyan-testreszabhatja-a-csillarjat-a-belsoepiteszeti-stilus-szerint-modern-vintage-industrial,https://www.alessandrodesign.ro/candelabre-clasice,Klasszikus csillárok,200,https://www.alessandrodesign.ro/collections/candelabre-clasice,https://www.alessandrodesign.hu/collections/klasszikus-csillarok,replace
301,Hyperlink,https://www.alessandrodesign.hu/blogs/hir/hogyan-testreszabhatja-a-csillarjat-a-belsoepiteszeti-stilus-szerint-modern-vintage-industrial,https://www.alessandrodesign.ro/candelabre-moderne,Modern csillárok,200,https://www.alessandrodesign.ro/collections/candelabre-moderne,https://www.alessandrodesign.hu/collections/modern-csillarok,replace
301,Hyperlink,https://www.alessandrodesign.hu/blogs/hir/az-ot-legfontosabb-vilagito-test-a-teremhez,https://www.alessandrodesign.ro/candelabru-alessandro-design-iustinian-9e27-s9001-63.html,csillár Justiniánus,200,https://www.alessandrodesign.ro/products/candelabru-cristal-versailles-magno-8xe14-diametru-60cm-negru-si-auriu-inaltime-reglabila,https://www.alessandrodesign.hu/products/versailles-magno-kristalycsillar-8xe14-atmero-60-cm-fekete-es-arany-allithato-magassagu,replace
301,Hyperlink,https://www.alessandrodesign.hu/blogs/hir/hogyan-valaszthatja-ki-a-csillarot-a-rendeltetesi-hely-szerint,https://www.alessandrodesign.ro/candelabru-alessandro-design-marseille-2236-5.html,,200,https://www.alessandrodesign.ro/collections/all,https://www.alessandrodesign.hu/collections/all,replace
301,Hyperlink,https://www.alessandrodesign.hu/blogs/hir/az-5-legfontosabb-vilagito-testet-az-elethez,https://www.alessandrodesign.ro/candelabru-arian-8e14-negru-metal-si-cristal.html,Arian csillár,200,https://www.alessandrodesign.ro/products/candelabru-cristal-arian-8x-e27-diametru-60cm-auriu,https://www.alessandrodesign.hu/products/arian-kristalycsillar-8x-e27-atmero-60cm-arany,replace
301,Hyperlink,https://www.alessandrodesign.hu/blogs/hir/az-5-legjobb-vilagitovilagito-test,https://www.alessandrodesign.ro/candelabru-led-cu-telecomanda-madox-3e27-transparent-metal-si-cristal-1.html,LED Madox csillár,200,https://www.alessandrodesign.ro/collections/lustre-led,https://www.alessandrodesign.hu/collections/led-csillarok,replace
301,Hyperlink,https://www.alessandrodesign.hu/collections/egyszeru-led-tukrok,https://www.alessandrodesign.ro/collections/accesorii-baie?_pos=3&_psq=baie&_ss=e&_v=1.0,Accesorii Baie,200,https://www.alessandrodesign.ro/collections/accesorii-baie?_pos=3&_psq=baie&_ss=e&_v=1.0,https://www.alessandrodesign.hu/collections/furdoszoba-kiegeszitok,replace
301,Hyperlink,https://www.alessandrodesign.hu/collections/furdoszoba,https://www.alessandrodesign.ro/collections/aplice-clasice?_pos=1&_psq=aplice+clasice&_ss=e&_v=1.0,Aplice Clasice,200,https://www.alessandrodesign.ro/collections/aplice-de-interior?_pos=1&_psq=aplice%20clasice&_ss=e&_v=1.0,https://www.alessandrodesign.hu/collections/belso-lampak,replace
301,Hyperlink,https://www.alessandrodesign.hu/collections/csillarok,https://www.alessandrodesign.ro/collections/aplice-clasice?_pos=1&_psq=clasi&_ss=e&_v=1.0,Aplice Clasice,200,https://www.alessandrodesign.ro/collections/aplice-de-interior?_pos=1&_psq=clasi&_ss=e&_v=1.0,https://www.alessandrodesign.hu/collections/belso-lampak,replace
301,Hyperlink,https://www.alessandrodesign.hu/collections/kulso-kivetito,https://www.alessandrodesign.ro/collections/aplice-de-exterior?_pos=1&_psq=aplice+ex&_ss=e&_v=1.0,Aplice de Exterior,200,https://www.alessandrodesign.ro/collections/aplice-de-exterior?_pos=1&_psq=aplice+ex&_ss=e&_v=1.0,https://www.alessandrodesign.hu/collections/kulteri-lampak,replace
301,Hyperlink,https://www.alessandrodesign.hu/blogs/hir/kulteri-lampak-vs-belteri-fali-lampak-mik-a-lenyeges-kulonbsegek,https://www.alessandrodesign.ro/collections/aplice-de-interior,Beltéri rátét,200,https://www.alessandrodesign.ro/collections/aplice-de-interior,https://www.alessandrodesign.hu/collections/belso-lampak,replace
301,Hyperlink,https://www.alessandrodesign.hu/blogs/hir/walk-in-furdoszoba-inspiracio-a-tiszta-pihenteto-es-modern-dizajnhoz,https://www.alessandrodesign.ro/collections/baterii-coloane-de-dus,csaptelepek és zuhanyoszlopok,200,https://www.alessandrodesign.ro/collections/baterii-coloane-de-dus,https://www.alessandrodesign.hu/collections/csaptelepek-es-zuhanyoszlopok,replace
301,Hyperlink,https://www.alessandrodesign.hu/collections/egyszeru-led-tukrok,https://www.alessandrodesign.ro/collections/baterii-coloane-de-dus?_pos=1&_psq=coloate&_ss=e&_v=1.0,Baterii & Coloane de Dus,200,https://www.alessandrodesign.ro/collections/baterii-coloane-de-dus?_pos=1&_psq=coloate&_ss=e&_v=1.0,https://www.alessandrodesign.hu/collections/csaptelepek-es-zuhanyoszlopok,replace
301,Hyperlink,https://www.alessandrodesign.hu/collections/mosogato-es-mosdo,https://www.alessandrodesign.ro/collections/baterii-coloane-de-dus?_pos=2&_psq=colo&_ss=e&_v=1.0,Baterii & Coloane de Dus,200,https://www.alessandrodesign.ro/collections/baterii-coloane-de-dus?_pos=2&_psq=colo&_ss=e&_v=1.0,https://www.alessandrodesign.hu/collections/csaptelepek-es-zuhanyoszlopok,replace
301,Hyperlink,https://www.alessandrodesign.hu/blogs/hir/teljes-utmutato-a-konyhai-akkumulator-megfelelo-telepitesehez,https://www.alessandrodesign.ro/collections/baterii-de-bucatarie,Konyhai akkumulátorok,200,https://www.alessandrodesign.ro/collections/baterii-de-bucatarie,https://www.alessandrodesign.hu/collections/konyhai-csaptelepek,replace
301,Hyperlink,https://www.alessandrodesign.hu/blogs/hir/pincetervezesi-otletek-egyszeru-megoldasok-a-feny-a-ter-es-a-kenyelem-erdekeben,https://www.alessandrodesign.ro/collections/becuri-led-g9,G9 LED izzók,200,https://www.alessandrodesign.ro/collections/becuri-led-g9,https://www.alessandrodesign.hu/collections/g9-led-izzok,replace
301,Hyperlink,https://www.alessandrodesign.hu/blogs/hir/hogyan-epits-be-otthoni-gyogyfurdot-szervezesi-es-tervezesi-tippek,https://www.alessandrodesign.ro/collections/becuri-ornamentale,díszhagymák,404,https://www.alessandrodesign.ro/collections/becuri-ornamentale,,remove/manual
301,Hyperlink,https://www.alessandrodesign.hu/blogs/hir/hogyan-vigyunk-csillogast-a-belsoepiteszetbe-anelkul-hogy-tulzasba-esnenk,https://www.alessandrodesign.ro/collections/candelabre-elegante,elegáns csillár,200,https://www.alessandrodesign.ro/collections/candelabre-elegante,https://www.alessandrodesign.hu/collections/elegans-csillarok,replace
301,Hyperlink,https://www.alessandrodesign.hu/blogs/hir/hogyan-valasszuk-ki-a-megfelelo-vilagitotestet-minden-helyiseghez-a-teljes-utmutato,https://www.alessandrodesign.ro/collections/candelabre-living,csillárok a nappaliba,200,https://www.alessandrodesign.ro/collections/candelabre-living,https://www.alessandrodesign.hu/collections/nappali-csillarok,replace
301,Hyperlink,https://www.alessandrodesign.hu/blogs/hir/otletek-kis-kadas-furdoszobakhoz-hogyan-hasznaljunk-tukroket-es-fenyt-a-ter-megteremtesere,https://www.alessandrodesign.ro/collections/cazi-de-baie-freestanding,szabadon álló fürdőkád,200,https://www.alessandrodesign.ro/collections/cazi-de-baie-freestanding,https://www.alessandrodesign.hu/collections/szabadon-allo-furdokadak,replace
301,Hyperlink,https://www.alessandrodesign.hu/collections/kulso-kivetito,https://www.alessandrodesign.ro/collections/instalatii-led-exterior?_pos=1&_psq=instala&_ss=e&_v=1.0,Instalatii LED Exterior,200,https://www.alessandrodesign.ro/collections/produse-led,https://www.alessandrodesign.hu/collections/led-termekek,replace
301,Hyperlink,https://www.alessandrodesign.hu/blogs/hir/a-led-csillar-mintazatanak-5-legfontosabb-trendje-2025-re,https://www.alessandrodesign.ro/collections/lustre-led-cristale,LED -es lusterek kristályokkal,200,https://www.alessandrodesign.ro/collections/lustre-led-cristal,https://www.alessandrodesign.hu/collections/kristaly-led-csillarok,replace
301,Hyperlink,https://www.alessandrodesign.hu/blogs/hir/milyen-magassagban-van-felszerelve-a-csillar-gyakorlati-utmutato-minden-helyiseghez,https://www.alessandrodesign.ro/collections/lustre-metalice,fém csillárok,200,https://www.alessandrodesign.ro/collections/lustre-metalice,https://www.alessandrodesign.hu/collections/ipari-csillogas,replace
301,Hyperlink,https://www.alessandrodesign.hu/blogs/hir/ipari-stilus-otthonaban-teljes-utmutato-a-megfelelo-vilagitasi-rendszer-kivalasztasahoz,https://www.alessandrodesign.ro/collections/lustre-minimaliste,minimalista csillárok,200,https://www.alessandrodesign.ro/collections/lustre-metalice,https://www.alessandrodesign.hu/collections/ipari-csillogas,replace
301,Hyperlink,https://www.alessandrodesign.hu/blogs/hir/kor-alaku-led-es-tukor-a-negyzet-alaku-led-es-tukorrel-szemben-melyik-illik-jobban,https://www.alessandrodesign.ro/collections/oglinzi-rotunde-baie,kerek fürdőszobai tükrök,200,https://www.alessandrodesign.ro/collections/oglinzi-rotunde-baie,https://www.alessandrodesign.hu/collections/kerek-furdoszobai-tukrok,replace
301,Hyperlink,https://www.alessandrodesign.hu/collections/magneses-sina-projektorok,https://www.alessandrodesign.ro/collections/pendule?_pos=1&_psq=pendu&_ss=e&_v=1.0,Pendule,200,https://www.alessandrodesign.ro/collections/pendule?_pos=1&_psq=pendu&_ss=e&_v=1.0,https://www.alessandrodesign.hu/collections/inga,replace
301,Hyperlink,https://www.alessandrodesign.hu/blogs/hir/skandinav-stilus-jellemzok-beallitas-es-ajanlott-termekek,https://www.alessandrodesign.ro/collections/plante-artificiale,mesterséges növények dekorációhoz,200,https://www.alessandrodesign.ro/collections/plante-artificiale,https://www.alessandrodesign.hu/collections/artificial-plants-1,replace
301,Hyperlink,https://www.alessandrodesign.hu/blogs/hir/skandinav-stilus-jellemzok-beallitas-es-ajanlott-termekek,https://www.alessandrodesign.ro/collections/textile-camera,Kamera textil,404,https://www.alessandrodesign.ro/collections/textile-camera,,remove/manual
301,Hyperlink,https://www.alessandrodesign.hu/blogs/hir/mennyit-fogyaszt-egy-led-minden-amit-a-led-ek-hatekonysagarol-tudni-kell,https://www.alessandrodesign.ro/collections/tuburi-led,- LED csövek,404,https://www.alessandrodesign.ro/collections/tuburi-led,,remove/manual
301,Hyperlink,https://www.alessandrodesign.hu/pages/gyakori-kerdesek,https://www.alessandrodesign.ro/garantie,A garanciaszakasz,200,https://www.alessandrodesign.ro/pages/garantie,https://www.alessandrodesign.hu/pages/garancia,replace
301,Hyperlink,https://www.alessandrodesign.hu/blogs/hir/hogyan-valaszthatja-ki-a-csillarot-a-rendeltetesi-hely-szerint,https://www.alessandrodesign.ro/lustra-alessandro-design-led-isra-36w-6674.html,,200,https://www.alessandrodesign.ro/collections/all,https://www.alessandrodesign.hu/collections/all,replace
301,Hyperlink,https://www.alessandrodesign.hu/blogs/hir/hogyan-valaszthatja-ki-a-csillarot-a-rendeltetesi-hely-szerint,https://www.alessandrodesign.ro/lustra-alessandro-design-led-ivy-36w-8983.html,,200,https://www.alessandrodesign.ro/collections/all,https://www.alessandrodesign.hu/collections/all,replace
301,Hyperlink,https://www.alessandrodesign.hu/blogs/hir/hogyan-valassza-ki-a-csillarjat-a-szoba-meretenek-megfeleloen,https://www.alessandrodesign.ro/lustra-alessandro-design-mini-280-w-at1ct-mv1a-ht2l-1132-3.html,"Lustra Mini távirányítóval, 280W",200,https://www.alessandrodesign.ro/collections/lustre-led,https://www.alessandrodesign.hu/collections/led-csillarok,replace
301,Hyperlink,https://www.alessandrodesign.hu/blogs/hir/hogyan-valassza-ki-a-csillarjat-a-szoba-meretenek-megfeleloen,https://www.alessandrodesign.ro/lustra-alessandro-design-nana-36w-at1ct-mv1a-ht2l-4306.html,Lust LED 3D Kerensa 36W,200,https://www.alessandrodesign.ro/products/lustra-led-nexa-3d-39w-diametru-265cm-lumina-rece-calda-neutra-alb,https://www.alessandrodesign.hu/products/nexa-3d-led-csillar-39-w-atmero-25-cm-hideg-meleg-semleges-feny-feher,replace
301,Hyperlink,https://www.alessandrodesign.hu/blogs/hir/hogyan-valassza-ki-a-csillarjat-a-szoba-meretenek-megfeleloen,https://www.alessandrodesign.ro/lustra-alessandro-design-olivia-at1ct-mv1a-ht2l-5530-4.html,LED LULUS KADE 120W távirányítóval,404,https://www.alessandrodesign.ro/products/lustra-led-cu-telecomanda-kade-72w-4-cercuri-lumina-rece-calda-neutra-dimabila-alb,,remove/manual
301,Hyperlink,https://www.alessandrodesign.hu/blogs/hir/az-5-legfontosabb-vilagito-testet-az-elethez,https://www.alessandrodesign.ro/lustra-alessandro-design-rustica-10e27-9006-64.html,Rusztikus csillár,200,https://www.alessandrodesign.ro/products/lustra-rustica-10-e27-maro-metal-si-sfoara,https://www.alessandrodesign.hu/products/rusztikus-csillar-10xe27-barna-fem-es-hur,replace
301,Hyperlink,https://www.alessandrodesign.hu/blogs/hir/hogyan-valassza-ki-a-csillarjat-a-szoba-meretenek-megfeleloen,https://www.alessandrodesign.ro/lustra-alessandro-design-ultra-slim-cloud-8067ext.html,LED LULUS BETTY 52W vezetékekkel,301,https://www.alessandrodesign.ro/products/lustra-led-44w-alb-betty-4-cercuri-dimabila-lumina-rece-calda-neutra,,remove/manual
301,Hyperlink,https://www.alessandrodesign.hu/blogs/hir/hogyan-valassza-ki-a-csillarjat-a-szoba-meretenek-megfeleloen,https://www.alessandrodesign.ro/lustra-alessandro-design-ultra-slim-cloud-maro-112w-8067-22m.html,LED LULUS LILO 52W távirányítóval,200,https://www.alessandrodesign.ro/collections/all,https://www.alessandrodesign.hu/collections/all,replace
301,Hyperlink,https://www.alessandrodesign.hu/blogs/hir/hogyan-valaszthatja-ki-a-csillarot-a-rendeltetesi-hely-szerint,https://www.alessandrodesign.ro/lustra-alessandro-design-ultra-slim-infiniti-48w-at1ct-vv1a-ht2l-19145.html,,200,https://www.alessandrodesign.ro/products/lustra-led-crinella-45w-diametru-45cm-lumina-rece-calda-neutra-alb,https://www.alessandrodesign.hu/products/led-csillar-crinella-45w-atmero-23cm-hideg-meleg-semleges-feny-feher,replace
301,Hyperlink,https://www.alessandrodesign.hu/blogs/hir/hogyan-valaszthatja-ki-a-csillarot-a-rendeltetesi-hely-szerint,https://www.alessandrodesign.ro/lustra-alessandro-design-ultra-slim-seas-at1ct-vv1a-ht2l-19096b.html,,200,https://www.alessandrodesign.ro/collections/lustre-led,https://www.alessandrodesign.hu/collections/led-csillarok,replace
301,Hyperlink,https://www.alessandrodesign.hu/blogs/hir/hogyan-valaszthatja-ki-a-csillarot-a-rendeltetesi-hely-szerint,https://www.alessandrodesign.ro/lustra-alisia-2e27-crom-metal-si-sticla.html,,200,https://www.alessandrodesign.ro/collections/all,https://www.alessandrodesign.hu/collections/all,replace
301,Hyperlink,https://www.alessandrodesign.hu/blogs/hir/hogyan-valaszthatja-ki-a-csillarot-a-rendeltetesi-hely-szerint,https://www.alessandrodesign.ro/lustra-iasmina-2e27-crom-metal-si-sticla.html,,200,https://www.alessandrodesign.ro/collections/lustre-led,https://www.alessandrodesign.hu/collections/led-csillarok,replace
301,Hyperlink,https://www.alessandrodesign.hu/blogs/hir/az-5-legjobb-vilagitovilagito-test,https://www.alessandrodesign.ro/lustra-led-1-1-1-1-1.html,A Lust LED LED AFINA távirányítóval,200,https://www.alessandrodesign.ro/collections/lustre-led,https://www.alessandrodesign.hu/collections/led-csillarok,replace
301,Hyperlink,https://www.alessandrodesign.hu/blogs/hir/hogyan-valassza-ki-a-csillarjat-a-szoba-meretenek-megfeleloen,https://www.alessandrodesign.ro/lustra-led-alessandro-design-codrina-100-w-605-500.html,"Lustra Codrina, 134W",200,https://www.alessandrodesign.ro/collections/all,https://www.alessandrodesign.hu/collections/all,replace
301,Hyperlink,https://www.alessandrodesign.hu/blogs/hir/hogyan-valassza-ki-a-csillarjat-a-szoba-meretenek-megfeleloen,https://www.alessandrodesign.ro/lustra-led-ami-842w-dimabila.html,LED LULUS LANDEN 184W távirányítóval,200,https://www.alessandrodesign.ro/products/lustra-led-cu-telecomanda-landen-184w-3-elemente-lumina-rece-calda-neutra-dimabila-alb,https://www.alessandrodesign.hu/products/led-csillar-taviranyitoval-landen-84w-3-elem-hideg-meleg-semleges-feny-szabalyozhato-feher,replace
301,Hyperlink,https://www.alessandrodesign.hu/blogs/hir/hogyan-valassza-ki-a-csillarjat-a-szoba-meretenek-megfeleloen,https://www.alessandrodesign.ro/lustra-led-carola-312w-dimabila.html,"LED LED AMI távirányítóval, 62W",200,https://www.alessandrodesign.ro/products/lustra-led-cu-telecomanda-landyn-37w-2-patrate-lumina-rece-calda-neutra-dimabila-alb,https://www.alessandrodesign.hu/products/led-csillar-taviranyitoval-landyn-37w-2-negyzet-hideg-meleg-semleges-feny-szabalyozhato-feher,replace
301,Hyperlink,https://www.alessandrodesign.hu/blogs/hir/az-5-legfontosabb-vilagito-testet-az-elethez,https://www.alessandrodesign.ro/lustra-led-cerc-acril-exterior-168w-dimabila.html,LED LED LUDE Circle távirányítóval,200,https://www.alessandrodesign.ro/collections/all,https://www.alessandrodesign.hu/collections/all,replace
301,Hyperlink,https://www.alessandrodesign.hu/blogs/hir/hogyan-valassza-ki-a-csillarjat-a-szoba-meretenek-megfeleloen,https://www.alessandrodesign.ro/lustra-led-cerc-cu-telecomanda-48w-negru-acril-dimabila.html,LED LULUS a Kaysen vezetőjével 44W,200,https://www.alessandrodesign.ro/products/lustra-led-cu-telecomanda-betty-27w-2-cercuri-lumina-rece-calda-neutra-dimabila-negru,https://www.alessandrodesign.hu/products/led-csillar-taviranyitoval-betty-27w-2-kor-hideg-meleg-semleges-feny-szabalyozhato-fekete,replace
301,Hyperlink,https://www.alessandrodesign.hu/blogs/hir/hogyan-valassza-ki-a-csillarjat-a-szoba-meretenek-megfeleloen,https://www.alessandrodesign.ro/lustra-led-cerc-cu-telecomanda-76w-dimabila-acril-negru.html,LED LULUS NATHANIEL REVÁTORÁS 4 CIRCLES 52W,200,https://www.alessandrodesign.ro/products/lustra-led-cu-telecomanda-betty-43w-4-cercuri-lumina-rece-calda-neutra-dimabila-negru,https://www.alessandrodesign.hu/products/led-csillar-taviranyitoval-betty-43w-4-kor-hideg-meleg-semleges-feny-szabalyozhato-fekete,replace
301,Hyperlink,https://www.alessandrodesign.hu/blogs/hir/a-dinu-maxer-haloszobajat-alessandro-design-vilagito-testekkel-felujitottak,https://www.alessandrodesign.ro/lustra-led-cu-telecomanda-elisabeth-104w-dimabila-alb-auriu.html,LED LED LUD Elisabeth Elisabeth 120W méretű fehérarany,301,https://www.alessandrodesign.ro/products/lustra-led-cu-telecomanda-rinova-72w-2-cercuri-lumina-rece-calda-neutra-dimabila-auriu-lucios,,remove/manual
301,Hyperlink,https://www.alessandrodesign.hu/blogs/hir/az-5-legjobb-vilagitovilagito-test,https://www.alessandrodesign.ro/lustra-led-feodora-cu-telecomanda-80w-acril-si-metal-alb-si-negru.html,A Lust LED Feodora távirányítóval,200,https://www.alessandrodesign.ro/collections/all,https://www.alessandrodesign.hu/collections/all,replace
301,Hyperlink,https://www.alessandrodesign.hu/blogs/hir/hogyan-valassza-ki-a-csillarjat-a-szoba-meretenek-megfeleloen,https://www.alessandrodesign.ro/lustra-led-gratiana-cu-telecomanda-220w-dimabila-auriu.html,"LED LED Gratiana távirányítóval, 220W",301,https://www.alessandrodesign.ro/products/lustra-led-cu-telecomanda-lyra-220w-4-cercuri-lumina-rece-calda-neutra-dimabila-auriu-lucios,,remove/manual
301,Hyperlink,https://www.alessandrodesign.hu/blogs/hir/az-ot-legfontosabb-vilagito-test-a-teremhez,https://www.alessandrodesign.ro/lustra-led-neptun-12-w-se-m0232rd.html,Neptune LED vágy,200,https://www.alessandrodesign.ro/collections/all,https://www.alessandrodesign.hu/collections/all,replace
301,Hyperlink,https://www.alessandrodesign.hu/blogs/hir/hogyan-valassza-ki-a-csillarjat-a-szoba-meretenek-megfeleloen,https://www.alessandrodesign.ro/lustra-led-olivia-80w-5530-3.html,LED vágy a Bellini 80W távirányítóval,404,https://www.alessandrodesign.ro/products/lustra-led-cu-telecomanda-kade-80w-3-cercuri-lumina-rece-calda-neutra-dimabila-alb,,remove/manual
301,Hyperlink,https://www.alessandrodesign.hu/blogs/hir/hogyan-valaszthatja-ki-a-csillarot-a-rendeltetesi-hely-szerint,https://www.alessandrodesign.ro/lustra-led-sabin-62w.html,,200,https://www.alessandrodesign.ro/collections/all,https://www.alessandrodesign.hu/collections/all,replace
301,Hyperlink,https://www.alessandrodesign.hu/blogs/hir/hogyan-valaszthatja-ki-a-csillarot-a-rendeltetesi-hely-szerint,https://www.alessandrodesign.ro/lustra-led-steluta-36w-dimabila.html,,200,https://www.alessandrodesign.ro/collections/lustre-led,https://www.alessandrodesign.hu/collections/led-csillarok,replace
301,Hyperlink,https://www.alessandrodesign.hu/blogs/hir/hogyan-valaszthatja-ki-a-csillarot-a-rendeltetesi-hely-szerint,https://www.alessandrodesign.ro/lustre-clasicecu-una-si-mai-multe-surse-de-iluminat,klasszikus csillárok,200,https://www.alessandrodesign.ro/collections/lustre-cu-bec,https://www.alessandrodesign.hu/collections/csillarok-2,replace
301,Hyperlink,https://www.alessandrodesign.hu/blogs/hir/a-led-csillarok-karbantartasa-tippek-a-maximalis-tartossaghoz-es-hatekonysaghoz,https://www.alessandrodesign.ro/lustre-led-cristale,LED -ek LED kristályokkal,200,https://www.alessandrodesign.ro/collections/lustre-led-cristal,https://www.alessandrodesign.hu/collections/kristaly-led-csillarok,replace
301,Hyperlink,https://www.alessandrodesign.hu/blogs/hir/hogyan-kell-helyesen-telepiteni-a-csillarot-lepesek-es-ajanlasok,https://www.alessandrodesign.ro/lustre-moderne,modern csillárok,200,https://www.alessandrodesign.ro/collections/lustre-moderne,https://www.alessandrodesign.hu/collections/modern-csillarok-1,replace
301,Hyperlink,https://www.alessandrodesign.hu/blogs/hir/kulonbsegek-marcello-es-korman-tukrok-kozott,https://www.alessandrodesign.ro/oglinda-led-touch-70x70-cm-1-1.html,"LED Touch Mirror, 70x70 cm",200,https://www.alessandrodesign.ro/products/oglinda-led-rotunda-70cm-lucea-touch-sistem-dezaburire-dimabila,https://www.alessandrodesign.hu/products/kerek-led-es-tukor-70cm-lucea-touch-paramentesito-rendszer-tompithato,replace
301,Hyperlink,https://www.alessandrodesign.hu/blogs/hir/kulonbsegek-marcello-es-korman-tukrok-kozott,https://www.alessandrodesign.ro/oglinda-led-touch-cu-senzor-sistem-dezaburire-si-ceas-rama-aurie-60x80-cm.html,"LED érintő tükör érzékelővel, letiltási rendszerrel és óra, aranykeret, 60x80 cm",301,https://www.alessandrodesign.ro/products/oglinda-led-rectangulara-60x80cm-verite-royale-gold-motionglow-marcello-sistem-dezaburire-termometru-si-ceas-dimabila,,remove/manual
301,Hyperlink,https://www.alessandrodesign.hu/blogs/hir/hogyan-lehet-helyesen-telepiteni-egy-led-tukrot-a-furdoszobaba-hasznos-tippek-a-tokeletes-eredmeny-erdekeben,https://www.alessandrodesign.ro/oglinzi-led-premium,Prémium LED -tükrök,200,https://www.alessandrodesign.ro/collections/oglinzi-led,https://www.alessandrodesign.hu/collections/led-tukrok,replace
301,Hyperlink,https://www.alessandrodesign.hu/pages/vissza,https://www.alessandrodesign.ro/pages/formular-retur,visszaküldési űrlap,200,https://www.alessandrodesign.ro/pages/formular-retur,https://www.alessandrodesign.hu/pages/visszakuldesi-urlap,replace
301,Hyperlink,https://www.alessandrodesign.hu/blogs/hir/hogyan-rendezzunk-be-egy-nappalit-autentikus-vintage-stilusban,https://www.alessandrodesign.ro/pages/showroom,az Alessandro Design bemutatóterem,200,https://www.alessandrodesign.ro/pages/showroom,https://www.alessandrodesign.hu/pages/bemutatoterem,replace
301,Hyperlink,https://www.alessandrodesign.hu/blogs/hir/az-5-legfontosabb-vilagito-testet-az-elethez,https://www.alessandrodesign.ro/pendul-alessandro-design-danemarca-2004-3.html,Dánia Pendul,200,https://www.alessandrodesign.ro/collections/all,https://www.alessandrodesign.hu/collections/all,replace
301,Hyperlink,https://www.alessandrodesign.hu/blogs/hir/az-ot-legfontosabb-vilagito-test-a-teremhez,https://www.alessandrodesign.ro/pendul-led-zavier-36w-cristal-metal.html,Az inga vezette Zavier -t,200,https://www.alessandrodesign.ro/collections/all,https://www.alessandrodesign.hu/collections/all,replace
301,Hyperlink,https://www.alessandrodesign.hu/blogs/hir/az-5-legjobb-vilagitovilagito-test,https://www.alessandrodesign.ro/pendul-mircea-3e27-multicolor-metal-6020-3.html,Pendul Mircea,200,https://www.alessandrodesign.ro/collections/all,https://www.alessandrodesign.hu/collections/all,replace
301,Hyperlink,https://www.alessandrodesign.hu/blogs/hir/az-ot-legfontosabb-vilagito-test-a-teremhez,https://www.alessandrodesign.ro/plafoniera-led-carusel-36w-8610-36w.html,Körhinta LED mennyezet,200,https://www.alessandrodesign.ro/collections/all,https://www.alessandrodesign.hu/collections/all,replace
301,Hyperlink,https://www.alessandrodesign.hu/blogs/hir/az-5-legfontosabb-vilagito-testet-az-elethez,https://www.alessandrodesign.ro/plafoniera-led-cuba-96w-dimabila.html,Kuba LED mennyezet távirányítóval,200,https://www.alessandrodesign.ro/collections/all,https://www.alessandrodesign.hu/collections/all,replace
301,Hyperlink,https://www.alessandrodesign.hu/blogs/hir/az-5-legjobb-vilagitovilagito-test,https://www.alessandrodesign.ro/plafoniera-led-platonia.html,LED Platonia mennyezet,200,https://www.alessandrodesign.ro/collections/all,https://www.alessandrodesign.hu/collections/all,replace
301,Hyperlink,https://www.alessandrodesign.hu/blogs/hir/luster-vs-alkalmazas-mit-valasztunk-a-haz-minden-helyere,https://www.alessandrodesign.ro/products/aplica-de-baie-rosa-36w-crom-lumina-rece-calda-neutra,itt,404,https://www.alessandrodesign.ro/products/aplica-de-baie-rosa-36w-crom-lumina-rece-calda-neutra,,remove/manual
301,Hyperlink,https://www.alessandrodesign.hu/blogs/elrendezesi-tippek/rusztikus-belsoepiteszet-inspiralo-otletek-es-alapveto-dekorativ-elemek,https://www.alessandrodesign.ro/products/aplica-led-decorativa-luna-27w-diametru-50cm-3000-4000-6000k,itt,200,https://www.alessandrodesign.ro/products/aplica-led-decorativa-luna-34w-diametru-50cm-3000-4000-6000k,https://www.alessandrodesign.hu/products/dekorativ-led-fali-lampa-taviranyitoval-hold-34w-atmero-50cm-meleg-feny-semleges-hideg-3000-4000-6000k,replace
301,Hyperlink,https://www.alessandrodesign.hu/blogs/elrendezesi-tippek/hogyan-valasszuk-ki-a-kulteri-alkalmazast-a-modern-es-funkcionalis-megjeleneshez,https://www.alessandrodesign.ro/products/aplica-led-exterior-kylo-9w-negru,itt,404,https://www.alessandrodesign.ro/products/aplica-led-exterior-kylo-9w-negru,,remove/manual
301,Hyperlink,https://www.alessandrodesign.hu/pages/elrendezesi-otletek,https://www.alessandrodesign.ro/products/aplica-led-lyra-18w-acril-alb-negru,,200,https://www.alessandrodesign.ro/products/aplica-led-lyra-18w-acril-alb-negru,https://www.alessandrodesign.hu/products/lyra-led-fali-lampa-18w-akril-fekete-feher,replace
301,Hyperlink,https://www.alessandrodesign.hu/blogs/hir/mit-jelent-a-cct-a-led-szalagokban-es-hogyan-befolyasolja-a-fenyt,https://www.alessandrodesign.ro/products/banda-led-r2835-12v-5m-ip20-6400k,LED szalag R2835 12V 5m IP20 6400K,404,https://www.alessandrodesign.ro/products/banda-led-r2835-12v-5m-ip20-6400k,,remove/manual
301,Hyperlink,https://www.alessandrodesign.hu/blogs/hir/mit-jelent-a-cct-a-led-szalagokban-es-hogyan-befolyasolja-a-fenyt,https://www.alessandrodesign.ro/products/banda-led-r2835-9-6w-m-12v-5m-ip20-2700k,"LED szalag R2835 9,6W/m 12V 5m IP20 2700K",404,https://www.alessandrodesign.ro/products/banda-led-r2835-9-6w-m-12v-5m-ip20-2700k,,remove/manual
301,Hyperlink,https://www.alessandrodesign.hu/blogs/hir/mit-jelent-a-cct-a-led-szalagokban-es-hogyan-befolyasolja-a-fenyt,https://www.alessandrodesign.ro/products/banda-led-r5050-12v-5m-ip20-2700k,LED szalag R5050 12V 5m IP20 2700K,404,https://www.alessandrodesign.ro/products/banda-led-r5050-12v-5m-ip20-2700k,,remove/manual
301,Hyperlink,https://www.alessandrodesign.hu/blogs/hir/mit-jelent-a-cct-a-led-szalagokban-es-hogyan-befolyasolja-a-fenyt,https://www.alessandrodesign.ro/products/banda-led-rigida-5730-7w-ip65-6400k,merev LED szalag 5730 7W IP65 6400K,404,https://www.alessandrodesign.ro/products/banda-led-rigida-5730-7w-ip65-6400k,,remove/manual
301,Hyperlink,https://www.alessandrodesign.hu/pages/elrendezesi-otletek,https://www.alessandrodesign.ro/products/baterie-de-podea-cu-cadru-patrat-alama-sanitara-negru-cf2036,,200,https://www.alessandrodesign.ro/products/baterie-de-podea-cu-cadru-patrat-alama-sanitara-negru-cf2036,https://www.alessandrodesign.hu/products/padlocsap-negyszogletes-kerettel-sargarez-fekete-cf2036,replace
301,Hyperlink,https://www.alessandrodesign.hu/pages/elrendezesi-otletek,https://www.alessandrodesign.ro/products/baterie-de-podea-cu-para-si-furtun-alama-sanitara-auriu-cf2037,,200,https://www.alessandrodesign.ro/products/baterie-de-podea-cu-para-si-furtun-alama-sanitara-auriu-cf2037,https://www.alessandrodesign.hu/products/padlocsap-csovel-es-tomlovel-sargarez-arany-cf2037,replace
301,Hyperlink,https://www.alessandrodesign.hu/pages/elrendezesi-otletek,https://www.alessandrodesign.ro/products/baterie-lavoar-alama-sanitara-auriu-cf101-a?_pos=1&_fid=f0bbf59a2&_ss=c,,200,https://www.alessandrodesign.ro/products/baterie-lavoar-alama-sanitara-auriu-cf101-a?_pos=1&_fid=f0bbf59a2&_ss=c,https://www.alessandrodesign.hu/products/mosdo-csaptelep-szaniter-sargarez-arany-cf101-a,replace
301,Hyperlink,https://www.alessandrodesign.hu/pages/elrendezesi-otletek,https://www.alessandrodesign.ro/products/baterie-lavoar-alama-sanitara-satinat-9807n,,200,https://www.alessandrodesign.ro/products/baterie-lavoar-alama-sanitara-satinat-9807n,https://www.alessandrodesign.hu/products/mosdo-csaptelep-szaniter-sargarez-szaten-9807n,replace
301,Hyperlink,https://www.alessandrodesign.hu/blogs/hir/teljes-utmutato-a-mosogato-akkumulatorok-karbantartasahoz-tippek-es-trukkok,https://www.alessandrodesign.ro/products/baterie-lavoar-crom-lumina-rgb-schimbare-de-culoare-in-functie-de-temperatura-apei-od3014,itt,200,https://www.alessandrodesign.ro/products/baterie-lavoar-crom-lumina-rgb-schimbare-de-culoare-in-functie-de-temperatura-apei-od3010,https://www.alessandrodesign.hu/products/mosogato-csaptelep-krom-rgb-feny-szinvaltoztatas-a-viz-homersekletetol-fuggoen-od3010,replace
301,Hyperlink,https://www.alessandrodesign.hu/pages/elrendezesi-otletek,https://www.alessandrodesign.ro/products/baterie-lavoar-inox-sus304-satinat-mp007,,200,https://www.alessandrodesign.ro/products/baterie-lavoar-inox-sus304-satinat-mp007,https://www.alessandrodesign.hu/products/mosogato-csaptelep-rozsdamentes-acel-sus304-szaten-kivitel-mp007,replace
301,Hyperlink,https://www.alessandrodesign.hu/blogs/hir/mennyit-fogyaszt-egy-led-minden-amit-a-led-ek-hatekonysagarol-tudni-kell,https://www.alessandrodesign.ro/products/bec-led-filament-amber-e27-4w-2500k-18cm,izzószálas LED izzó 4W E27,404,https://www.alessandrodesign.ro/products/bec-led-filament-amber-e27-4w-2500k-18cm,,remove/manual
301,Hyperlink,https://www.alessandrodesign.hu/pages/elrendezesi-otletek,https://www.alessandrodesign.ro/products/cada-freestanding-drepuntghiulara-acril-lemon-yellow-170x78x60-cm,,200,https://www.alessandrodesign.ro/products/cada-freestanding-drepuntghiulara-acril-lemon-yellow-170x78x60-cm,,remove/manual
301,Hyperlink,https://www.alessandrodesign.hu/pages/elrendezesi-otletek,https://www.alessandrodesign.ro/products/cadita-de-dus-patrata-90x90-cm-slim-3-cm-alb-lucios?_pos=2&_sid=c42111b3f&_ss=r,,200,https://www.alessandrodesign.ro/products/cadita-de-dus-patrata-90x90-cm-slim-3-cm-alb-lucios?_pos=2&_sid=c42111b3f&_ss=r,https://www.alessandrodesign.hu/products/negyzet-alaku-zuhanytalca-90x90-cm-vekony-3-cm-fenyes-feher,replace
301,Hyperlink,https://www.alessandrodesign.hu/blogs/hir/hogyan-valasszuk-ki-a-megfelelo-vilagitotestet-minden-helyiseghez-a-teljes-utmutato,https://www.alessandrodesign.ro/products/candelabru-cristal-arian-4x-e27-auriu,itt,200,https://www.alessandrodesign.ro/products/candelabru-cristal-arian-4x-e27-auriu,https://www.alessandrodesign.hu/products/arian-kristalycsillar-4x-e27-arany,replace
301,Hyperlink,https://www.alessandrodesign.hu/pages/elrendezesi-otletek,https://www.alessandrodesign.ro/products/coloana-dus-inox-sus304-negru-hs005,,200,https://www.alessandrodesign.ro/products/coloana-dus-inox-sus304-negru-hs005,https://www.alessandrodesign.hu/products/zuhanyoszlop-rozsdamentes-acel-sus304-fekete-hs005,replace
301,Hyperlink,https://www.alessandrodesign.hu/blogs/hir/hogyan-lehet-tokeletes-kornyezeti-megvilagitast-letrehozni-a-kert-nyari-esteire,https://www.alessandrodesign.ro/products/fantas-200w-smd-led-proiector-6500k-ip65,itt,404,https://www.alessandrodesign.ro/products/fantas-200w-smd-led-proiector-6500k-ip65,,remove/manual
301,Hyperlink,https://www.alessandrodesign.hu/blogs/hir/vilagitasi-trendek-2026-ban-milyen-vilagitotesteket-valasszunk,https://www.alessandrodesign.ro/products/lampadar-anatolio-led-24w-4000kmetal-negru,Anatolio LED lámpa,200,https://www.alessandrodesign.ro/products/lampadar-anatolio-led-24w-4000kmetal-negru,https://www.alessandrodesign.hu/products/anatolio-led-lampa-24w-4000kfem-fekete,replace
301,Hyperlink,https://www.alessandrodesign.hu/blogs/hir/vilagitasi-trendek-2026-ban-milyen-vilagitotesteket-valasszunk,https://www.alessandrodesign.ro/products/lampadar-led-luxurious-din-rasina-multicolor,Luxus LED csillár,200,https://www.alessandrodesign.ro/products/lampadar-led-luxurious-din-rasina-multicolor,https://www.alessandrodesign.hu/products/tobbszinu-gyantabol-keszult-luxus-led-lampa,replace
301,Hyperlink,https://www.alessandrodesign.hu/blogs/hir/vilagitasi-trendek-2026-ban-milyen-vilagitotesteket-valasszunk,https://www.alessandrodesign.ro/products/lampadar-led-upsilon-27w-3000k-4000k-6000k-metal-si-acril-negru,Upsilon LED lámpa,200,https://www.alessandrodesign.ro/products/lampadar-led-upsilon-27w-3000k-4000k-6000k-metal-si-acril-negru,https://www.alessandrodesign.hu/products/upsilon-led-lampa-27w-3000k-4000k-6000k-fem-es-akril-fekete,replace
301,Hyperlink,https://www.alessandrodesign.hu/blogs/hir/ipari-stilus-otthonaban-teljes-utmutato-a-megfelelo-vilagitasi-rendszer-kivalasztasahoz,https://www.alessandrodesign.ro/products/lampadar-led-upsilon-48w-3000k-4000k-6000k-metal-si-acril-negru,itt,200,https://www.alessandrodesign.ro/products/lampadar-led-upsilon-27w-3000k-4000k-6000k-metal-si-acril-negru,https://www.alessandrodesign.hu/products/upsilon-led-lampa-27w-3000k-4000k-6000k-fem-es-akril-fekete,replace
301,Hyperlink,https://www.alessandrodesign.hu/blogs/hir/ipari-stilus-otthonaban-teljes-utmutato-a-megfelelo-vilagitasi-rendszer-kivalasztasahoz,https://www.alessandrodesign.ro/products/lustra-fresi-3-e27-metal-negru,itt,404,https://www.alessandrodesign.ro/products/lustra-fresi-3-e27-metal-negru,,remove/manual
301,Hyperlink,https://www.alessandrodesign.hu/blogs/hir/mi-a-fenyintenzitas-es-hogyan-befolyasolja-az-otthoni-vilagitast,https://www.alessandrodesign.ro/products/lustra-led-cu-telecomanda-brigitte-6-cercuri-82w-lumina-rece-calda-neutra-dimabila-alb,"Brigitte távirányítós LED csillár 6 körrel, szabályozható",200,https://www.alessandrodesign.ro/products/lustra-led-cu-telecomanda-betty-82w-6-cercuri-lumina-rece-calda-neutra-dimabila-alb,https://www.alessandrodesign.hu/products/led-csillar-taviranyitoval-betty-82w-6-kor-hideg-meleg-semleges-feny-szabalyozhato-feher,replace
301,Hyperlink,https://www.alessandrodesign.hu/blogs/hir/hogyan-valasszuk-ki-a-megfelelo-vilagitotestet-minden-helyiseghez-a-teljes-utmutato,https://www.alessandrodesign.ro/products/lustra-led-suspendata-cu-telecomanda-wave-105w-inaltime-reglabila-lumina-rece-calda-neutra-dimabila-alb,itt,200,https://www.alessandrodesign.ro/products/lustra-led-suspendata-cu-telecomanda-wave-89w-liniara-lumina-rece-calda-neutra-dimabila-alb-inaltime-reglabila,https://www.alessandrodesign.hu/products/fuggesztett-led-csillar-wave-89w-taviranyitoval-linearis-hideg-meleg-semleges-feny-szabalyozhato-feher-allithato-magassagu,replace
301,Hyperlink,https://www.alessandrodesign.hu/pages/elrendezesi-otletek,https://www.alessandrodesign.ro/products/lustra-led-vertex-32w-3-patrate-liniara-lumina-rece-calda-neutra-neagra,,200,https://www.alessandrodesign.ro/products/lustra-led-vertex-34w-3-patrate-liniara-lumina-rece-calda-neutra-neagra,https://www.alessandrodesign.hu/products/led-csillar-vertex-34w-3-negyzet-linearis-hideg-meleg-semleges-feny-fekete,replace
301,Hyperlink,https://www.alessandrodesign.hu/blogs/elrendezesi-tippek/rusztikus-belsoepiteszet-inspiralo-otletek-es-alapveto-dekorativ-elemek,https://www.alessandrodesign.ro/products/lustra-vintage-cu-franghie-pedro-8xe27-lemn-inchis,itt,200,https://www.alessandrodesign.ro/products/lustra-vintage-cu-franghie-pedro-8xe27-lemn-maro,https://www.alessandrodesign.hu/products/vintage-csillar-kotellel-pedro-8-x-e27-barna-fem,replace
301,Hyperlink,https://www.alessandrodesign.hu/blogs/hir/hogyan-rendezzunk-be-egy-nappalit-autentikus-vintage-stilusban,https://www.alessandrodesign.ro/products/lustra-vintage-tip-pendul-cu-brate-cottage-circulara-5xe27-sticla-si-metal-alb,Házi függőlámpa fehér karokkal,200,https://www.alessandrodesign.ro/products/lustra-vintage-tip-pendul-cu-brate-cottage-circulara-5xe27-sticla-si-metal-alb,https://www.alessandrodesign.hu/products/vintage-csillar-fuggesztett-tipusu-karokkal-vakaz-kor-alaku-5xe27-uveg-es-fem-feher,replace
301,Hyperlink,https://www.alessandrodesign.hu/pages/elrendezesi-otletek,https://www.alessandrodesign.ro/products/oglinda-led-ovala-50x80cm-alessia-motionglow-marcello-sistem-dezaburire-ceas-termometru-dimabila,,200,https://www.alessandrodesign.ro/products/oglinda-led-ovala-50x80cm-alessia-motionglow-marcello-sistem-dezaburire-ceas-termometru-dimabila,https://www.alessandrodesign.hu/products/ovalis-led-tukor-50x80cm-alessia-motionglow-marcello-paramentesito-rendszer-ora-es-homero-tompithato,replace
301,Hyperlink,https://www.alessandrodesign.hu/blogs/hir/kor-alaku-led-es-tukor-a-negyzet-alaku-led-es-tukorrel-szemben-melyik-illik-jobban,https://www.alessandrodesign.ro/products/oglinda-led-rectangulara-100x65cm-verite-majeste-noir-motion-glow-marcello-sistem-dezaburire-ceas-termometru-dimabila,itt,200,https://www.alessandrodesign.ro/products/oglinda-led-rectangulara-100x65cm-verite-majeste-noir-motion-glow-marcello-sistem-dezaburire-ceas-termometru-dimabila,https://www.alessandrodesign.hu/products/negyszogletu-led-tukor-100x65-cm-verite-majeste-noir-motion-glow-marcello-paramentesito-rendszer-ora-es-homero-szabalyozhato,replace
301,Hyperlink,https://www.alessandrodesign.hu/pages/elrendezesi-otletek,https://www.alessandrodesign.ro/products/oglinda-led-rectangulara-120x80cm-eclat-motionglow-marcello-sistem-dezaburire-ceas-termometru-lupa-cosmetica-dimabila,,200,https://www.alessandrodesign.ro/products/oglinda-led-rectangulara-120x80cm-eclat-motionglow-marcello-sistem-dezaburire-ceas-termometru-lupa-cosmetica-dimabila,https://www.alessandrodesign.hu/products/negyszogletu-led-es-tukor-120x80cm-eclat-motionglow-marcello-paramentesito-rendszer-ora-es-homero-kozmetikai-nagyito-szabalyozhato,replace
301,Hyperlink,https://www.alessandrodesign.hu/blogs/hir/hogyan-tervezzunk-egy-kis-furdoszobat-trukkok-a-hely-maximalizalasara,https://www.alessandrodesign.ro/products/oglinda-led-rotunda-50cm-noxia-touch-sistem-dezaburire-dimabila,"Noxia Touch Round LED tükör, 50 cm",200,https://www.alessandrodesign.ro/products/oglinda-led-rotunda-50cm-noxia-touch-sistem-dezaburire-dimabila,https://www.alessandrodesign.hu/products/led-kerek-tukor-50-cm-noxia-touch-hideg-feny-paramentesito-rendszer-szabalyozhato,replace
301,Hyperlink,https://www.alessandrodesign.hu/blogs/hir/hogyan-tervezzunk-egy-kis-furdoszobat-trukkok-a-hely-maximalizalasara,https://www.alessandrodesign.ro/products/oglinda-led-rotunda-60cm-spectrum-touch-rgb-sistem-dezaburire,"Spectrum Touch Round LED tükör, 60 cm, RGB",200,https://www.alessandrodesign.ro/products/oglinda-led-rotunda-60cm-spectrum-touch-rgb-sistem-dezaburire,https://www.alessandrodesign.hu/products/kerek-led-es-tukor-60cm-spectrum-touch-rgb-paramentesito-rendszer,replace
301,Hyperlink,https://www.alessandrodesign.hu/blogs/hir/hogyan-tervezzunk-egy-kis-furdoszobat-trukkok-a-hely-maximalizalasara,https://www.alessandrodesign.ro/products/oglinda-led-rotunda-70cm-lucea-touch-sistem-dezaburire-dimabila,"Lucea Touch Round LED tükör, 70 cm",200,https://www.alessandrodesign.ro/products/oglinda-led-rotunda-70cm-lucea-touch-sistem-dezaburire-dimabila,https://www.alessandrodesign.hu/products/kerek-led-es-tukor-70cm-lucea-touch-paramentesito-rendszer-tompithato,replace
301,Hyperlink,https://www.alessandrodesign.hu/pages/elrendezesi-otletek,https://www.alessandrodesign.ro/products/oglinda-led-rotunda-80cm-celeste-majeste-noir-motionglow-marcello-sistem-dezaburire-ceas-termometru-dimabila,,200,https://www.alessandrodesign.ro/products/oglinda-led-rotunda-80cm-celeste-majeste-noir-motionglow-marcello-sistem-dezaburire-ceas-termometru-dimabila,https://www.alessandrodesign.hu/products/led-kerek-tukor-80-cm-celeste-majeste-noir-motionglow-marcello-paramentesito-rendszer-ora-es-homero-szabalyozhato,replace
301,Hyperlink,https://www.alessandrodesign.hu/blogs/hir/hogyan-tervezzunk-egy-kis-furdoszobat-trukkok-a-hely-maximalizalasara,https://www.alessandrodesign.ro/products/oglinda-led-touch-lusso-sistem-dezaburire-ceas-si-temperatura-50-cm-rama-auriu-brushed,"LED Touch LUSSO tükör, 50 cm, Brushed Gold keret",200,https://www.alessandrodesign.ro/products/oglinda-led-touch-lusso-sistem-dezaburire-ceas-si-temperatura-50-cm-rama-auriu-brushed,https://www.alessandrodesign.hu/products/lusso-led-erintotukor-paramentesito-rendszer-ora-es-homerseklet-50-cm-szalcsiszolt-arany-keret,replace
301,Hyperlink,https://www.alessandrodesign.hu/blogs/hir/vilagitasi-trendek-2026-ban-milyen-vilagitotesteket-valasszunk,https://www.alessandrodesign.ro/products/plafoniera-led-pl103-520bk-29w-diametru-50cm-lumina-calda-rece-neutra-negru,PL103/520BK mennyezeti lámpa,200,https://www.alessandrodesign.ro/products/plafoniera-led-pl103-520bk-29w-diametru-50cm-lumina-calda-rece-neutra-negru,https://www.alessandrodesign.hu/products/led-mennyezeti-lampa-taviranyitoval-pl103-520bk-29w-atmero-50cm-meleg-hideg-semleges-feny-fekete,replace
301,Hyperlink,https://www.alessandrodesign.hu/blogs/hir/vilagitasi-trendek-2026-ban-milyen-vilagitotesteket-valasszunk,https://www.alessandrodesign.ro/products/plafoniera-led-solis-27cm-20w-lumina-rece-negru,Solis mennyezeti lámpa,200,https://www.alessandrodesign.ro/products/plafoniera-led-solis-27cm-20w-lumina-rece-negru,https://www.alessandrodesign.hu/products/solis-led-mennyezeti-lampa-27cm-20w-cold-light-fekete,replace
301,Hyperlink,https://www.alessandrodesign.hu/blogs/hir/hogyan-tervezzunk-egy-kis-furdoszobat-trukkok-a-hely-maximalizalasara,https://www.alessandrodesign.ro/products/set-mobilier-pentru-baie-60x50cm-2-piese-negru,"fürdőszoba bútor garnitúra 60x50cm - 2 db, fekete",200,https://www.alessandrodesign.ro/products/set-mobilier-pentru-baie-60x50cm-2-piese-negru,,remove/manual
301,Hyperlink,https://www.alessandrodesign.hu/blogs/hir/hogyan-valasszuk-ki-a-megfelelo-haloszobalampat-teljes-utmutato-a-stilushoz-es-a-funkciohoz,https://www.alessandrodesign.ro/products/veioza-mackenzie-1x-e27-negru-auriu,a Mackenzie-lámpát,200,https://www.alessandrodesign.ro/products/veioza-mackenzie-1x-e27-negru-auriu,https://www.alessandrodesign.hu/products/mackenzie-lampa-1x-e27-black-gold,replace
301,Hyperlink,https://www.alessandrodesign.hu/blogs/hir/hogyan-valasszuk-ki-a-megfelelo-haloszobalampat-teljes-utmutato-a-stilushoz-es-a-funkciohoz,https://www.alessandrodesign.ro/products/veioza-sophias-1x-e27-auriu,Sophia lámpája,404,https://www.alessandrodesign.ro/products/veioza-sophias-1x-e27-auriu,,remove/manual
301,Hyperlink,https://www.alessandrodesign.hu/pages/gyakori-kerdesek,https://www.alessandrodesign.ro/retur,A visszatérő szakasz,200,https://www.alessandrodesign.ro/pages/retur,https://www.alessandrodesign.hu/pages/vissza,replace
301,Hyperlink,https://www.alessandrodesign.hu/blogs/hir/hogyan-lehet-megfeleloen-felszerelni-a-furdo-akkumulatort-lepes-lepcso-utmutato,https://www.alessandrodesign.ro/sanitare,minőségi egészségügyi áruk,200,https://www.alessandrodesign.ro/collections/baie,https://www.alessandrodesign.hu/collections/furdoszoba-1,replace
301,Hyperlink,https://www.alessandrodesign.hu/blogs/hir/minden-amit-tudnod-kell-az-egeszsegugyi-akkumulatorokrol,https://www.alessandrodesign.ro/set-baterie-duspara-si-furtun-dusstarke-inox-sus304-ly007.html,A zuhany akkumulátor/ugrás és rozsdamentes acél rozsdamentes acél tömlő 304,200,https://www.alessandrodesign.ro/products/baterie-baie-inox-sus304-satinat-ly007,https://www.alessandrodesign.hu/products/furdoszoba-csaptelep-rozsdamentes-acel-sus304-szaten-kivitel-ly007,replace
301,Hyperlink,https://www.alessandrodesign.hu/blogs/hir/hogyan-lehet-megfeleloen-felszerelni-a-furdo-akkumulatort-lepes-lepcso-utmutato,https://www.alessandrodesign.ro/seturi-de-mobilier-pentru-baie,Prémium fürdőbútor,200,https://www.alessandrodesign.ro/collections/mobilier-baie,https://www.alessandrodesign.hu/collections/furdoszoba-butor,replace
301,Hyperlink,https://www.alessandrodesign.hu/blogs/hir/alkalmazas-rogzitese-lepesek-es-tippek-a-helyes-telepiteshez,https://www.alessandrodesign.ro/spoturi,LED -foltok,200,https://www.alessandrodesign.ro/collections/spoturi,https://www.alessandrodesign.hu/collections/foltok,replace
301,Hyperlink,https://www.alessandrodesign.hu/pages/vissza,https://www.alessandrodesign.ro/termeni-si-conditii,Általános Szerződési Feltételek oldalon,200,https://www.alessandrodesign.ro/policies/privacy-policy,https://www.alessandrodesign.hu/policies/privacy-policy,replace
301,Hyperlink,https://www.alessandrodesign.hu/policies/terms-of-service,https://www.alessandrodesign.ro/upload/userfiles/files/Regulament_Black_Friday_2024_Alessandro_Design.pdf,Kattintson ide a 2024 -es fekete péntek kampányszabályozásának megtekintéséhez,404,https://www.alessandrodesign.ro/upload/userfiles/files/Regulament_Black_Friday_2024_Alessandro_Design.pdf,,remove/manual
301,Hyperlink,https://www.alessandrodesign.hu/blogs/hir/garantalja-az-altalanos-fogalmakat,https://alessandrodesign.ro/cum-trimitem-in-garantie,"Olvassa el a cikket, hogyan küldök egy terméket garancia alatt!",200,https://www.alessandrodesign.ro/pages/garantie,https://www.alessandrodesign.hu/pages/garancia,replace
301,Hyperlink,https://www.alessandrodesign.hu/blogs/hir/garantalja-az-altalanos-fogalmakat-1,https://alessandrodesign.ro/cum-trimitem-in-garantie,"Olvassa el a cikket, hogyan küldök egy terméket garancia alatt!",200,https://www.alessandrodesign.ro/pages/garantie,https://www.alessandrodesign.hu/pages/garancia,replace
301,Hyperlink,https://www.alessandrodesign.hu/blogs/hir/a-legalacsonyabb-ar-alessandro-design,https://www.alessandrodesign.ro/?utm_param=no_promotion,Alessandro Design,200,https://www.alessandrodesign.ro/?utm_param=no_promotion,https://www.alessandrodesign.hu/,replace
301,Hyperlink,https://www.alessandrodesign.hu/blogs/hir/alessandro-design-olcso-lampatestek,https://www.alessandrodesign.ro/?utm_param=no_promotion,Cégünk,200,https://www.alessandrodesign.ro/?utm_param=no_promotion,https://www.alessandrodesign.hu/,replace
301,Hyperlink,https://www.alessandrodesign.hu/pages/ugyfelkepek,https://www.alessandrodesign.ro/aplica-exterior-alessandro-design-angela-10w-8609bk.html,,404,https://www.alessandrodesign.ro/products/aplica-exterior-angela-10w-negru,,remove/manual
301,Hyperlink,https://www.alessandrodesign.hu/pages/ugyfelkepek,https://www.alessandrodesign.ro/aplica-exterior-alessandro-design-angela-10w-8609bk.html,NÉZD MEG A TERMÉKET,404,https://www.alessandrodesign.ro/products/aplica-exterior-angela-10w-negru,,remove/manual
301,Hyperlink,https://www.alessandrodesign.hu/pages/ugyfelkepek,https://www.alessandrodesign.ro/aplica-led-alexandra-24w-auriu.html,,200,https://www.alessandrodesign.ro/products/aplica-led-manara-24w-auriu-lumina-rece-calda-neutra,https://www.alessandrodesign.hu/products/manara-led-fali-lampa-24w-arany-hideg-meleg-semleges-feny,replace
301,Hyperlink,https://www.alessandrodesign.hu/pages/ugyfelkepek,https://www.alessandrodesign.ro/aplica-led-alexandra-24w-auriu.html,NÉZD MEG A TERMÉKET,200,https://www.alessandrodesign.ro/products/aplica-led-manara-24w-auriu-lumina-rece-calda-neutra,https://www.alessandrodesign.hu/products/manara-led-fali-lampa-24w-arany-hideg-meleg-semleges-feny,replace
301,Hyperlink,https://www.alessandrodesign.hu/blogs/hir/alkalmazas-rogzitese-lepesek-es-tippek-a-helyes-telepiteshez,https://www.alessandrodesign.ro/aplice,Fal,200,https://www.alessandrodesign.ro/collections/aplice,https://www.alessandrodesign.hu/collections/alkalmazni,replace
301,Hyperlink,https://www.alessandrodesign.hu/blogs/hir/hogyan-kell-helyesen-telepiteni-a-csillarot-lepesek-es-ajanlasok,https://www.alessandrodesign.ro/aplice,Jelentkezem a nappaliba,200,https://www.alessandrodesign.ro/collections/aplice,https://www.alessandrodesign.hu/collections/alkalmazni,replace
301,Hyperlink,https://www.alessandrodesign.hu/blogs/hir/oglinzi-led-pentru-baie-matrimoniala-idei-elegante-pentru-un-efect-wow,https://www.alessandrodesign.ro/blogs/news/cum-sa-alegi-oglinda-led-potrivita-in-functie-de-camera-in-care-o-vei-instala,https://www.alessandrodesign.ro/blogs/news/cum-sa-alegi-oglinda-led-potrivita-in-functie-de-camera-in-care-o-vei-instala,200,https://www.alessandrodesign.ro/blogs/news/cum-sa-alegi-oglinda-led-potrivita-in-functie-de-camera-in-care-o-vei-instala,https://www.alessandrodesign.hu/blogs/hir/hogyan-valasszuk-ki-a-megfelelo-led-es-tukrot-aszerint-hogy-melyik-helyisegbe-helyezzuk,replace
301,Hyperlink,https://www.alessandrodesign.hu/blogs/hir/kor-alaku-led-es-tukor-a-negyzet-alaku-led-es-tukorrel-szemben-melyik-illik-jobban,https://www.alessandrodesign.ro/blogs/news/cum-sa-alegi-oglinda-led-potrivita-in-functie-de-camera-in-care-o-vei-instala,"Tudja meg, hogyan válassza ki a helyiségnek megfelelő LED tükröt!",200,https://www.alessandrodesign.ro/blogs/news/cum-sa-alegi-oglinda-led-potrivita-in-functie-de-camera-in-care-o-vei-instala,https://www.alessandrodesign.hu/blogs/hir/hogyan-valasszuk-ki-a-megfelelo-led-es-tukrot-aszerint-hogy-melyik-helyisegbe-helyezzuk,replace
301,Hyperlink,https://www.alessandrodesign.hu/blogs/hir/cum-integrezi-banda-led-in-amenajarea-casei-tale-idei-practice,https://www.alessandrodesign.ro/blogs/news/informatii-utile-despre-benzi-led,informații utile despre benzi LED,200,https://www.alessandrodesign.ro/blogs/news/informatii-utile-despre-benzi-led,https://www.alessandrodesign.hu/blogs/hir/hasznos-informaciok-a-led-szalagokrol,replace
301,Hyperlink,https://www.alessandrodesign.hu/blogs/hir/mit-jelent-a-cct-a-led-szalagokban-es-hogyan-befolyasolja-a-fenyt,https://www.alessandrodesign.ro/blogs/news/informatii-utile-despre-benzi-led,hasznos információk a LED szalagokról,200,https://www.alessandrodesign.ro/blogs/news/informatii-utile-despre-benzi-led,https://www.alessandrodesign.hu/blogs/hir/hasznos-informaciok-a-led-szalagokrol,replace
301,Hyperlink,https://www.alessandrodesign.hu/blogs/hir/hogyan-alakitsunk-at-egy-kis-studiot-modern-es-vilagos-terre,https://www.alessandrodesign.ro/blogs/news/lumina-calda-vs-lumina-rece-care-e-diferenta-si-cum-influenteaza-atmosfera,Meleg fény kontra hideg fény,200,https://www.alessandrodesign.ro/blogs/news/lumina-calda-vs-lumina-rece-care-e-diferenta-si-cum-influenteaza-atmosfera,https://www.alessandrodesign.hu/blogs/hir/meleg-feny-vs-hideg-feny-mi-a-kulonbseg-es-hogyan-befolyasolja-a-legkort,replace
301,Hyperlink,https://www.alessandrodesign.hu/blogs/hir/vilagitasi-trendek-2026-ban-milyen-vilagitotesteket-valasszunk,https://www.alessandrodesign.ro/blogs/news/lumina-calda-vs-lumina-rece-care-e-diferenta-si-cum-influenteaza-atmosfera,Színhőmérséklet,200,https://www.alessandrodesign.ro/blogs/news/lumina-calda-vs-lumina-rece-care-e-diferenta-si-cum-influenteaza-atmosfera,https://www.alessandrodesign.hu/blogs/hir/meleg-feny-vs-hideg-feny-mi-a-kulonbseg-es-hogyan-befolyasolja-a-legkort,replace
301,Hyperlink,https://www.alessandrodesign.hu/blogs/hir/cum-integrezi-banda-led-in-amenajarea-casei-tale-idei-practice,https://www.alessandrodesign.ro/blogs/news/rgb-vs-led-lumina-rece-calda-neutra,"RGB vs. LED – lumină rece, caldă sau neutră",200,https://www.alessandrodesign.ro/blogs/news/rgb-vs-led-lumina-rece-calda-neutra,https://www.alessandrodesign.hu/blogs/hir/rgb-vs-led-hideg-meleg-semleges-feny,replace
301,Hyperlink,https://www.alessandrodesign.hu/blogs/hir/ce-diferența-este-intre-lumina-calda-neutra-și-rece,https://www.alessandrodesign.ro/blogs/news/rgb-vs-led-lumina-rece-calda-neutra,https://www.alessandrodesign.ro/blogs/news/rgb-vs-led-lumina-rece-calda-neutra,200,https://www.alessandrodesign.ro/blogs/news/rgb-vs-led-lumina-rece-calda-neutra,https://www.alessandrodesign.hu/blogs/hir/rgb-vs-led-hideg-meleg-semleges-feny,replace
301,Hyperlink,https://www.alessandrodesign.hu/blogs/hir/modern-loft-kialakitas-gyakorlati-utmutato-a-vilagitashoz-es-a-tervezeshez,https://www.alessandrodesign.ro/blogs/news/stilul-industrial-de-amenajare-ghid-complet-pentru-alegerea-sistemului-de-iluminat-potrivit,ipari formatervezési stílus,200,https://www.alessandrodesign.ro/blogs/news/stilul-industrial-de-amenajare-ghid-complet-pentru-alegerea-sistemului-de-iluminat-potrivit,https://www.alessandrodesign.hu/blogs/hir/ipari-stilus-otthonaban-teljes-utmutato-a-megfelelo-vilagitasi-rendszer-kivalasztasahoz,replace
301,Hyperlink,https://www.alessandrodesign.hu/blogs/hir/hogyan-rendezzunk-be-egy-nappalit-autentikus-vintage-stilusban,https://www.alessandrodesign.ro/blogs/news/stilul-industrial-de-amenajare-ghid-complet-pentru-alegerea-sistemului-de-iluminat-potrivit,ipari formatervezési stílus,200,https://www.alessandrodesign.ro/blogs/news/stilul-industrial-de-amenajare-ghid-complet-pentru-alegerea-sistemului-de-iluminat-potrivit,https://www.alessandrodesign.hu/blogs/hir/ipari-stilus-otthonaban-teljes-utmutato-a-megfelelo-vilagitasi-rendszer-kivalasztasahoz,replace
301,Hyperlink,https://www.alessandrodesign.hu/blogs/hir/modern-loft-kialakitas-gyakorlati-utmutato-a-vilagitashoz-es-a-tervezeshez,https://www.alessandrodesign.ro/blogs/news/stilul-scandinav-caracteristici-reguli-de-amenajare-si-produse-recomandate,skandináv stílusok,200,https://www.alessandrodesign.ro/blogs/news/stilul-scandinav-caracteristici-reguli-de-amenajare-si-produse-recomandate,https://www.alessandrodesign.hu/blogs/hir/skandinav-stilus-jellemzok-tervezesi-szabalyok-es-ajanlott-termekek,replace
301,Hyperlink,https://www.alessandrodesign.hu/blogs/hir/hogyan-alakitsunk-at-egy-kis-studiot-modern-es-vilagos-terre,https://www.alessandrodesign.ro/blogs/news/stilul-scandinav-caracteristici-reguli-de-amenajare-si-produse-recomandate,skandináv stílusban,200,https://www.alessandrodesign.ro/blogs/news/stilul-scandinav-caracteristici-reguli-de-amenajare-si-produse-recomandate,https://www.alessandrodesign.hu/blogs/hir/skandinav-stilus-jellemzok-tervezesi-szabalyok-es-ajanlott-termekek,replace
301,Hyperlink,https://www.alessandrodesign.hu/blogs/hir/mi-az-a-cri-es-hogyan-segit-kivalasztani-az-idealis-vilagitast,https://www.alessandrodesign.ro/blogs/news/top-5-corpuri-de-iluminat-pentru-living,5 legjobb lámpatest a nappaliba,200,https://www.alessandrodesign.ro/blogs/news/top-5-corpuri-de-iluminat-pentru-living,https://www.alessandrodesign.hu/blogs/hir/az-5-legjobb-lampatest-nappaliba,replace
301,Hyperlink,https://www.alessandrodesign.hu/blogs/hir/hogyan-vigyunk-csillogast-a-belsoepiteszetbe-anelkul-hogy-tulzasba-esnenk,https://www.alessandrodesign.ro/blogs/news/top-5-corpuri-de-iluminat-pentru-living,modern világítási ötletek a nappaliba,200,https://www.alessandrodesign.ro/blogs/news/top-5-corpuri-de-iluminat-pentru-living,https://www.alessandrodesign.hu/blogs/hir/az-5-legjobb-lampatest-nappaliba,replace
301,Hyperlink,https://www.alessandrodesign.hu/blogs/hir/kandallos-nappali-kialakitasa-hogyan-hozzunk-letre-meleg-es-elegans-teret,https://www.alessandrodesign.ro/blogs/sfaturi-de-amenajare/amenajari-interioare-rustice-idei-inspirationale-si-elemente-decorative-esentiale,Rusztikus stílus a lakberendezésben,200,https://www.alessandrodesign.ro/blogs/sfaturi-de-amenajare/amenajari-interioare-rustice-idei-inspirationale-si-elemente-decorative-esentiale,https://www.alessandrodesign.hu/blogs/tervezesi-tippek/rusztikus-belsoepiteszet-inspiralo-otletek-es-dekoracios-kellekek,replace
301,Hyperlink,https://www.alessandrodesign.hu/blogs/hir/hogyan-rendezzunk-be-egy-nyitott-teret-nappalival-es-etkezovel-praktikus-es-elegans-otletek,https://www.alessandrodesign.ro/blogs/sfaturi-de-amenajare/amenajari-interioare-rustice-idei-inspirationale-si-elemente-decorative-esentiale,rusztikus belső terek,200,https://www.alessandrodesign.ro/blogs/sfaturi-de-amenajare/amenajari-interioare-rustice-idei-inspirationale-si-elemente-decorative-esentiale,https://www.alessandrodesign.hu/blogs/tervezesi-tippek/rusztikus-belsoepiteszet-inspiralo-otletek-es-dekoracios-kellekek,replace
301,Hyperlink,https://www.alessandrodesign.hu/pages/ugyfelkepek,https://www.alessandrodesign.ro/candelabru-berlin-6e27-20564-400.html,,200,https://www.alessandrodesign.ro/collections/all,https://www.alessandrodesign.hu/collections/all,replace
301,Hyperlink,https://www.alessandrodesign.hu/pages/ugyfelkepek,https://www.alessandrodesign.ro/candelabru-berlin-6e27-20564-400.html,NÉZD MEG A TERMÉKET,200,https://www.alessandrodesign.ro/collections/all,https://www.alessandrodesign.hu/collections/all,replace
301,Hyperlink,https://www.alessandrodesign.hu/pages/ugyfelkepek,https://www.alessandrodesign.ro/candelabru-bono-5e27-auriu-metal-si-cristal-1.html,,200,https://www.alessandrodesign.ro/products/candelabru-cristal-windsor-nobile-5xe14-diametru-39cm-auriu-lucios-inaltime-reglabila,https://www.alessandrodesign.hu/products/windsor-nobile-kristalycsillar-5xe14-atmero-39-cm-fenyes-arany-allithato-magassag,replace
301,Hyperlink,https://www.alessandrodesign.hu/pages/ugyfelkepek,https://www.alessandrodesign.ro/candelabru-bono-5e27-auriu-metal-si-cristal-1.html,NÉZD MEG A TERMÉKET,200,https://www.alessandrodesign.ro/products/candelabru-cristal-windsor-nobile-5xe14-diametru-39cm-auriu-lucios-inaltime-reglabila,https://www.alessandrodesign.hu/products/windsor-nobile-kristalycsillar-5xe14-atmero-39-cm-fenyes-arany-allithato-magassag,replace
301,Hyperlink,https://www.alessandrodesign.hu/pages/ugyfelkepek,https://www.alessandrodesign.ro/candelabru-eduardo-4e27-negru-metal-si-cristal.html,,200,https://www.alessandrodesign.ro/collections/all,https://www.alessandrodesign.hu/collections/all,replace
301,Hyperlink,https://www.alessandrodesign.hu/pages/ugyfelkepek,https://www.alessandrodesign.ro/candelabru-eduardo-4e27-negru-metal-si-cristal.html,NÉZD MEG A TERMÉKET,200,https://www.alessandrodesign.ro/collections/all,https://www.alessandrodesign.hu/collections/all,replace
301,Hyperlink,https://www.alessandrodesign.hu/collections/akkumulatorok-furdo-es-konyha,https://www.alessandrodesign.ro/collections/accesorii-baie?_pos=2&_psq=acces&_ss=e&_v=1.0,Accesorii Baie,200,https://www.alessandrodesign.ro/collections/accesorii-baie?_pos=2&_psq=acces&_ss=e&_v=1.0,https://www.alessandrodesign.hu/collections/furdoszoba-kiegeszitok,replace
301,Hyperlink,https://www.alessandrodesign.hu/collections/akkumulatorok-furdo-es-konyha?page=1,https://www.alessandrodesign.ro/collections/accesorii-baie?_pos=2&_psq=acces&_ss=e&_v=1.0,Accesorii Baie,200,https://www.alessandrodesign.ro/collections/accesorii-baie?_pos=2&_psq=acces&_ss=e&_v=1.0,https://www.alessandrodesign.hu/collections/furdoszoba-kiegeszitok,replace
301,Hyperlink,https://www.alessandrodesign.hu/collections/furdoszoba-1,https://www.alessandrodesign.ro/collections/accesorii-baie?_pos=2&_psq=accesorii&_ss=e&_v=1.0,Accesorii Baie,200,https://www.alessandrodesign.ro/collections/accesorii-baie?_pos=2&_psq=accesorii&_ss=e&_v=1.0,https://www.alessandrodesign.hu/collections/furdoszoba-kiegeszitok,replace
301,Hyperlink,https://www.alessandrodesign.hu/collections/furdoszoba-1?page=1,https://www.alessandrodesign.ro/collections/accesorii-baie?_pos=2&_psq=accesorii&_ss=e&_v=1.0,Accesorii Baie,200,https://www.alessandrodesign.ro/collections/accesorii-baie?_pos=2&_psq=accesorii&_ss=e&_v=1.0,https://www.alessandrodesign.hu/collections/furdoszoba-kiegeszitok,replace
301,Hyperlink,https://www.alessandrodesign.hu/collections/led-fali-alkalmazas,https://www.alessandrodesign.ro/collections/aplice-clasice?_pos=1&_psq=clas&_ss=e&_v=1.0,Aplice Clasice,200,https://www.alessandrodesign.ro/collections/aplice-de-interior?_pos=1&_psq=clas&_ss=e&_v=1.0,https://www.alessandrodesign.hu/collections/belso-lampak,replace
301,Hyperlink,https://www.alessandrodesign.hu/collections/led-fali-alkalmazas?page=1,https://www.alessandrodesign.ro/collections/aplice-clasice?_pos=1&_psq=clas&_ss=e&_v=1.0,Aplice Clasice,200,https://www.alessandrodesign.ro/collections/aplice-de-interior?_pos=1&_psq=clas&_ss=e&_v=1.0,https://www.alessandrodesign.hu/collections/belso-lampak,replace
301,Hyperlink,https://www.alessandrodesign.hu/collections/led-fali-alkalmazas,https://www.alessandrodesign.ro/collections/aplice-de-cristal?_pos=2&_psq=cristal&_ss=e&_v=1.0,Aplice de Cristal,200,https://www.alessandrodesign.ro/collections/aplice-candelabre?_pos=2&_psq=cristal&_ss=e&_v=1.0,https://www.alessandrodesign.hu/collections/kandelaber-lampak,replace
301,Hyperlink,https://www.alessandrodesign.hu/collections/led-fali-alkalmazas?page=1,https://www.alessandrodesign.ro/collections/aplice-de-cristal?_pos=2&_psq=cristal&_ss=e&_v=1.0,Aplice de Cristal,200,https://www.alessandrodesign.ro/collections/aplice-candelabre?_pos=2&_psq=cristal&_ss=e&_v=1.0,https://www.alessandrodesign.hu/collections/kandelaber-lampak,replace
301,Hyperlink,https://www.alessandrodesign.hu/collections/vilagito-test,https://www.alessandrodesign.ro/collections/aplice-led?_pos=2&_psq=aplice&_ss=e&_v=1.0,Aplice LED,200,https://www.alessandrodesign.ro/collections/aplice?_pos=2&_psq=aplice&_ss=e&_v=1.0,https://www.alessandrodesign.hu/collections/alkalmazni,replace
301,Hyperlink,https://www.alessandrodesign.hu/collections/vilagito-test?page=1,https://www.alessandrodesign.ro/collections/aplice-led?_pos=2&_psq=aplice&_ss=e&_v=1.0,Aplice LED,200,https://www.alessandrodesign.ro/collections/aplice?_pos=2&_psq=aplice&_ss=e&_v=1.0,https://www.alessandrodesign.hu/collections/alkalmazni,replace
301,Hyperlink,https://www.alessandrodesign.hu/blogs/hir/hogyan-alakitsunk-ki-sminkstudiot-otthon-praktikus-otletek,https://www.alessandrodesign.ro/collections/aplice-moderne,alkalmazza modern,200,https://www.alessandrodesign.ro/collections/aplice-moderne,https://www.alessandrodesign.hu/collections/modern-fali-lampak,replace
301,Hyperlink,https://www.alessandrodesign.hu/blogs/elrendezesi-tippek/hogyan-valasszuk-ki-a-kulteri-alkalmazast-a-modern-es-funkcionalis-megjeleneshez,https://www.alessandrodesign.ro/collections/aplice-moderne,Modern alkalmazások,200,https://www.alessandrodesign.ro/collections/aplice-moderne,https://www.alessandrodesign.hu/collections/modern-fali-lampak,replace
301,Hyperlink,https://www.alessandrodesign.hu/blogs/hir/pincetervezesi-otletek-egyszeru-megoldasok-a-feny-a-ter-es-a-kenyelem-erdekeben,https://www.alessandrodesign.ro/collections/becuri-led,E27 LED izzók,200,https://www.alessandrodesign.ro/collections/becuri-led,https://www.alessandrodesign.hu/collections/e27-led-izzok,replace
301,Hyperlink,https://www.alessandrodesign.hu/blogs/hir/mi-az-a-cri-es-hogyan-segit-kivalasztani-az-idealis-vilagitast,https://www.alessandrodesign.ro/collections/becuri-led,Magas CRI LED,200,https://www.alessandrodesign.ro/collections/becuri-led,https://www.alessandrodesign.hu/collections/e27-led-izzok,replace
301,Hyperlink,https://www.alessandrodesign.hu/blogs/hir/hogyan-rendezzunk-be-egy-nappalit-autentikus-vintage-stilusban,https://www.alessandrodesign.ro/collections/becuri-vintage,Az Alessandro Design vintage lámpái,200,https://www.alessandrodesign.ro/collections/becuri-vintage,https://www.alessandrodesign.hu/collections/vintage-izzok,replace
301,Hyperlink,https://www.alessandrodesign.hu/blogs/hir/mennyit-fogyaszt-egy-led-minden-amit-a-led-ek-hatekonysagarol-tudni-kell,https://www.alessandrodesign.ro/collections/becuri-vintage,vintage izzók,200,https://www.alessandrodesign.ro/collections/becuri-vintage,https://www.alessandrodesign.hu/collections/vintage-izzok,replace
301,Hyperlink,https://www.alessandrodesign.hu/collections/elo-csillar,https://www.alessandrodesign.ro/collections/candelabre-cristal,kristálycsillárok,200,https://www.alessandrodesign.ro/collections/candelabre-cristal,https://www.alessandrodesign.hu/collections/kristaly-csillarok,replace
301,Hyperlink,https://www.alessandrodesign.hu/collections/elo-csillar?page=1,https://www.alessandrodesign.ro/collections/candelabre-cristal,kristálycsillárok,200,https://www.alessandrodesign.ro/collections/candelabre-cristal,https://www.alessandrodesign.hu/collections/kristaly-csillarok,replace
301,Hyperlink,https://www.alessandrodesign.hu/collections/vilagito-test,https://www.alessandrodesign.ro/collections/candelabre-la-comanda?_pos=1&_psq=la+comanda&_ss=e&_v=1.0,Candelabre la comanda,200,https://www.alessandrodesign.ro/collections/candelabre,https://www.alessandrodesign.hu/collections/csillarok-1,replace
301,Hyperlink,https://www.alessandrodesign.hu/collections/vilagito-test?page=1,https://www.alessandrodesign.ro/collections/candelabre-la-comanda?_pos=1&_psq=la+comanda&_ss=e&_v=1.0,Candelabre la comanda,200,https://www.alessandrodesign.ro/collections/candelabre,https://www.alessandrodesign.hu/collections/csillarok-1,replace
301,Hyperlink,https://www.alessandrodesign.hu/collections/vilagito-test,https://www.alessandrodesign.ro/collections/iluminat-de-exterior,külső világítás,200,https://www.alessandrodesign.ro/collections/iluminat-de-exterior,https://www.alessandrodesign.hu/collections/outdoor-lighting,replace
301,Hyperlink,https://www.alessandrodesign.hu/collections/vilagito-test?page=1,https://www.alessandrodesign.ro/collections/iluminat-de-exterior,külső világítás,200,https://www.alessandrodesign.ro/collections/iluminat-de-exterior,https://www.alessandrodesign.hu/collections/outdoor-lighting,replace
301,Hyperlink,https://www.alessandrodesign.hu/collections/kulso-alkalmazas,https://www.alessandrodesign.ro/collections/instalatii-led-exterior?_pos=1&_psq=instalatii&_ss=e&_v=1.0,Instalatii LED Exterior,200,https://www.alessandrodesign.ro/collections/produse-led,https://www.alessandrodesign.hu/collections/led-termekek,replace
301,Hyperlink,https://www.alessandrodesign.hu/collections/kulso-alkalmazas?page=1,https://www.alessandrodesign.ro/collections/instalatii-led-exterior?_pos=1&_psq=instalatii&_ss=e&_v=1.0,Instalatii LED Exterior,200,https://www.alessandrodesign.ro/collections/produse-led,https://www.alessandrodesign.hu/collections/led-termekek,replace
301,Hyperlink,https://www.alessandrodesign.hu/collections/femes-fenyek,https://www.alessandrodesign.ro/collections/lustre-cu-abajur,csillárok lámpaernyőkkel,200,https://www.alessandrodesign.ro/collections/lustre-clasice,https://www.alessandrodesign.hu/collections/klasszikus-csillarok-1,replace
301,Hyperlink,https://www.alessandrodesign.hu/collections/femes-fenyek?page=1,https://www.alessandrodesign.ro/collections/lustre-cu-abajur,csillárok lámpaernyőkkel,200,https://www.alessandrodesign.ro/collections/lustre-clasice,https://www.alessandrodesign.hu/collections/klasszikus-csillarok-1,replace
301,Hyperlink,https://www.alessandrodesign.hu/collections/felfuggesztett-led-csillarok,https://www.alessandrodesign.ro/collections/lustre-led-cristal,LED kristály csillárok,200,https://www.alessandrodesign.ro/collections/lustre-led-cristal,https://www.alessandrodesign.hu/collections/kristaly-led-csillarok,replace
301,Hyperlink,https://www.alessandrodesign.hu/collections/felfuggesztett-led-csillarok?page=1,https://www.alessandrodesign.ro/collections/lustre-led-cristal,LED kristály csillárok,200,https://www.alessandrodesign.ro/collections/lustre-led-cristal,https://www.alessandrodesign.hu/collections/kristaly-led-csillarok,replace
301,Hyperlink,https://www.alessandrodesign.hu/collections/felfuggesztett-led-csillarok,https://www.alessandrodesign.ro/collections/lustre-led-cristale?_pos=3&_psq=crista&_ss=e&_v=1.0,Lustre LED & Cristale,200,https://www.alessandrodesign.ro/collections/lustre-led-cristal?_pos=3&_psq=crista&_ss=e&_v=1.0,https://www.alessandrodesign.hu/collections/kristaly-led-csillarok,replace
301,Hyperlink,https://www.alessandrodesign.hu/collections/felfuggesztett-led-csillarok?page=1,https://www.alessandrodesign.ro/collections/lustre-led-cristale?_pos=3&_psq=crista&_ss=e&_v=1.0,Lustre LED & Cristale,200,https://www.alessandrodesign.ro/collections/lustre-led-cristal?_pos=3&_psq=crista&_ss=e&_v=1.0,https://www.alessandrodesign.hu/collections/kristaly-led-csillarok,replace
301,Hyperlink,https://www.alessandrodesign.hu/collections/crystal-led-csillarok,https://www.alessandrodesign.ro/collections/lustre-led-suspendate?_pos=1&_psq=suspe&_ss=e&_v=1.0,Lustre LED Suspendate,200,https://www.alessandrodesign.ro/collections/lustre-led-suspendate?_pos=1&_psq=suspe&_ss=e&_v=1.0,https://www.alessandrodesign.hu/collections/felfuggesztett-csillarok,replace
301,Hyperlink,https://www.alessandrodesign.hu/collections/crystal-led-csillarok?page=1,https://www.alessandrodesign.ro/collections/lustre-led-suspendate?_pos=1&_psq=suspe&_ss=e&_v=1.0,Lustre LED Suspendate,200,https://www.alessandrodesign.ro/collections/lustre-led-suspendate?_pos=1&_psq=suspe&_ss=e&_v=1.0,https://www.alessandrodesign.hu/collections/felfuggesztett-csillarok,replace
301,Hyperlink,https://www.alessandrodesign.hu/collections/fal,https://www.alessandrodesign.ro/collections/plafoniere-led?_pos=1&_psq=plafo&_ss=e&_v=1.0,Plafoniere LED,200,https://www.alessandrodesign.ro/collections/plafoniere-led-1,https://www.alessandrodesign.hu/collections/led-mennyezeti-lampak,replace
301,Hyperlink,https://www.alessandrodesign.hu/collections/fal?page=1,https://www.alessandrodesign.ro/collections/plafoniere-led?_pos=1&_psq=plafo&_ss=e&_v=1.0,Plafoniere LED,200,https://www.alessandrodesign.ro/collections/plafoniere-led-1,https://www.alessandrodesign.hu/collections/led-mennyezeti-lampak,replace
301,Hyperlink,https://www.alessandrodesign.hu/collections/lampak-es-lampak,https://www.alessandrodesign.ro/collections/plafoniere-led?_pos=1&_psq=plafoni&_ss=e&_v=1.0,Plafoniere LED,200,https://www.alessandrodesign.ro/collections/plafoniere-led-1,https://www.alessandrodesign.hu/collections/led-mennyezeti-lampak,replace
301,Hyperlink,https://www.alessandrodesign.hu/collections/lampak-es-lampak?page=1,https://www.alessandrodesign.ro/collections/plafoniere-led?_pos=1&_psq=plafoni&_ss=e&_v=1.0,Plafoniere LED,200,https://www.alessandrodesign.ro/collections/plafoniere-led-1,https://www.alessandrodesign.hu/collections/led-mennyezeti-lampak,replace
301,Hyperlink,https://www.alessandrodesign.hu/blogs/hir/hogyan-valaszthatja-ki-a-csillarot-a-rendeltetesi-hely-szerint,https://www.alessandrodesign.ro/led-is-the-future,LED lustres az allokommal,200,https://www.alessandrodesign.ro/collections/lustre-led,https://www.alessandrodesign.hu/collections/led-csillarok,replace
301,Hyperlink,https://www.alessandrodesign.hu/blogs/hir/hogyan-kell-telepiteni-a-led-led-alessandro-design-ot,https://www.alessandrodesign.ro/led-is-the-future,LED -csillapítás,200,https://www.alessandrodesign.ro/collections/lustre-led,https://www.alessandrodesign.hu/collections/led-csillarok,replace
301,Hyperlink,https://www.alessandrodesign.hu/blogs/hir/az-5-legjobb-luminator-a-konyhahoz,https://www.alessandrodesign.ro/lustra-alessandro-design-k5-kristal-circus-6040-642.html,A LED -csillár a színházi távirányítással - kifinomult megjelenést hoz létre,200,https://www.alessandrodesign.ro/products/lustra-led-suspendata-cu-telecomanda-si-cristal-teatru-36w-3-cercuri-lumina-rece-calda-neutra-dimabila-crom-lucios-inaltime-reglabila,https://www.alessandrodesign.hu/products/fuggesztett-led-csillar-taviranyitoval-es-kristaly-teatru-36w-3-kor-hideg-meleg-semleges-feny-szabalyozhato-fenyes-krom-allithato-magassagu,replace
301,Hyperlink,https://www.alessandrodesign.hu/blogs/hir/az-5-legjobb-luminator-a-konyhahoz,https://www.alessandrodesign.ro/lustra-alessandro-design-k5-kristal-circus-6040-642.html,LED LULS LED a színházban,200,https://www.alessandrodesign.ro/products/lustra-led-suspendata-cu-telecomanda-si-cristal-teatru-36w-3-cercuri-lumina-rece-calda-neutra-dimabila-crom-lucios-inaltime-reglabila,https://www.alessandrodesign.hu/products/fuggesztett-led-csillar-taviranyitoval-es-kristaly-teatru-36w-3-kor-hideg-meleg-semleges-feny-szabalyozhato-fenyes-krom-allithato-magassagu,replace
301,Hyperlink,https://www.alessandrodesign.hu/pages/ugyfelkepek,https://www.alessandrodesign.ro/lustra-aramis-3e27-maro-lemn-si-sticla.html,,200,https://www.alessandrodesign.ro/products/lustra-clasica-aramis-cu-lemn-abajur-patrat-3-x-dulie-e27-gri-negru,https://www.alessandrodesign.hu/products/aramis-classic-csillar-fa-negyzetes-arnyalattal-3x-e27-szurke-fekete,replace
301,Hyperlink,https://www.alessandrodesign.hu/pages/ugyfelkepek,https://www.alessandrodesign.ro/lustra-aramis-3e27-maro-lemn-si-sticla.html,NÉZD MEG A TERMÉKET,200,https://www.alessandrodesign.ro/products/lustra-clasica-aramis-cu-lemn-abajur-patrat-3-x-dulie-e27-gri-negru,https://www.alessandrodesign.hu/products/aramis-classic-csillar-fa-negyzetes-arnyalattal-3x-e27-szurke-fekete,replace
301,Hyperlink,https://www.alessandrodesign.hu/pages/ugyfelkepek,https://www.alessandrodesign.ro/lustra-led-amanda-248w-dimabila.html,,200,https://www.alessandrodesign.ro/products/lustra-led-cu-telecomanda-lyra-248w-5-cercuri-lumina-rece-calda-neutra-dimabila-auriu-periat,https://www.alessandrodesign.hu/products/led-csillar-taviranyitoval-lyra-248w-5-kor-hideg-meleg-semleges-feny-szabalyozhato-szalcsiszolt-arany,replace
301,Hyperlink,https://www.alessandrodesign.hu/pages/ugyfelkepek,https://www.alessandrodesign.ro/lustra-led-amanda-248w-dimabila.html,NÉZD MEG A TERMÉKET,200,https://www.alessandrodesign.ro/products/lustra-led-cu-telecomanda-lyra-248w-5-cercuri-lumina-rece-calda-neutra-dimabila-auriu-periat,https://www.alessandrodesign.hu/products/led-csillar-taviranyitoval-lyra-248w-5-kor-hideg-meleg-semleges-feny-szabalyozhato-szalcsiszolt-arany,replace
301,Hyperlink,https://www.alessandrodesign.hu/pages/ugyfelkepek,https://www.alessandrodesign.ro/lustra-led-anisah-33w-alb-auriu.html,,301,https://www.alessandrodesign.ro/products/lustra-led-solena-rotonda-13w-diametru-25cm-lumina-rece-calda-neutra-alb-auriu,,remove/manual
301,Hyperlink,https://www.alessandrodesign.hu/pages/ugyfelkepek,https://www.alessandrodesign.ro/lustra-led-anisah-33w-alb-auriu.html,NÉZD MEG A TERMÉKET,301,https://www.alessandrodesign.ro/products/lustra-led-solena-rotonda-13w-diametru-25cm-lumina-rece-calda-neutra-alb-auriu,,remove/manual
301,Hyperlink,https://www.alessandrodesign.hu/pages/ugyfelkepek,https://www.alessandrodesign.ro/lustra-led-clementina-240w-negru-acril.html,,200,https://www.alessandrodesign.ro/collections/lustre-led,https://www.alessandrodesign.hu/collections/led-csillarok,replace
301,Hyperlink,https://www.alessandrodesign.hu/pages/ugyfelkepek,https://www.alessandrodesign.ro/lustra-led-clementina-240w-negru-acril.html,NÉZD MEG A TERMÉKET,200,https://www.alessandrodesign.ro/collections/lustre-led,https://www.alessandrodesign.hu/collections/led-csillarok,replace
301,Hyperlink,https://www.alessandrodesign.hu/pages/ugyfelkepek,https://www.alessandrodesign.ro/lustra-led-cu-telecomanda-hela-77w-dimabila-alb.html,,200,https://www.alessandrodesign.ro/collections/lustre-led,https://www.alessandrodesign.hu/collections/led-csillarok,replace
301,Hyperlink,https://www.alessandrodesign.hu/pages/ugyfelkepek,https://www.alessandrodesign.ro/lustra-led-cu-telecomanda-hela-77w-dimabila-alb.html,NÉZD MEG A TERMÉKET,200,https://www.alessandrodesign.ro/collections/lustre-led,https://www.alessandrodesign.hu/collections/led-csillarok,replace
301,Hyperlink,https://www.alessandrodesign.hu/pages/ugyfelkepek,https://www.alessandrodesign.ro/lustra-led-cu-telecomanda-viveka-120w-dimabila-alb-auriu.html,,404,https://www.alessandrodesign.ro/products/lustra-led-suspendata-cu-telecomanda-azariah-112w-2-cercuri-lumina-rece-calda-neutra-dimabila-auriu-lucios-inaltime-reglabila,,remove/manual
301,Hyperlink,https://www.alessandrodesign.hu/pages/ugyfelkepek,https://www.alessandrodesign.ro/lustra-led-cu-telecomanda-viveka-120w-dimabila-alb-auriu.html,NÉZD MEG A TERMÉKET,404,https://www.alessandrodesign.ro/products/lustra-led-suspendata-cu-telecomanda-azariah-112w-2-cercuri-lumina-rece-calda-neutra-dimabila-auriu-lucios-inaltime-reglabila,,remove/manual
301,Hyperlink,https://www.alessandrodesign.hu/pages/ugyfelkepek,https://www.alessandrodesign.ro/lustra-led-pulsaris-27w-acril-negru-4000k-ip20.html,,200,https://www.alessandrodesign.ro/collections/lustre-led,https://www.alessandrodesign.hu/collections/led-csillarok,replace
301,Hyperlink,https://www.alessandrodesign.hu/pages/ugyfelkepek,https://www.alessandrodesign.ro/lustra-led-pulsaris-27w-acril-negru-4000k-ip20.html,NÉZD MEG A TERMÉKET,200,https://www.alessandrodesign.ro/collections/lustre-led,https://www.alessandrodesign.hu/collections/led-csillarok,replace
301,Hyperlink,https://www.alessandrodesign.hu/blogs/hir/a-led-csillarok-karbantartasa-tippek-a-maximalis-tartossaghoz-es-hatekonysaghoz,https://www.alessandrodesign.ro/lustre-led,LED Lustres a konyhához,200,https://www.alessandrodesign.ro/collections/lustre-led,https://www.alessandrodesign.hu/collections/led-csillarok,replace
301,Hyperlink,https://www.alessandrodesign.hu/blogs/hir/dimablazhato-vilagitas-mik-ezek-es-hogyan-mukodnek,https://www.alessandrodesign.ro/lustre-led,LED -csillárok,200,https://www.alessandrodesign.ro/collections/lustre-led,https://www.alessandrodesign.hu/collections/led-csillarok,replace
301,Hyperlink,https://www.alessandrodesign.hu/blogs/hir/az-5-legjobb-luminator-a-konyhahoz,https://www.alessandrodesign.ro/pendul-sorana-7e27-auriu-cu-negru-metal-si-sticla-tg1197.html,"Sorana Pendul, 7*E27, arany fekete - Tökéletes az étkezési szolgáltatáshoz",200,https://www.alessandrodesign.ro/collections/all,https://www.alessandrodesign.hu/collections/all,replace
301,Hyperlink,https://www.alessandrodesign.hu/blogs/hir/az-5-legjobb-luminator-a-konyhahoz,https://www.alessandrodesign.ro/pendul-sorana-7e27-auriu-cu-negru-metal-si-sticla-tg1197.html,Az inga Sorana,200,https://www.alessandrodesign.ro/collections/all,https://www.alessandrodesign.hu/collections/all,replace
301,Hyperlink,https://www.alessandrodesign.hu/blogs/hir/vilagitasi-trendek-2026-ban-milyen-vilagitotesteket-valasszunk,https://www.alessandrodesign.ro/products/aplica-amena-1x-e14-alb-auriu,,200,https://www.alessandrodesign.ro/products/aplica-amena-1x-e14-alb-auriu,https://www.alessandrodesign.hu/products/amena-lampa-1x-e14-white-gold,replace
301,Hyperlink,https://www.alessandrodesign.hu/blogs/hir/vilagitasi-trendek-2026-ban-milyen-vilagitotesteket-valasszunk,https://www.alessandrodesign.ro/products/aplica-amena-1x-e14-alb-auriu,LED lámpa Amena,200,https://www.alessandrodesign.ro/products/aplica-amena-1x-e14-alb-auriu,https://www.alessandrodesign.hu/products/amena-lampa-1x-e14-white-gold,replace
301,Hyperlink,https://www.alessandrodesign.hu/blogs/hir/vilagitasi-trendek-2026-ban-milyen-vilagitotesteket-valasszunk,https://www.alessandrodesign.ro/products/aplica-led-elliana-18w-alb-negru,,200,https://www.alessandrodesign.ro/products/aplica-led-elliana-18w-alb-negru,https://www.alessandrodesign.hu/products/led-fali-lampa-elliana-18w-feher-fekete,replace
301,Hyperlink,https://www.alessandrodesign.hu/blogs/hir/vilagitasi-trendek-2026-ban-milyen-vilagitotesteket-valasszunk,https://www.alessandrodesign.ro/products/aplica-led-elliana-18w-alb-negru,Elliana LED fali lámpa,200,https://www.alessandrodesign.ro/products/aplica-led-elliana-18w-alb-negru,https://www.alessandrodesign.hu/products/led-fali-lampa-elliana-18w-feher-fekete,replace
301,Hyperlink,https://www.alessandrodesign.hu/blogs/hir/mit-jelent-a-cct-a-led-szalagokban-es-hogyan-befolyasolja-a-fenyt,https://www.alessandrodesign.ro/products/banda-led-r2835-12v-5m-ip65-6400k,LED szalag R2835 12V 5m IP65 6400K,404,https://www.alessandrodesign.ro/products/banda-led-r2835-12v-5m-ip65-6400k,,remove/manual
301,Hyperlink,https://www.alessandrodesign.hu/blogs/hir/mit-jelent-a-cct-a-led-szalagokban-es-hogyan-befolyasolja-a-fenyt,https://www.alessandrodesign.ro/products/banda-led-r2835-12v-5m-ip65-6400k,LED szalag R2835 12V 5m IP65 6400K,404,https://www.alessandrodesign.ro/products/banda-led-r2835-12v-5m-ip65-6400k,,remove/manual
301,Hyperlink,https://www.alessandrodesign.hu/collections/a-letrahaz-csillarjai,https://www.alessandrodesign.ro/products/candelabru-cristal-led-kilkenny-culmino-144w-lumina-neutra-diametru-60cm-auriu,Kristály LED Kilkenny csillár,200,https://www.alessandrodesign.ro/products/candelabru-cristal-led-kilkenny-culmino-144w-lumina-neutra-diametru-60cm-auriu,https://www.alessandrodesign.hu/products/kristaly-led-kilkenny-culmino-csillar-144-w-semleges-feny-atmero-60-cm-arany,replace
301,Hyperlink,https://www.alessandrodesign.hu/collections/a-letrahaz-csillarjai?page=1,https://www.alessandrodesign.ro/products/candelabru-cristal-led-kilkenny-culmino-144w-lumina-neutra-diametru-60cm-auriu,Kristály LED Kilkenny csillár,200,https://www.alessandrodesign.ro/products/candelabru-cristal-led-kilkenny-culmino-144w-lumina-neutra-diametru-60cm-auriu,https://www.alessandrodesign.hu/products/kristaly-led-kilkenny-culmino-csillar-144-w-semleges-feny-atmero-60-cm-arany,replace
301,Hyperlink,https://www.alessandrodesign.hu/collections/a-letrahaz-csillarjai,https://www.alessandrodesign.ro/products/candelabru-cristal-nathan-13x-gu10-argintiu,Nathan Silver,200,https://www.alessandrodesign.ro/products/candelabru-cristal-led-13-xgu10-meili-crom-diametru-80cm-inaltime-240cm-model-scara,https://www.alessandrodesign.hu/products/led-kristalycsillar-13-xgu10-meili-chrome-atmero-80-cm-magassag-240-cm-letramodell,replace
301,Hyperlink,https://www.alessandrodesign.hu/collections/a-letrahaz-csillarjai?page=1,https://www.alessandrodesign.ro/products/candelabru-cristal-nathan-13x-gu10-argintiu,Nathan Silver,200,https://www.alessandrodesign.ro/products/candelabru-cristal-led-13-xgu10-meili-crom-diametru-80cm-inaltime-240cm-model-scara,https://www.alessandrodesign.hu/products/led-kristalycsillar-13-xgu10-meili-chrome-atmero-80-cm-magassag-240-cm-letramodell,replace
301,Hyperlink,https://www.alessandrodesign.hu/blogs/hir/hogyan-tervezzunk-egy-kis-furdoszobat-trukkok-a-hely-maximalizalasara,https://www.alessandrodesign.ro/products/chiuveta-bucatarie-inox-75x45-cm-negru-grafit,,200,https://www.alessandrodesign.ro/products/chiuveta-bucatarie-inox-75x45-cm-negru-grafit,https://www.alessandrodesign.hu/products/rozsdamentes-acel-konyhai-mosogato-75x45-cm-grafit-fekete,replace
301,Hyperlink,https://www.alessandrodesign.hu/blogs/hir/hogyan-tervezzunk-egy-kis-furdoszobat-trukkok-a-hely-maximalizalasara,https://www.alessandrodesign.ro/products/chiuveta-bucatarie-inox-75x45-cm-negru-grafit,Rozsdamentes acél mosogató,200,https://www.alessandrodesign.ro/products/chiuveta-bucatarie-inox-75x45-cm-negru-grafit,https://www.alessandrodesign.hu/products/rozsdamentes-acel-konyhai-mosogato-75x45-cm-grafit-fekete,replace
301,Hyperlink,https://www.alessandrodesign.hu/blogs/hir/hogyan-tervezzunk-egy-kis-furdoszobat-trukkok-a-hely-maximalizalasara,https://www.alessandrodesign.ro/products/chiuveta-bucatarie-rasina-45x15-cm-sky-blue,,200,https://www.alessandrodesign.ro/products/chiuveta-bucatarie-rasina-45x15-cm-sky-blue,https://www.alessandrodesign.hu/products/gyanta-furdoszobai-mosogato-45x15-cm-egszinkek,replace
301,Hyperlink,https://www.alessandrodesign.hu/blogs/hir/hogyan-tervezzunk-egy-kis-furdoszobat-trukkok-a-hely-maximalizalasara,https://www.alessandrodesign.ro/products/chiuveta-bucatarie-rasina-45x15-cm-sky-blue,Gyanta fürdőszobai mosogató,200,https://www.alessandrodesign.ro/products/chiuveta-bucatarie-rasina-45x15-cm-sky-blue,https://www.alessandrodesign.hu/products/gyanta-furdoszobai-mosogato-45x15-cm-egszinkek,replace
301,Hyperlink,https://www.alessandrodesign.hu/blogs/hir/hogyan-tervezzunk-egy-kis-furdoszobat-trukkok-a-hely-maximalizalasara,https://www.alessandrodesign.ro/products/chiuveta-bucatarie-rasina-60x40-cm-gri-inchis,,200,https://www.alessandrodesign.ro/products/chiuveta-bucatarie-rasina-60x40-cm-gri-inchis,https://www.alessandrodesign.hu/products/gyanta-furdoszobai-mosogato-60x40-cm-sotetszurke,replace
301,Hyperlink,https://www.alessandrodesign.hu/blogs/hir/hogyan-tervezzunk-egy-kis-furdoszobat-trukkok-a-hely-maximalizalasara,https://www.alessandrodesign.ro/products/chiuveta-bucatarie-rasina-60x40-cm-gri-inchis,Fürdőszoba mosogató,200,https://www.alessandrodesign.ro/products/chiuveta-bucatarie-rasina-60x40-cm-gri-inchis,https://www.alessandrodesign.hu/products/gyanta-furdoszobai-mosogato-60x40-cm-sotetszurke,replace
301,Hyperlink,https://www.alessandrodesign.hu/blogs/hir/hogyan-tervezzunk-egy-kis-furdoszobat-trukkok-a-hely-maximalizalasara,https://www.alessandrodesign.ro/products/dulap-annelise-cu-oglinda-led-pv0017t-60-gri,,200,https://www.alessandrodesign.ro/products/dulap-annelise-cu-oglinda-led-pv0017t-60-gri,,remove/manual
301,Hyperlink,https://www.alessandrodesign.hu/blogs/hir/hogyan-tervezzunk-egy-kis-furdoszobat-trukkok-a-hely-maximalizalasara,https://www.alessandrodesign.ro/products/dulap-annelise-cu-oglinda-led-pv0017t-60-gri,Annelise bútorkészlet,200,https://www.alessandrodesign.ro/products/dulap-annelise-cu-oglinda-led-pv0017t-60-gri,,remove/manual
301,Hyperlink,https://www.alessandrodesign.hu/blogs/hir/kulteri-lampak-vs-belteri-fali-lampak-mik-a-lenyeges-kulonbsegek,https://www.alessandrodesign.ro/products/fantas-aplica-led-de-exterior-si-interior-2-surse-x-1w-ip65-metalic-negru-3000k,Fantas Aplica LED kül- és beltérre,200,https://www.alessandrodesign.ro/products/fantas-aplica-led-de-exterior-si-interior-2-surse-x-1w-ip65-metalic-negru-3000k,https://www.alessandrodesign.hu/products/fantas-led-fali-lampa-kul-es-belterre-2-forras-x-1w-ip65-metal-fekete-3000k,replace
301,Hyperlink,https://www.alessandrodesign.hu/blogs/hir/kulteri-lampak-vs-belteri-fali-lampak-mik-a-lenyeges-kulonbsegek,https://www.alessandrodesign.ro/products/fantas-aplica-led-de-exterior-si-interior-2-surse-x-1w-ip65-metalic-negru-3000k,Fantas Aplica LED,200,https://www.alessandrodesign.ro/products/fantas-aplica-led-de-exterior-si-interior-2-surse-x-1w-ip65-metalic-negru-3000k,https://www.alessandrodesign.hu/products/fantas-led-fali-lampa-kul-es-belterre-2-forras-x-1w-ip65-metal-fekete-3000k,replace
301,Hyperlink,https://www.alessandrodesign.hu/blogs/hir/vilagitasi-trendek-2026-ban-milyen-vilagitotesteket-valasszunk,https://www.alessandrodesign.ro/products/lustra-forma-cub-struktura-uno-1x-e27-negru-suspendat-metal?_pos=10&_sid=f82929920&_ss=r,,200,https://www.alessandrodesign.ro/products/lustra-forma-cub-struktura-uno-1x-e27-negru-suspendat-metal?_pos=10&_sid=f82929920&_ss=r,https://www.alessandrodesign.hu/products/kocka-alaku-csillar-struktur-uno-1x-e27-fekete-felfuggesztett-fem,replace
301,Hyperlink,https://www.alessandrodesign.hu/blogs/hir/vilagitasi-trendek-2026-ban-milyen-vilagitotesteket-valasszunk,https://www.alessandrodesign.ro/products/lustra-forma-cub-struktura-uno-1x-e27-negru-suspendat-metal?_pos=10&_sid=f82929920&_ss=r,STRUKTUR Uno csillár,200,https://www.alessandrodesign.ro/products/lustra-forma-cub-struktura-uno-1x-e27-negru-suspendat-metal?_pos=10&_sid=f82929920&_ss=r,https://www.alessandrodesign.hu/products/kocka-alaku-csillar-struktur-uno-1x-e27-fekete-felfuggesztett-fem,replace
301,Hyperlink,https://www.alessandrodesign.hu/blogs/hir/vilagitasi-trendek-2026-ban-milyen-vilagitotesteket-valasszunk,https://www.alessandrodesign.ro/products/lustra-georgiana-cu-cristal-lc110-3gd-3x-e27-auriu-lucios-metal?_pos=62&_sid=47fc57989&_ss=r,,200,https://www.alessandrodesign.ro/products/lustra-moderna-cu-cristal-lc110-3gd-3x-e27-auriu-lucios-metal?_pos=62&_sid=47fc57989&_ss=r,https://www.alessandrodesign.hu/products/modern-klasszikus-csillar-lc110-3gd-kristaly-3x-e27-arany-fem-es-kristaly,replace
301,Hyperlink,https://www.alessandrodesign.hu/blogs/hir/vilagitasi-trendek-2026-ban-milyen-vilagitotesteket-valasszunk,https://www.alessandrodesign.ro/products/lustra-georgiana-cu-cristal-lc110-3gd-3x-e27-auriu-lucios-metal?_pos=62&_sid=47fc57989&_ss=r,Modern klasszikus csillár LC110/3GD,200,https://www.alessandrodesign.ro/products/lustra-moderna-cu-cristal-lc110-3gd-3x-e27-auriu-lucios-metal?_pos=62&_sid=47fc57989&_ss=r,https://www.alessandrodesign.hu/products/modern-klasszikus-csillar-lc110-3gd-kristaly-3x-e27-arany-fem-es-kristaly,replace
301,Hyperlink,https://www.alessandrodesign.hu/blogs/hir/vilagitasi-trendek-2026-ban-milyen-vilagitotesteket-valasszunk,https://www.alessandrodesign.ro/products/lustra-led-cu-telecomanda-96w-4-elemente-lumina-rece-calda-neutra-dimabila-negru,,200,https://www.alessandrodesign.ro/products/lustra-led-cu-telecomanda-96w-4-elemente-lumina-rece-calda-neutra-dimabila-negru,https://www.alessandrodesign.hu/products/led-csillar-taviranyitoval-96w-4-elem-hideg-meleg-semleges-feny-szabalyozhato-fekete,replace
301,Hyperlink,https://www.alessandrodesign.hu/blogs/hir/vilagitasi-trendek-2026-ban-milyen-vilagitotesteket-valasszunk,https://www.alessandrodesign.ro/products/lustra-led-cu-telecomanda-96w-4-elemente-lumina-rece-calda-neutra-dimabila-negru,LED csillár 4 elem,200,https://www.alessandrodesign.ro/products/lustra-led-cu-telecomanda-96w-4-elemente-lumina-rece-calda-neutra-dimabila-negru,https://www.alessandrodesign.hu/products/led-csillar-taviranyitoval-96w-4-elem-hideg-meleg-semleges-feny-szabalyozhato-fekete,replace
301,Hyperlink,https://www.alessandrodesign.hu/blogs/hir/vilagitasi-trendek-2026-ban-milyen-vilagitotesteket-valasszunk,https://www.alessandrodesign.ro/products/lustra-led-suspendata-cu-telecomanda-wave-89w-liniara-lumina-rece-calda-neutra-dimabila-negru-inaltime-reglabila,,200,https://www.alessandrodesign.ro/products/lustra-led-suspendata-cu-telecomanda-wave-89w-liniara-lumina-rece-calda-neutra-dimabila-negru-inaltime-reglabila,https://www.alessandrodesign.hu/products/fuggesztett-led-csillar-taviranyitoval-wave-89w-linearis-hideg-meleg-semleges-feny-szabalyozhato-fekete-allithato-magassagu,replace
301,Hyperlink,https://www.alessandrodesign.hu/blogs/hir/vilagitasi-trendek-2026-ban-milyen-vilagitotesteket-valasszunk,https://www.alessandrodesign.ro/products/lustra-led-suspendata-cu-telecomanda-wave-89w-liniara-lumina-rece-calda-neutra-dimabila-negru-inaltime-reglabila,Függesztett LED-es csillár WAVE távirányítóval,200,https://www.alessandrodesign.ro/products/lustra-led-suspendata-cu-telecomanda-wave-89w-liniara-lumina-rece-calda-neutra-dimabila-negru-inaltime-reglabila,https://www.alessandrodesign.hu/products/fuggesztett-led-csillar-taviranyitoval-wave-89w-linearis-hideg-meleg-semleges-feny-szabalyozhato-fekete-allithato-magassagu,replace
301,Hyperlink,https://www.alessandrodesign.hu/blogs/hir/vilagitasi-trendek-2026-ban-milyen-vilagitotesteket-valasszunk,https://www.alessandrodesign.ro/products/lustra-monica-lc910-3lbk-3-x-e27-negru-metal-si-sticla?_pos=68&_sid=47fc57989&_ss=r,,200,https://www.alessandrodesign.ro/products/lustra-clasica-moderna-suspendata-monica-lc910-3lbk-3-x-e27-negru-metal-si-sticla-inaltime-reglabila?_pos=68&_sid=47fc57989&_ss=r,https://www.alessandrodesign.hu/products/modern-klasszikus-csillar-felfuggesztett-monica-lc910-3lbk-3-x-e27-fekete-fem-es-uveg-allithato-magassagu,replace
301,Hyperlink,https://www.alessandrodesign.hu/blogs/hir/vilagitasi-trendek-2026-ban-milyen-vilagitotesteket-valasszunk,https://www.alessandrodesign.ro/products/lustra-monica-lc910-3lbk-3-x-e27-negru-metal-si-sticla?_pos=68&_sid=47fc57989&_ss=r,"Modern klasszikus csillár, felfüggesztett, Monica",200,https://www.alessandrodesign.ro/products/lustra-clasica-moderna-suspendata-monica-lc910-3lbk-3-x-e27-negru-metal-si-sticla-inaltime-reglabila?_pos=68&_sid=47fc57989&_ss=r,https://www.alessandrodesign.hu/products/modern-klasszikus-csillar-felfuggesztett-monica-lc910-3lbk-3-x-e27-fekete-fem-es-uveg-allithato-magassagu,replace
301,Hyperlink,https://www.alessandrodesign.hu/blogs/hir/vilagitasi-trendek-2026-ban-milyen-vilagitotesteket-valasszunk,https://www.alessandrodesign.ro/products/lustra-shion-3-e27-negru-metal?_pos=32&_sid=47fc57989&_ss=r,,200,https://www.alessandrodesign.ro/products/lustra-shion-3-e27-negru-metal?_pos=32&_sid=47fc57989&_ss=r,https://www.alessandrodesign.hu/products/shion-csillar-3xe27-fekete-fem-atmero-50-cm,replace
301,Hyperlink,https://www.alessandrodesign.hu/blogs/hir/vilagitasi-trendek-2026-ban-milyen-vilagitotesteket-valasszunk,https://www.alessandrodesign.ro/products/lustra-shion-3-e27-negru-metal?_pos=32&_sid=47fc57989&_ss=r,Shion csillár 3xE27,200,https://www.alessandrodesign.ro/products/lustra-shion-3-e27-negru-metal?_pos=32&_sid=47fc57989&_ss=r,https://www.alessandrodesign.hu/products/shion-csillar-3xe27-fekete-fem-atmero-50-cm,replace
301,Hyperlink,https://www.alessandrodesign.hu/blogs/hir/vilagitasi-trendek-2026-ban-milyen-vilagitotesteket-valasszunk,https://www.alessandrodesign.ro/products/lustra-suspendata-led-acril-aurion-29w-cu-telecomanda-dimabila-negru-auriu-metal-si-acril,,200,https://www.alessandrodesign.ro/products/lustra-suspendata-led-acril-aurion-29w-cu-telecomanda-dimabila-negru-auriu-metal-si-acril,https://www.alessandrodesign.hu/products/aurion-29-w-akril-led-fuggo-csillar-taviranyitoval-szabalyozhato-fekete-arany-fem-es-akril,replace
301,Hyperlink,https://www.alessandrodesign.hu/blogs/hir/vilagitasi-trendek-2026-ban-milyen-vilagitotesteket-valasszunk,https://www.alessandrodesign.ro/products/lustra-suspendata-led-acril-aurion-29w-cu-telecomanda-dimabila-negru-auriu-metal-si-acril,Aurion akril LED függesztett csillár,200,https://www.alessandrodesign.ro/products/lustra-suspendata-led-acril-aurion-29w-cu-telecomanda-dimabila-negru-auriu-metal-si-acril,https://www.alessandrodesign.hu/products/aurion-29-w-akril-led-fuggo-csillar-taviranyitoval-szabalyozhato-fekete-arany-fem-es-akril,replace
301,Hyperlink,https://www.alessandrodesign.hu/blogs/hir/vilagitasi-trendek-2026-ban-milyen-vilagitotesteket-valasszunk,https://www.alessandrodesign.ro/products/lustra-vintage-lv560-1bk-1xe27-rustic-barn-lemn-si-metal-negru?_pos=3&_sid=8f53f7ad6&_ss=r,,200,https://www.alessandrodesign.ro/products/lustra-vintage-lv560-1bk-1xe27-rustic-barn-lemn-si-metal-negru?_pos=3&_sid=8f53f7ad6&_ss=r,https://www.alessandrodesign.hu/products/vintage-csillar-lv560-1bk-1xe27-rusztikus-pajta-fa-es-fem-fekete,replace
301,Hyperlink,https://www.alessandrodesign.hu/blogs/hir/vilagitasi-trendek-2026-ban-milyen-vilagitotesteket-valasszunk,https://www.alessandrodesign.ro/products/lustra-vintage-lv560-1bk-1xe27-rustic-barn-lemn-si-metal-negru?_pos=3&_sid=8f53f7ad6&_ss=r,Vintage rusztikus Barn csillár,200,https://www.alessandrodesign.ro/products/lustra-vintage-lv560-1bk-1xe27-rustic-barn-lemn-si-metal-negru?_pos=3&_sid=8f53f7ad6&_ss=r,https://www.alessandrodesign.hu/products/vintage-csillar-lv560-1bk-1xe27-rusztikus-pajta-fa-es-fem-fekete,replace
301,Hyperlink,https://www.alessandrodesign.hu/blogs/hir/hogyan-tervezzunk-egy-kis-furdoszobat-trukkok-a-hely-maximalizalasara,https://www.alessandrodesign.ro/products/oglinda-led-cu-dulap-axen-100x70-cm-alb-banda-verticala-si-senzor-touch,,200,https://www.alessandrodesign.ro/products/oglinda-led-cu-dulap-axen-100x70-cm-alb-banda-verticala-si-senzor-touch,,remove/manual
301,Hyperlink,https://www.alessandrodesign.hu/blogs/hir/hogyan-tervezzunk-egy-kis-furdoszobat-trukkok-a-hely-maximalizalasara,https://www.alessandrodesign.ro/products/oglinda-led-cu-dulap-axen-100x70-cm-alb-banda-verticala-si-senzor-touch,LED tükör AXEN Szekrénnyel,200,https://www.alessandrodesign.ro/products/oglinda-led-cu-dulap-axen-100x70-cm-alb-banda-verticala-si-senzor-touch,,remove/manual
301,Hyperlink,https://www.alessandrodesign.hu/blogs/hir/hogyan-tervezzunk-egy-kis-furdoszobat-trukkok-a-hely-maximalizalasara,https://www.alessandrodesign.ro/products/oglinda-led-cu-dulap-lavin-51x71-cm-alb-banda-verticala-si-design-compact,,200,https://www.alessandrodesign.ro/products/oglinda-led-cu-dulap-lavin-51x71-cm-alb-banda-verticala-si-design-compact,,remove/manual
301,Hyperlink,https://www.alessandrodesign.hu/blogs/hir/hogyan-tervezzunk-egy-kis-furdoszobat-trukkok-a-hely-maximalizalasara,https://www.alessandrodesign.ro/products/oglinda-led-cu-dulap-lavin-51x71-cm-alb-banda-verticala-si-design-compact,LED-es tükör LAVIN szekrénnyel,200,https://www.alessandrodesign.ro/products/oglinda-led-cu-dulap-lavin-51x71-cm-alb-banda-verticala-si-design-compact,,remove/manual
301,Hyperlink,https://www.alessandrodesign.hu/blogs/hir/hogyan-tervezzunk-egy-kis-furdoszobat-trukkok-a-hely-maximalizalasara,https://www.alessandrodesign.ro/products/oglinda-led-cu-dulap-moda-60x70-cm-alb-iluminare-perimetrala-si-senzor-touch,,200,https://www.alessandrodesign.ro/products/oglinda-led-cu-dulap-moda-60x70-cm-alb-iluminare-perimetrala-si-senzor-touch,,remove/manual
301,Hyperlink,https://www.alessandrodesign.hu/blogs/hir/hogyan-tervezzunk-egy-kis-furdoszobat-trukkok-a-hely-maximalizalasara,https://www.alessandrodesign.ro/products/oglinda-led-cu-dulap-moda-60x70-cm-alb-iluminare-perimetrala-si-senzor-touch,LED tükör MODA gardróbbal,200,https://www.alessandrodesign.ro/products/oglinda-led-cu-dulap-moda-60x70-cm-alb-iluminare-perimetrala-si-senzor-touch,,remove/manual
301,Hyperlink,https://www.alessandrodesign.hu/blogs/hir/hogyan-tervezzunk-egy-kis-furdoszobat-trukkok-a-hely-maximalizalasara,https://www.alessandrodesign.ro/products/oglinda-led-ovala-50x100cm-lucia-senzor-marcello-sistem-dezaburire-ceas-termometru-dimabila-copy,,200,https://www.alessandrodesign.ro/products/oglinda-led-ovala-50x100cm-lucia-senzor-marcello-sistem-dezaburire-ceas-termometru-dimabila,https://www.alessandrodesign.hu/products/ovalis-led-tukor-50x100-cm-lucia-marcello-erzekelo-paramentesito-rendszer-ora-es-homero-szabalyozhato,replace
301,Hyperlink,https://www.alessandrodesign.hu/blogs/hir/hogyan-tervezzunk-egy-kis-furdoszobat-trukkok-a-hely-maximalizalasara,https://www.alessandrodesign.ro/products/oglinda-led-ovala-50x100cm-lucia-senzor-marcello-sistem-dezaburire-ceas-termometru-dimabila-copy,Lucia Marcello ovális LED tükör,200,https://www.alessandrodesign.ro/products/oglinda-led-ovala-50x100cm-lucia-senzor-marcello-sistem-dezaburire-ceas-termometru-dimabila,https://www.alessandrodesign.hu/products/ovalis-led-tukor-50x100-cm-lucia-marcello-erzekelo-paramentesito-rendszer-ora-es-homero-szabalyozhato,replace
301,Hyperlink,https://www.alessandrodesign.hu/blogs/hir/hogyan-tervezzunk-egy-kis-furdoszobat-trukkok-a-hely-maximalizalasara,https://www.alessandrodesign.ro/products/oglinda-led-rectangulara-50x70cm-eclissa-touch-sistem-dezaburire-dimabila,,200,https://www.alessandrodesign.ro/products/oglinda-led-rectangulara-50x70cm-eclissa-touch-sistem-dezaburire-dimabila,https://www.alessandrodesign.hu/products/negyszogletu-led-es-tukor-50x70-cm-eclissa-touch-paramentesito-rendszer-szabalyozhato,replace
301,Hyperlink,https://www.alessandrodesign.hu/blogs/hir/hogyan-tervezzunk-egy-kis-furdoszobat-trukkok-a-hely-maximalizalasara,https://www.alessandrodesign.ro/products/oglinda-led-rectangulara-50x70cm-eclissa-touch-sistem-dezaburire-dimabila,ECLISSA Négyszögletű LED tükör,200,https://www.alessandrodesign.ro/products/oglinda-led-rectangulara-50x70cm-eclissa-touch-sistem-dezaburire-dimabila,https://www.alessandrodesign.hu/products/negyszogletu-led-es-tukor-50x70-cm-eclissa-touch-paramentesito-rendszer-szabalyozhato,replace
301,Hyperlink,https://www.alessandrodesign.hu/blogs/hir/hogyan-tervezzunk-egy-kis-furdoszobat-trukkok-a-hely-maximalizalasara,https://www.alessandrodesign.ro/products/oglinda-led-touch-ulrich-sistem-dezaburire-ceas-si-temperatura-60x80-cm-rama-negru-brushed-lupa-cosmetica-colectia-korman,,200,https://www.alessandrodesign.ro/products/oglinda-led-touch-ulrich-sistem-dezaburire-ceas-si-temperatura-60x80-cm-rama-negru-brushed-lupa-cosmetica-colectia-korman,https://www.alessandrodesign.hu/products/ulrich-led-touch-mirror-paramentesito-rendszer-ora-es-homerseklet-60x80-cm-szalcsiszolt-fekete-keretu-kozmetikai-nagyito,replace
301,Hyperlink,https://www.alessandrodesign.hu/blogs/hir/hogyan-tervezzunk-egy-kis-furdoszobat-trukkok-a-hely-maximalizalasara,https://www.alessandrodesign.ro/products/oglinda-led-touch-ulrich-sistem-dezaburire-ceas-si-temperatura-60x80-cm-rama-negru-brushed-lupa-cosmetica-colectia-korman,Érintse meg az Ulrich LED-es tükört,200,https://www.alessandrodesign.ro/products/oglinda-led-touch-ulrich-sistem-dezaburire-ceas-si-temperatura-60x80-cm-rama-negru-brushed-lupa-cosmetica-colectia-korman,https://www.alessandrodesign.hu/products/ulrich-led-touch-mirror-paramentesito-rendszer-ora-es-homerseklet-60x80-cm-szalcsiszolt-fekete-keretu-kozmetikai-nagyito,replace
301,Hyperlink,https://www.alessandrodesign.hu/blogs/hir/vilagitasi-trendek-2026-ban-milyen-vilagitotesteket-valasszunk,https://www.alessandrodesign.ro/products/panou-led-antonio-6000k,,200,https://www.alessandrodesign.ro/products/plafoniera-led-de-tavan-patrata-36w-22x22cm-lumina-rece-6000k-alb,https://www.alessandrodesign.hu/products/negyzet-alaku-led-mennyezeti-lampa-36w-22x22cm-hideg-feny-6000k-feher,replace
301,Hyperlink,https://www.alessandrodesign.hu/blogs/hir/vilagitasi-trendek-2026-ban-milyen-vilagitotesteket-valasszunk,https://www.alessandrodesign.ro/products/panou-led-antonio-6000k,PL200/23P mennyezeti lámpa,200,https://www.alessandrodesign.ro/products/plafoniera-led-de-tavan-patrata-36w-22x22cm-lumina-rece-6000k-alb,https://www.alessandrodesign.hu/products/negyzet-alaku-led-mennyezeti-lampa-36w-22x22cm-hideg-feny-6000k-feher,replace
301,Hyperlink,https://www.alessandrodesign.hu/blogs/hir/vilagitasi-trendek-2026-ban-milyen-vilagitotesteket-valasszunk,https://www.alessandrodesign.ro/products/pendul-sticla-3d-ottica-18cm-1xe27-inalțime-reglabila-sticla-și-metal?_pos=6&_sid=190ffb972&_ss=r,,200,https://www.alessandrodesign.ro/products/pendul-sticla-3d-ottica-18cm-1xe27-inalțime-reglabila-sticla-și-metal?_pos=6&_sid=190ffb972&_ss=r,https://www.alessandrodesign.hu/products/3d-glass-pendant-ottica-o18cm-1xe27-adjustable-height-glass-and-metal-1,replace
301,Hyperlink,https://www.alessandrodesign.hu/blogs/hir/vilagitasi-trendek-2026-ban-milyen-vilagitotesteket-valasszunk,https://www.alessandrodesign.ro/products/pendul-sticla-3d-ottica-18cm-1xe27-inalțime-reglabila-sticla-și-metal?_pos=6&_sid=190ffb972&_ss=r,OPTIKAI üveginga,200,https://www.alessandrodesign.ro/products/pendul-sticla-3d-ottica-18cm-1xe27-inalțime-reglabila-sticla-și-metal?_pos=6&_sid=190ffb972&_ss=r,https://www.alessandrodesign.hu/products/3d-glass-pendant-ottica-o18cm-1xe27-adjustable-height-glass-and-metal-1,replace
301,Hyperlink,https://www.alessandrodesign.hu/blogs/hir/hogyan-tervezzunk-egy-kis-furdoszobat-trukkok-a-hely-maximalizalasara,https://www.alessandrodesign.ro/products/set-mobilier-pentru-baie-creta-60x40cm-2-piese-negru-si-alb,,200,https://www.alessandrodesign.ro/products/set-mobilier-pentru-baie-creta-60x40cm-2-piese-negru-si-alb,,remove/manual
301,Hyperlink,https://www.alessandrodesign.hu/blogs/hir/hogyan-tervezzunk-egy-kis-furdoszobat-trukkok-a-hely-maximalizalasara,https://www.alessandrodesign.ro/products/set-mobilier-pentru-baie-creta-60x40cm-2-piese-negru-si-alb,Fürdőszobabútor szett CRETA,200,https://www.alessandrodesign.ro/products/set-mobilier-pentru-baie-creta-60x40cm-2-piese-negru-si-alb,,remove/manual
301,Hyperlink,https://www.alessandrodesign.hu/blogs/hir/hogyan-tervezzunk-egy-kis-furdoszobat-trukkok-a-hely-maximalizalasara,https://www.alessandrodesign.ro/products/set-mobilier-pentru-baie-santorini-60x50cm-2-piese-gri-si-alb,,200,https://www.alessandrodesign.ro/products/set-mobilier-pentru-baie-santorini-60x50cm-2-piese-gri-si-alb,,remove/manual
301,Hyperlink,https://www.alessandrodesign.hu/blogs/hir/hogyan-tervezzunk-egy-kis-furdoszobat-trukkok-a-hely-maximalizalasara,https://www.alessandrodesign.ro/products/set-mobilier-pentru-baie-santorini-60x50cm-2-piese-gri-si-alb,Fürdőszobabútor szett SANTORINI,200,https://www.alessandrodesign.ro/products/set-mobilier-pentru-baie-santorini-60x50cm-2-piese-gri-si-alb,,remove/manual
301,Hyperlink,https://www.alessandrodesign.hu/blogs/hir/mi-a-fenyintenzitas-es-hogyan-befolyasolja-az-otthoni-vilagitast,https://www.alessandrodesign.ro/products/spot-led-fantas-18w-6500k,"Fantas 18W, 6500K",404,https://www.alessandrodesign.ro/products/spot-led-fantas-18w-6500k,,remove/manual
301,Hyperlink,https://www.alessandrodesign.hu/blogs/hir/mi-a-fenyintenzitas-es-hogyan-befolyasolja-az-otthoni-vilagitast,https://www.alessandrodesign.ro/products/spot-led-fantas-18w-6500k,LED spotlámpák,404,https://www.alessandrodesign.ro/products/spot-led-fantas-18w-6500k,,remove/manual
301,Hyperlink,https://www.alessandrodesign.hu/blogs/hir/hogyan-valasszuk-ki-a-megfelelo-haloszobalampat-teljes-utmutato-a-stilushoz-es-a-funkciohoz,https://www.alessandrodesign.ro/products/veioza-led-minos-48w-lumina-rece-calda-neutra-metal-si-acril-negru,Minos LED lámpa,404,https://www.alessandrodesign.ro/products/veioza-led-minos-48w-lumina-rece-calda-neutra-metal-si-acril-negru,,remove/manual
301,Hyperlink,https://www.alessandrodesign.hu/blogs/hir/hogyan-valasszuk-ki-a-megfelelo-haloszobalampat-teljes-utmutato-a-stilushoz-es-a-funkciohoz,https://www.alessandrodesign.ro/products/veioza-led-minos-48w-lumina-rece-calda-neutra-metal-si-acril-negru,Minos LED lámpa,404,https://www.alessandrodesign.ro/products/veioza-led-minos-48w-lumina-rece-calda-neutra-metal-si-acril-negru,,remove/manual
301,Hyperlink,https://www.alessandrodesign.hu/blogs/hir/visszateres-alessandro-design-mit-kell-tudnia,https://www.alessandrodesign.ro/showroom,bemutatóterem,200,https://www.alessandrodesign.ro/pages/showroom,https://www.alessandrodesign.hu/pages/bemutatoterem,replace
301,Hyperlink,https://www.alessandrodesign.hu/pages/gyakori-kerdesek,https://www.alessandrodesign.ro/showroom,Bemutatóterem oldal,200,https://www.alessandrodesign.ro/pages/showroom,https://www.alessandrodesign.hu/pages/bemutatoterem,replace
301,Hyperlink,https://www.alessandrodesign.hu/blogs/hir/az-5-legjobb-luminator-a-konyhahoz,https://www.alessandrodesign.ro/spot-hexagonit-3e27-metal-negru.html,"Lustra Hexagonit, 3*E27, Metal, Fekete - Készítsen modern, kifinomult megjelenést",200,https://www.alessandrodesign.ro/collections/all,https://www.alessandrodesign.hu/collections/all,replace
301,Hyperlink,https://www.alessandrodesign.hu/blogs/hir/az-5-legjobb-luminator-a-konyhahoz,https://www.alessandrodesign.ro/spot-hexagonit-3e27-metal-negru.html,Hatszögletű csillár,200,https://www.alessandrodesign.ro/collections/all,https://www.alessandrodesign.hu/collections/all,replace
301,Hyperlink,https://www.alessandrodesign.hu/blogs/hir/az-5-legjobb-luminator-a-konyhahoz,https://www.alessandrodesign.ro/spot-led-incastrabil-emeris-18w-6500k-ip20.html,Emeris LED LED -folt - a gyakorlati megvilágításhoz,200,https://www.alessandrodesign.ro/collections/all,https://www.alessandrodesign.hu/collections/all,replace
301,Hyperlink,https://www.alessandrodesign.hu/blogs/hir/az-5-legjobb-luminator-a-konyhahoz,https://www.alessandrodesign.ro/spot-led-incastrabil-emeris-18w-6500k-ip20.html,Az Emeris LED LED -folt,200,https://www.alessandrodesign.ro/collections/all,https://www.alessandrodesign.hu/collections/all,replace
301,Hyperlink,https://www.alessandrodesign.hu/pages/ugyfelkepek,https://www.alessandrodesign.ro/veioza-led-merga-26w-3000k4000k6000k-metal-si-acril-negru.html,,404,https://www.alessandrodesign.ro/products/veioza-led-merga-26w-3000k-4000k-6000k-metal-si-acril-negru,,remove/manual
301,Hyperlink,https://www.alessandrodesign.hu/pages/ugyfelkepek,https://www.alessandrodesign.ro/veioza-led-merga-26w-3000k4000k6000k-metal-si-acril-negru.html,NÉZD MEG A TERMÉKET,404,https://www.alessandrodesign.ro/products/veioza-led-merga-26w-3000k-4000k-6000k-metal-si-acril-negru,,remove/manual
301,Hyperlink,https://www.alessandrodesign.hu/blogs/hir/hogyan-alakitsunk-at-egy-kis-studiot-modern-es-vilagos-terre,https://www.alessandrodesign.ro/blogs/news/conectarea-lustrelor-led-la-telecomanda-și-aplicație,a LED-csillárok csatlakoztatása a távirányítóhoz és az alkalmazáshoz,200,https://www.alessandrodesign.ro/blogs/news/conectarea-lustrelor-led-la-telecomanda-și-aplicație,https://www.alessandrodesign.hu/blogs/hir/a-led-csillarok-csatlakoztatasa-a-taviranyitohoz-es-az-alkalmazashoz,replace
301,Hyperlink,https://www.alessandrodesign.hu/blogs/hir/amenajare-camera-fete-idei-moderne-luminoase-și-ușor-de-aplicat,https://www.alessandrodesign.ro/blogs/news/conectarea-lustrelor-led-la-telecomanda-și-aplicație,conectarea lustrelor LED la telecomandă și aplicație,200,https://www.alessandrodesign.ro/blogs/news/conectarea-lustrelor-led-la-telecomanda-și-aplicație,https://www.alessandrodesign.hu/blogs/hir/a-led-csillarok-csatlakoztatasa-a-taviranyitohoz-es-az-alkalmazashoz,replace
301,Hyperlink,https://www.alessandrodesign.hu/blogs/hir/vilagitasi-trendek-2026-ban-milyen-vilagitotesteket-valasszunk,https://www.alessandrodesign.ro/blogs/news/conectarea-lustrelor-led-la-telecomanda-și-aplicație,a LED-csillárok csatlakoztatása a távirányítóhoz és az alkalmazáshoz,200,https://www.alessandrodesign.ro/blogs/news/conectarea-lustrelor-led-la-telecomanda-și-aplicație,https://www.alessandrodesign.hu/blogs/hir/a-led-csillarok-csatlakoztatasa-a-taviranyitohoz-es-az-alkalmazashoz,replace
301,Hyperlink,https://www.alessandrodesign.hu/blogs/hir/cați-w-ai-nevoie-la-o-lustra-led-ghid-simplu-pe-metri-patrați,https://www.alessandrodesign.ro/blogs/news/corpurile-de-iluminat-dimabile-ce-sunt-si-cum-functioneaza,corpurile de iluminat dimabile,200,https://www.alessandrodesign.ro/blogs/news/corpurile-de-iluminat-dimabile-ce-sunt-si-cum-functioneaza,https://www.alessandrodesign.hu/blogs/hir/szabalyozhato-vilagitotestek-mik-ezek-es-hogyan-mukodnek,replace
301,Hyperlink,https://www.alessandrodesign.hu/blogs/hir/pincetervezesi-otletek-egyszeru-megoldasok-a-feny-a-ter-es-a-kenyelem-erdekeben,https://www.alessandrodesign.ro/blogs/news/corpurile-de-iluminat-dimabile-ce-sunt-si-cum-functioneaza,Szabályozható világítótestek,200,https://www.alessandrodesign.ro/blogs/news/corpurile-de-iluminat-dimabile-ce-sunt-si-cum-functioneaza,https://www.alessandrodesign.hu/blogs/hir/szabalyozhato-vilagitotestek-mik-ezek-es-hogyan-mukodnek,replace
301,Hyperlink,https://www.alessandrodesign.hu/blogs/hir/mi-az-a-cri-es-hogyan-segit-kivalasztani-az-idealis-vilagitast,https://www.alessandrodesign.ro/blogs/news/corpurile-de-iluminat-dimabile-ce-sunt-si-cum-functioneaza,szabályozható funkciók,200,https://www.alessandrodesign.ro/blogs/news/corpurile-de-iluminat-dimabile-ce-sunt-si-cum-functioneaza,https://www.alessandrodesign.hu/blogs/hir/szabalyozhato-vilagitotestek-mik-ezek-es-hogyan-mukodnek,replace
301,Hyperlink,https://www.alessandrodesign.hu/blogs/hir/hogyan-kell-helyesen-telepiteni-a-csillarot-lepesek-es-ajanlasok,https://www.alessandrodesign.ro/candelabre-comerciale,csillapok,200,https://www.alessandrodesign.ro/collections/candelabre,https://www.alessandrodesign.hu/collections/csillarok-1,replace
301,Hyperlink,https://www.alessandrodesign.hu/blogs/hir/hogyan-testreszabhatja-a-csillarjat-a-belsoepiteszeti-stilus-szerint-modern-vintage-industrial,https://www.alessandrodesign.ro/candelabre-comerciale,csillapok,200,https://www.alessandrodesign.ro/collections/candelabre,https://www.alessandrodesign.hu/collections/csillarok-1,replace
301,Hyperlink,https://www.alessandrodesign.hu/blogs/hir/hogyan-lehet-helyesen-megvilagitani-egy-nagy-szobat-a-csillarokkal,https://www.alessandrodesign.ro/candelabre-comerciale,csillapok,200,https://www.alessandrodesign.ro/collections/candelabre,https://www.alessandrodesign.hu/collections/csillarok-1,replace
301,Hyperlink,https://www.alessandrodesign.hu/blogs/hir/mindent-a-kristalyokkal-rendelkezo-csillarokrol,https://www.alessandrodesign.ro/candelabre-si-lustre-cu-cristale,Csillárok kristályokkal,200,https://www.alessandrodesign.ro/collections/candelabre,https://www.alessandrodesign.hu/collections/csillarok-1,replace
301,Hyperlink,https://www.alessandrodesign.hu/blogs/hir/hogyan-testreszabhatja-a-csillarjat-a-belsoepiteszeti-stilus-szerint-modern-vintage-industrial,https://www.alessandrodesign.ro/candelabre-si-lustre-cu-cristale,Kristálycsillárok,200,https://www.alessandrodesign.ro/collections/candelabre,https://www.alessandrodesign.hu/collections/csillarok-1,replace
301,Hyperlink,https://www.alessandrodesign.hu/blogs/hir/hogyan-lehet-helyesen-megvilagitani-egy-nagy-szobat-a-csillarokkal,https://www.alessandrodesign.ro/candelabre-si-lustre-cu-cristale,ezüst kristálycsillár,200,https://www.alessandrodesign.ro/collections/candelabre,https://www.alessandrodesign.hu/collections/csillarok-1,replace
301,Hyperlink,https://www.alessandrodesign.hu/collections/led-tukrok-szekrenyben,https://www.alessandrodesign.ro/collections/accesorii-baie,accesorii pentru baie,200,https://www.alessandrodesign.ro/collections/accesorii-baie,https://www.alessandrodesign.hu/collections/furdoszoba-kiegeszitok,replace
301,Hyperlink,https://www.alessandrodesign.hu/blogs/hir/otletek-kis-kadas-furdoszobakhoz-hogyan-hasznaljunk-tukroket-es-fenyt-a-ter-megteremtesere,https://www.alessandrodesign.ro/collections/accesorii-baie,Fürdőszoba kiegészítők,200,https://www.alessandrodesign.ro/collections/accesorii-baie,https://www.alessandrodesign.hu/collections/furdoszoba-kiegeszitok,replace
301,Hyperlink,https://www.alessandrodesign.hu/blogs/hir/walk-in-furdoszoba-inspiracio-a-tiszta-pihenteto-es-modern-dizajnhoz,https://www.alessandrodesign.ro/collections/accesorii-baie,Fürdőszoba kiegészítők,200,https://www.alessandrodesign.ro/collections/accesorii-baie,https://www.alessandrodesign.hu/collections/furdoszoba-kiegeszitok,replace
301,Hyperlink,https://www.alessandrodesign.hu/blogs/hir/hogyan-vigyunk-csillogast-a-belsoepiteszetbe-anelkul-hogy-tulzasba-esnenk,https://www.alessandrodesign.ro/collections/aplice-decorative,dekoratív rátétek,200,https://www.alessandrodesign.ro/collections/aplice-decorative,https://www.alessandrodesign.hu/collections/dekorativ-lampak,replace
301,Hyperlink,https://www.alessandrodesign.hu/blogs/elrendezesi-tippek/rusztikus-belsoepiteszet-inspiralo-otletek-es-alapveto-dekorativ-elemek,https://www.alessandrodesign.ro/collections/aplice-decorative,Dekoratív alkalmazás,200,https://www.alessandrodesign.ro/collections/aplice-decorative,https://www.alessandrodesign.hu/collections/dekorativ-lampak,replace
301,Hyperlink,https://www.alessandrodesign.hu/blogs/elrendezesi-tippek/hogyan-valasszuk-ki-a-kulteri-alkalmazast-a-modern-es-funkcionalis-megjeleneshez,https://www.alessandrodesign.ro/collections/aplice-decorative,Dekoratív alkalmazás,200,https://www.alessandrodesign.ro/collections/aplice-decorative,https://www.alessandrodesign.hu/collections/dekorativ-lampak,replace
301,Hyperlink,https://www.alessandrodesign.hu/collections/led-led-teszt,https://www.alessandrodesign.ro/collections/black-season,,404,https://www.alessandrodesign.ro/collections/black-friday,,remove/manual
301,Hyperlink,https://www.alessandrodesign.hu/collections/oszi-kedvezmenyek,https://www.alessandrodesign.ro/collections/black-season,,404,https://www.alessandrodesign.ro/collections/black-friday,,remove/manual
301,Hyperlink,https://www.alessandrodesign.hu/collections/a-kedvezmenyek-vadaszatat,https://www.alessandrodesign.ro/collections/black-season,,404,https://www.alessandrodesign.ro/collections/black-friday,,remove/manual
301,Hyperlink,https://www.alessandrodesign.hu/collections/klasszikus-csillarok,https://www.alessandrodesign.ro/collections/candelabre-casa-scarii,csillárok a lépcsőházba,200,https://www.alessandrodesign.ro/collections/candelabre-casa-scarii,https://www.alessandrodesign.hu/collections/kandelaber-casa-scarii,replace
301,Hyperlink,https://www.alessandrodesign.hu/collections/modern-csillarok,https://www.alessandrodesign.ro/collections/candelabre-casa-scarii,csillár a lépcsőházhoz,200,https://www.alessandrodesign.ro/collections/candelabre-casa-scarii,https://www.alessandrodesign.hu/collections/kandelaber-casa-scarii,replace
301,Hyperlink,https://www.alessandrodesign.hu/collections/modern-csillarok?page=1,https://www.alessandrodesign.ro/collections/candelabre-casa-scarii,csillár a lépcsőházhoz,200,https://www.alessandrodesign.ro/collections/candelabre-casa-scarii,https://www.alessandrodesign.hu/collections/kandelaber-casa-scarii,replace
301,Hyperlink,https://www.alessandrodesign.hu/collections/kulso-vilagitas,https://www.alessandrodesign.ro/collections/instalatii-led-exterior,Instalatii LED Exterior,200,https://www.alessandrodesign.ro/collections/aplice-de-exterior,https://www.alessandrodesign.hu/collections/kulteri-lampak,replace
301,Hyperlink,https://www.alessandrodesign.hu/collections/kulso-vilagitas?page=1,https://www.alessandrodesign.ro/collections/instalatii-led-exterior,Instalatii LED Exterior,200,https://www.alessandrodesign.ro/collections/aplice-de-exterior,https://www.alessandrodesign.hu/collections/kulteri-lampak,replace
301,Hyperlink,https://www.alessandrodesign.hu/blogs/hir/hogyan-lehet-tokeletes-kornyezeti-megvilagitast-letrehozni-a-kert-nyari-esteire,https://www.alessandrodesign.ro/collections/instalatii-led-exterior,Külső LED -telepítések,200,https://www.alessandrodesign.ro/collections/aplice-de-exterior,https://www.alessandrodesign.hu/collections/kulteri-lampak,replace
301,Hyperlink,https://www.alessandrodesign.hu/blogs/hir/mi-az-a-reteges-vilagitas-es-miert-hasznaljak-a-belsoepiteszek-minden-modern-projektben,https://www.alessandrodesign.ro/collections/lampadare-led,LED lámpák,200,https://www.alessandrodesign.ro/collections/lampadare-led,https://www.alessandrodesign.hu/collections/led-vilagitas,replace
301,Hyperlink,https://www.alessandrodesign.hu/blogs/hir/vilagitasi-trendek-2026-ban-milyen-vilagitotesteket-valasszunk,https://www.alessandrodesign.ro/collections/lampadare-led,LED lámpa,200,https://www.alessandrodesign.ro/collections/lampadare-led,https://www.alessandrodesign.hu/collections/led-vilagitas,replace
301,Hyperlink,https://www.alessandrodesign.hu/blogs/hir/meleg-feny-vs-hideg-feny-mi-a-kulonbseg-es-hogyan-befolyasolja-a-legkort,https://www.alessandrodesign.ro/collections/lampadare-led,LED lámpa,200,https://www.alessandrodesign.ro/collections/lampadare-led,https://www.alessandrodesign.hu/collections/led-vilagitas,replace
301,Hyperlink,https://www.alessandrodesign.hu/collections/klasszikus-csillarok,https://www.alessandrodesign.ro/collections/lampadare-living,nappali lámpák,200,https://www.alessandrodesign.ro/collections/lampadare-living,https://www.alessandrodesign.hu/collections/nappali-lampa,replace
301,Hyperlink,https://www.alessandrodesign.hu/blogs/hir/meleg-feny-vs-hideg-feny-mi-a-kulonbseg-es-hogyan-befolyasolja-a-legkort,https://www.alessandrodesign.ro/collections/lampadare-living,lámpa a nappaliba,200,https://www.alessandrodesign.ro/collections/lampadare-living,https://www.alessandrodesign.hu/collections/nappali-lampa,replace
301,Hyperlink,https://www.alessandrodesign.hu/blogs/hir/hogyan-valasszuk-ki-a-megfelelo-vilagitotestet-minden-helyiseghez-a-teljes-utmutato,https://www.alessandrodesign.ro/collections/lampadare-living,lámpák a nappaliba,200,https://www.alessandrodesign.ro/collections/lampadare-living,https://www.alessandrodesign.hu/collections/nappali-lampa,replace
301,Hyperlink,https://www.alessandrodesign.hu/collections/femes-fenyek,https://www.alessandrodesign.ro/collections/lustre-cu-globuri,csillárok földgömbökkel,404,https://www.alessandrodesign.ro/collections/lustre-cu-globuri,,remove/manual
301,Hyperlink,https://www.alessandrodesign.hu/blogs/hir/hogyan-rendezzunk-be-egy-nappalit-autentikus-vintage-stilusban,https://www.alessandrodesign.ro/collections/lustre-cu-globuri,csillárok földgömbökkel,404,https://www.alessandrodesign.ro/collections/lustre-cu-globuri,,remove/manual
301,Hyperlink,https://www.alessandrodesign.hu/collections/femes-fenyek?page=1,https://www.alessandrodesign.ro/collections/lustre-cu-globuri,csillárok földgömbökkel,404,https://www.alessandrodesign.ro/collections/lustre-cu-globuri,,remove/manual
301,Hyperlink,https://www.alessandrodesign.hu/collections/egyszeru-led-tukrok,https://www.alessandrodesign.ro/collections/oglinzi-led-machiaj,LED sminktükrök,200,https://www.alessandrodesign.ro/collections/oglinzi-led-machiaj,https://www.alessandrodesign.hu/collections/led-sminktukrok,replace
301,Hyperlink,https://www.alessandrodesign.hu/collections/led-es-oltozkodesi-tukrok,https://www.alessandrodesign.ro/collections/oglinzi-led-machiaj,led sminktükrök,200,https://www.alessandrodesign.ro/collections/oglinzi-led-machiaj,https://www.alessandrodesign.hu/collections/led-sminktukrok,replace
301,Hyperlink,https://www.alessandrodesign.hu/blogs/hir/hogyan-alakitsunk-ki-sminkstudiot-otthon-praktikus-otletek,https://www.alessandrodesign.ro/collections/oglinzi-led-machiaj,LED sminktükör,200,https://www.alessandrodesign.ro/collections/oglinzi-led-machiaj,https://www.alessandrodesign.hu/collections/led-sminktukrok,replace
301,Hyperlink,https://www.alessandrodesign.hu/blogs/hir/oglinzi-led-pentru-baie-matrimoniala-idei-elegante-pentru-un-efect-wow,https://www.alessandrodesign.ro/collections/oglinzi-led-simple,oglindă LED simplă,200,https://www.alessandrodesign.ro/collections/oglinzi-led-simple,https://www.alessandrodesign.hu/collections/szabvanyos-led-tukrok,replace
301,Hyperlink,https://www.alessandrodesign.hu/blogs/hir/kandallos-nappali-kialakitasa-hogyan-hozzunk-letre-meleg-es-elegans-teret,https://www.alessandrodesign.ro/collections/oglinzi-led-simple,szabványos LED tükör,200,https://www.alessandrodesign.ro/collections/oglinzi-led-simple,https://www.alessandrodesign.hu/collections/szabvanyos-led-tukrok,replace
301,Hyperlink,https://www.alessandrodesign.hu/blogs/hir/hogyan-valassza-ki-a-megfelelo-led-tukrot-attol-fuggoen-hogy-milyen-helyiseg-van,https://www.alessandrodesign.ro/collections/oglinzi-led-simple,A tükör a fürdőszobában,200,https://www.alessandrodesign.ro/collections/oglinzi-led-simple,https://www.alessandrodesign.hu/collections/szabvanyos-led-tukrok,replace
301,Hyperlink,https://www.alessandrodesign.hu/collections/foltok,https://www.alessandrodesign.ro/collections/pendule?_pos=1&_psq=pendule&_ss=e&_v=1.0,Pendule,200,https://www.alessandrodesign.ro/collections/pendule?_pos=1&_psq=pendule&_ss=e&_v=1.0,https://www.alessandrodesign.hu/collections/inga,replace
301,Hyperlink,https://www.alessandrodesign.hu/collections/lampak-es-lampak,https://www.alessandrodesign.ro/collections/pendule?_pos=1&_psq=pendule&_ss=e&_v=1.0,Pendule,200,https://www.alessandrodesign.ro/collections/pendule?_pos=1&_psq=pendule&_ss=e&_v=1.0,https://www.alessandrodesign.hu/collections/inga,replace
301,Hyperlink,https://www.alessandrodesign.hu/collections/lampak-es-lampak?page=1,https://www.alessandrodesign.ro/collections/pendule?_pos=1&_psq=pendule&_ss=e&_v=1.0,Pendule,200,https://www.alessandrodesign.ro/collections/pendule?_pos=1&_psq=pendule&_ss=e&_v=1.0,https://www.alessandrodesign.hu/collections/inga,replace
301,Hyperlink,https://www.alessandrodesign.hu/blogs/hir/cum-integrezi-banda-led-in-amenajarea-casei-tale-idei-practice,https://www.alessandrodesign.ro/collections/produse-led,produse LED,200,https://www.alessandrodesign.ro/collections/produse-led,https://www.alessandrodesign.hu/collections/led-termekek,replace
301,Hyperlink,https://www.alessandrodesign.hu/blogs/hir/mennyit-fogyaszt-egy-led-minden-amit-a-led-ek-hatekonysagarol-tudni-kell,https://www.alessandrodesign.ro/collections/produse-led,LED termékek,200,https://www.alessandrodesign.ro/collections/produse-led,https://www.alessandrodesign.hu/collections/led-termekek,replace
301,Hyperlink,https://www.alessandrodesign.hu/blogs/hir/mit-jelent-a-cct-a-led-szalagokban-es-hogyan-befolyasolja-a-fenyt,https://www.alessandrodesign.ro/collections/produse-led,LED világítástechnikai termékek,200,https://www.alessandrodesign.ro/collections/produse-led,https://www.alessandrodesign.hu/collections/led-termekek,replace
301,Hyperlink,https://www.alessandrodesign.hu/blogs/hir/hogyan-lehet-tokeletes-kornyezeti-megvilagitast-letrehozni-a-kert-nyari-esteire,https://www.alessandrodesign.ro/collections/proiectoare-de-exterior,kerti projektorok,200,https://www.alessandrodesign.ro/collections/proiectoare-de-exterior,https://www.alessandrodesign.hu/collections/kulteri-projektorok,replace
301,Hyperlink,https://www.alessandrodesign.hu/blogs/hir/mi-a-fenyintenzitas-es-hogyan-befolyasolja-az-otthoni-vilagitast,https://www.alessandrodesign.ro/collections/proiectoare-de-exterior,kültéri projektorok gyűjteménye,200,https://www.alessandrodesign.ro/collections/proiectoare-de-exterior,https://www.alessandrodesign.hu/collections/kulteri-projektorok,replace
301,Hyperlink,https://www.alessandrodesign.hu/blogs/elrendezesi-tippek/hogyan-valasszuk-ki-a-kulteri-alkalmazast-a-modern-es-funkcionalis-megjeleneshez,https://www.alessandrodesign.ro/collections/proiectoare-de-exterior,LED projektorok a külső számára,200,https://www.alessandrodesign.ro/collections/proiectoare-de-exterior,https://www.alessandrodesign.hu/collections/kulteri-projektorok,replace
301,Hyperlink,https://www.alessandrodesign.hu/collections/furdoszoba-1,https://www.alessandrodesign.ro/coloane-de-dus,Baterii & Coloane de Duș,200,https://www.alessandrodesign.ro/collections/baterii-coloane-de-dus,https://www.alessandrodesign.hu/collections/csaptelepek-es-zuhanyoszlopok,replace
301,Hyperlink,https://www.alessandrodesign.hu/collections/furdoszoba-1?page=1,https://www.alessandrodesign.ro/coloane-de-dus,Baterii & Coloane de Duș,200,https://www.alessandrodesign.ro/collections/baterii-coloane-de-dus,https://www.alessandrodesign.hu/collections/csaptelepek-es-zuhanyoszlopok,replace
301,Hyperlink,https://www.alessandrodesign.hu/blogs/hir/hogyan-lehet-hozzaferni-a-furdoszoba-stilusanak,https://www.alessandrodesign.ro/coloane-de-dus,Zuhanyoszlop: Relaxáció és elegancia egyben,200,https://www.alessandrodesign.ro/collections/baterii-coloane-de-dus,https://www.alessandrodesign.hu/collections/csaptelepek-es-zuhanyoszlopok,replace
301,Hyperlink,https://www.alessandrodesign.hu/pages/csepphajo,https://www.alessandrodesign.ro/contact,Tudjon meg többet,200,https://www.alessandrodesign.ro/pages/contact,https://www.alessandrodesign.hu/pages/kapcsolatfelvetel,replace
301,Hyperlink,https://www.alessandrodesign.hu/pages/marketing-egyuttmukodes,https://www.alessandrodesign.ro/contact,Szeretnék együttműködni,200,https://www.alessandrodesign.ro/pages/contact,https://www.alessandrodesign.hu/pages/kapcsolatfelvetel,replace
301,Hyperlink,https://www.alessandrodesign.hu/pages/trizak,https://www.alessandrodesign.ro/contact,Vegye fel velünk a kapcsolatot,200,https://www.alessandrodesign.ro/pages/contact,https://www.alessandrodesign.hu/pages/kapcsolatfelvetel,replace
301,Hyperlink,https://www.alessandrodesign.hu/pages/ugyfelkepek,https://www.alessandrodesign.ro/lustra-alessandro-design-wave-3253.html,,200,https://www.alessandrodesign.ro/products/lustra-led-suspendata-cu-telecomanda-wave-89w-liniara-lumina-rece-calda-neutra-dimabila-alb-inaltime-reglabila,https://www.alessandrodesign.hu/products/fuggesztett-led-csillar-wave-89w-taviranyitoval-linearis-hideg-meleg-semleges-feny-szabalyozhato-feher-allithato-magassagu,replace
301,Hyperlink,https://www.alessandrodesign.hu/pages/ugyfelkepek,https://www.alessandrodesign.ro/lustra-alessandro-design-wave-3253.html,NÉZD MEG A TERMÉKET,200,https://www.alessandrodesign.ro/products/lustra-led-suspendata-cu-telecomanda-wave-89w-liniara-lumina-rece-calda-neutra-dimabila-alb-inaltime-reglabila,https://www.alessandrodesign.hu/products/fuggesztett-led-csillar-wave-89w-taviranyitoval-linearis-hideg-meleg-semleges-feny-szabalyozhato-feher-allithato-magassagu,replace
301,Hyperlink,https://www.alessandrodesign.hu/blogs/hir/hogyan-valassza-ki-a-csillarjat-a-szoba-meretenek-megfeleloen,https://www.alessandrodesign.ro/lustra-alessandro-design-wave-3253.html,"LED -csillár Nevya távirányítással, hullámtervezés, 160W",200,https://www.alessandrodesign.ro/products/lustra-led-suspendata-cu-telecomanda-wave-89w-liniara-lumina-rece-calda-neutra-dimabila-alb-inaltime-reglabila,https://www.alessandrodesign.hu/products/fuggesztett-led-csillar-wave-89w-taviranyitoval-linearis-hideg-meleg-semleges-feny-szabalyozhato-feher-allithato-magassagu,replace
301,Hyperlink,https://www.alessandrodesign.hu/collections/led-csillapitas,https://www.alessandrodesign.ro/lustre-led-suspendate,Lustre LED Suspendate,200,https://www.alessandrodesign.ro/collections/lustre-led-suspendate,https://www.alessandrodesign.hu/collections/felfuggesztett-csillarok,replace
301,Hyperlink,https://www.alessandrodesign.hu/blogs/hir/a-led-csillarok-karbantartasa-tippek-a-maximalis-tartossaghoz-es-hatekonysaghoz,https://www.alessandrodesign.ro/lustre-led-suspendate,Felfüggesztett LED -ek,200,https://www.alessandrodesign.ro/collections/lustre-led-suspendate,https://www.alessandrodesign.hu/collections/felfuggesztett-csillarok,replace
301,Hyperlink,https://www.alessandrodesign.hu/collections/led-csillapitas?page=1,https://www.alessandrodesign.ro/lustre-led-suspendate,Lustre LED Suspendate,200,https://www.alessandrodesign.ro/collections/lustre-led-suspendate,https://www.alessandrodesign.hu/collections/felfuggesztett-csillarok,replace
301,Hyperlink,https://www.alessandrodesign.hu/pages/elrendezesi-otletek,https://www.alessandrodesign.ro/products/aplica-led-callen-28w-negru,,200,https://www.alessandrodesign.ro/products/aplica-led-callen-28w-negru,https://www.alessandrodesign.hu/products/led-lampa-callen-28w-fekete,replace
301,Hyperlink,https://www.alessandrodesign.hu/blogs/hir/vilagitasi-trendek-2026-ban-milyen-vilagitotesteket-valasszunk,https://www.alessandrodesign.ro/products/aplica-led-callen-28w-negru,,200,https://www.alessandrodesign.ro/products/aplica-led-callen-28w-negru,https://www.alessandrodesign.hu/products/led-lampa-callen-28w-fekete,replace
301,Hyperlink,https://www.alessandrodesign.hu/blogs/hir/vilagitasi-trendek-2026-ban-milyen-vilagitotesteket-valasszunk,https://www.alessandrodesign.ro/products/aplica-led-callen-28w-negru,Callen LED lámpa,200,https://www.alessandrodesign.ro/products/aplica-led-callen-28w-negru,https://www.alessandrodesign.hu/products/led-lampa-callen-28w-fekete,replace
301,Hyperlink,https://www.alessandrodesign.hu/blogs/hir/oglinzi-led-pentru-baie-matrimoniala-idei-elegante-pentru-un-efect-wow,https://www.alessandrodesign.ro/blogs/news/cum-sa-instalezi-corect-o-oglinda-led-in-baie-sfaturi-utile,https://www.alessandrodesign.ro/blogs/news/cum-sa-instalezi-corect-o-oglinda-led-in-baie-sfaturi-utile,200,https://www.alessandrodesign.ro/blogs/news/cum-sa-instalezi-corect-o-oglinda-led-in-baie-sfaturi-utile,https://www.alessandrodesign.hu/blogs/hir/hogyan-szereljunk-fel-helyesen-egy-led-tukrot-a-furdoszobaba-hasznos-tippek-a-tokeletes-eredmenyert,replace
301,Hyperlink,https://www.alessandrodesign.hu/blogs/hir/cum-alegi-dimensiunea-potrivita-pentru-oglinda-din-baie,https://www.alessandrodesign.ro/blogs/news/cum-sa-instalezi-corect-o-oglinda-led-in-baie-sfaturi-utile,https://www.alessandrodesign.ro/blogs/news/cum-sa-instalezi-corect-o-oglinda-led-in-baie-sfaturi-utile,200,https://www.alessandrodesign.ro/blogs/news/cum-sa-instalezi-corect-o-oglinda-led-in-baie-sfaturi-utile,https://www.alessandrodesign.hu/blogs/hir/hogyan-szereljunk-fel-helyesen-egy-led-tukrot-a-furdoszobaba-hasznos-tippek-a-tokeletes-eredmenyert,replace
301,Hyperlink,https://www.alessandrodesign.hu/blogs/hir/otletek-kis-kadas-furdoszobakhoz-hogyan-hasznaljunk-tukroket-es-fenyt-a-ter-megteremtesere,https://www.alessandrodesign.ro/blogs/news/cum-sa-instalezi-corect-o-oglinda-led-in-baie-sfaturi-utile,hogyan kell megfelelően felszerelni a LED-es tükröt a fürdőszobába,200,https://www.alessandrodesign.ro/blogs/news/cum-sa-instalezi-corect-o-oglinda-led-in-baie-sfaturi-utile,https://www.alessandrodesign.hu/blogs/hir/hogyan-szereljunk-fel-helyesen-egy-led-tukrot-a-furdoszobaba-hasznos-tippek-a-tokeletes-eredmenyert,replace
301,Hyperlink,https://www.alessandrodesign.hu/blogs/hir/ce-trebuie-sa-verifici-la-o-oglinda-led-cu-dezaburire-inainte-de-a-o-monta,https://www.alessandrodesign.ro/blogs/news/cum-sa-instalezi-corect-o-oglinda-led-in-baie-sfaturi-utile,https://www.alessandrodesign.ro/blogs/news/cum-sa-instalezi-corect-o-oglinda-led-in-baie-sfaturi-utile,200,https://www.alessandrodesign.ro/blogs/news/cum-sa-instalezi-corect-o-oglinda-led-in-baie-sfaturi-utile,https://www.alessandrodesign.hu/blogs/hir/hogyan-szereljunk-fel-helyesen-egy-led-tukrot-a-furdoszobaba-hasznos-tippek-a-tokeletes-eredmenyert,replace
301,Hyperlink,https://www.alessandrodesign.hu/collections/akkumulatorok-es-zuhanyoszlopok,https://www.alessandrodesign.ro/collections/accesorii-baie?_pos=2&_psq=acce&_ss=e&_v=1.0,Accesorii Baie,200,https://www.alessandrodesign.ro/collections/accesorii-baie?_pos=2&_psq=acce&_ss=e&_v=1.0,https://www.alessandrodesign.hu/collections/furdoszoba-kiegeszitok,replace
301,Hyperlink,https://www.alessandrodesign.hu/collections/mosogato-es-mosdo,https://www.alessandrodesign.ro/collections/accesorii-baie?_pos=2&_psq=acce&_ss=e&_v=1.0,Accesorii Baie,200,https://www.alessandrodesign.ro/collections/accesorii-baie?_pos=2&_psq=acce&_ss=e&_v=1.0,https://www.alessandrodesign.hu/collections/furdoszoba-kiegeszitok,replace
301,Hyperlink,https://www.alessandrodesign.hu/collections/furdoszoba-tukrok,https://www.alessandrodesign.ro/collections/accesorii-baie?_pos=2&_psq=acce&_ss=e&_v=1.0,Accesorii Baie,200,https://www.alessandrodesign.ro/collections/accesorii-baie?_pos=2&_psq=acce&_ss=e&_v=1.0,https://www.alessandrodesign.hu/collections/furdoszoba-kiegeszitok,replace
301,Hyperlink,https://www.alessandrodesign.hu/collections/furdoszoba-tukrok?page=1,https://www.alessandrodesign.ro/collections/accesorii-baie?_pos=2&_psq=acce&_ss=e&_v=1.0,Accesorii Baie,200,https://www.alessandrodesign.ro/collections/accesorii-baie?_pos=2&_psq=acce&_ss=e&_v=1.0,https://www.alessandrodesign.hu/collections/furdoszoba-kiegeszitok,replace
301,Hyperlink,https://www.alessandrodesign.hu/collections/kulso-vilagitas,https://www.alessandrodesign.ro/collections/aplice-de-exterior,Aplice de Exterior,200,https://www.alessandrodesign.ro/collections/aplice-de-exterior,https://www.alessandrodesign.hu/collections/kulteri-lampak,replace
301,Hyperlink,https://www.alessandrodesign.hu/collections/kulso-vilagitas?page=1,https://www.alessandrodesign.ro/collections/aplice-de-exterior,Aplice de Exterior,200,https://www.alessandrodesign.ro/collections/aplice-de-exterior,https://www.alessandrodesign.hu/collections/kulteri-lampak,replace
301,Hyperlink,https://www.alessandrodesign.hu/blogs/hir/kulteri-lampak-vs-belteri-fali-lampak-mik-a-lenyeges-kulonbsegek,https://www.alessandrodesign.ro/collections/aplice-de-exterior,Külső alkalmazás,200,https://www.alessandrodesign.ro/collections/aplice-de-exterior,https://www.alessandrodesign.hu/collections/kulteri-lampak,replace
301,Hyperlink,https://www.alessandrodesign.hu/blogs/elrendezesi-tippek/hogyan-valasszuk-ki-a-kulteri-alkalmazast-a-modern-es-funkcionalis-megjeleneshez,https://www.alessandrodesign.ro/collections/aplice-de-exterior,Külső alkalmazások,200,https://www.alessandrodesign.ro/collections/aplice-de-exterior,https://www.alessandrodesign.hu/collections/kulteri-lampak,replace
301,Hyperlink,https://www.alessandrodesign.hu/collections/belso-lampak,https://www.alessandrodesign.ro/collections/aplice-de-perete?_pos=1&_psq=perete&_ss=e&_v=1.0,Aplice de perete LED,200,https://www.alessandrodesign.ro/collections/aplice-de-perete?_pos=1&_psq=perete&_ss=e&_v=1.0,https://www.alessandrodesign.hu/collections/led-fali-lampak,replace
301,Hyperlink,https://www.alessandrodesign.hu/collections/furdoszoba,https://www.alessandrodesign.ro/collections/aplice-de-perete?_pos=1&_psq=perete&_ss=e&_v=1.0,Aplice de perete LED,200,https://www.alessandrodesign.ro/collections/aplice-de-perete?_pos=1&_psq=perete&_ss=e&_v=1.0,https://www.alessandrodesign.hu/collections/led-fali-lampak,replace
301,Hyperlink,https://www.alessandrodesign.hu/collections/csillarok,https://www.alessandrodesign.ro/collections/aplice-de-perete?_pos=1&_psq=perete&_ss=e&_v=1.0,Aplice de perete LED,200,https://www.alessandrodesign.ro/collections/aplice-de-perete?_pos=1&_psq=perete&_ss=e&_v=1.0,https://www.alessandrodesign.hu/collections/led-fali-lampak,replace
301,Hyperlink,https://www.alessandrodesign.hu/collections/belso-lampak?page=1,https://www.alessandrodesign.ro/collections/aplice-de-perete?_pos=1&_psq=perete&_ss=e&_v=1.0,Aplice de perete LED,200,https://www.alessandrodesign.ro/collections/aplice-de-perete?_pos=1&_psq=perete&_ss=e&_v=1.0,https://www.alessandrodesign.hu/collections/led-fali-lampak,replace
301,Hyperlink,https://www.alessandrodesign.hu/collections/a-letrahaz-csillarjai,https://www.alessandrodesign.ro/collections/candelabre-moderne,modern csillárok,200,https://www.alessandrodesign.ro/collections/candelabre-moderne,https://www.alessandrodesign.hu/collections/modern-csillarok,replace
301,Hyperlink,https://www.alessandrodesign.hu/collections/elo-csillar,https://www.alessandrodesign.ro/collections/candelabre-moderne,modern csillárok,200,https://www.alessandrodesign.ro/collections/candelabre-moderne,https://www.alessandrodesign.hu/collections/modern-csillarok,replace
301,Hyperlink,https://www.alessandrodesign.hu/collections/a-letrahaz-csillarjai?page=1,https://www.alessandrodesign.ro/collections/candelabre-moderne,modern csillárok,200,https://www.alessandrodesign.ro/collections/candelabre-moderne,https://www.alessandrodesign.hu/collections/modern-csillarok,replace
301,Hyperlink,https://www.alessandrodesign.hu/collections/elo-csillar?page=1,https://www.alessandrodesign.ro/collections/candelabre-moderne,modern csillárok,200,https://www.alessandrodesign.ro/collections/candelabre-moderne,https://www.alessandrodesign.hu/collections/modern-csillarok,replace
301,Hyperlink,https://www.alessandrodesign.hu/collections/led-csillapitas,https://www.alessandrodesign.ro/collections/lustre-led-suspendate,felfüggesztett LED csillárok,200,https://www.alessandrodesign.ro/collections/lustre-led-suspendate,https://www.alessandrodesign.hu/collections/felfuggesztett-csillarok,replace
301,Hyperlink,https://www.alessandrodesign.hu/collections/led-csillapitas?page=1,https://www.alessandrodesign.ro/collections/lustre-led-suspendate,felfüggesztett LED csillárok,200,https://www.alessandrodesign.ro/collections/lustre-led-suspendate,https://www.alessandrodesign.hu/collections/felfuggesztett-csillarok,replace
301,Hyperlink,https://www.alessandrodesign.hu/blogs/hir/hogyan-rendezzunk-be-egy-nyitott-teret-nappalival-es-etkezovel-praktikus-es-elegans-otletek,https://www.alessandrodesign.ro/collections/lustre-led-suspendate,felfüggesztett LED csillárok,200,https://www.alessandrodesign.ro/collections/lustre-led-suspendate,https://www.alessandrodesign.hu/collections/felfuggesztett-csillarok,replace
301,Hyperlink,https://www.alessandrodesign.hu/blogs/hir/milyen-magassagban-van-felszerelve-a-csillar-gyakorlati-utmutato-minden-helyiseghez,https://www.alessandrodesign.ro/collections/lustre-led-suspendate,LED-es csillár függesztett elemekkel,200,https://www.alessandrodesign.ro/collections/lustre-led-suspendate,https://www.alessandrodesign.hu/collections/felfuggesztett-csillarok,replace
301,Hyperlink,https://www.alessandrodesign.hu/blogs/hir/otletek-kis-kadas-furdoszobakhoz-hogyan-hasznaljunk-tukroket-es-fenyt-a-ter-megteremtesere,https://www.alessandrodesign.ro/collections/obiecte-sanitare,egészségügyi cikkek,200,https://www.alessandrodesign.ro/collections/baie,https://www.alessandrodesign.hu/collections/furdoszoba-1,replace
301,Hyperlink,https://www.alessandrodesign.hu/blogs/hir/hogyan-tervezzunk-egy-kis-furdoszobat-trukkok-a-hely-maximalizalasara,https://www.alessandrodesign.ro/collections/obiecte-sanitare,Fedezze fel a szanitereket,200,https://www.alessandrodesign.ro/collections/baie,https://www.alessandrodesign.hu/collections/furdoszoba-1,replace
301,Hyperlink,https://www.alessandrodesign.hu/blogs/hir/teljes-utmutato-a-mosogato-akkumulatorok-karbantartasahoz-tippek-es-trukkok,https://www.alessandrodesign.ro/collections/obiecte-sanitare,egészségügyi áruk,200,https://www.alessandrodesign.ro/collections/baie,https://www.alessandrodesign.hu/collections/furdoszoba-1,replace
301,Hyperlink,https://www.alessandrodesign.hu/blogs/hir/walk-in-furdoszoba-inspiracio-a-tiszta-pihenteto-es-modern-dizajnhoz,https://www.alessandrodesign.ro/collections/obiecte-sanitare,egészségügyi cikkek,200,https://www.alessandrodesign.ro/collections/baie,https://www.alessandrodesign.hu/collections/furdoszoba-1,replace
301,Hyperlink,https://www.alessandrodesign.hu/collections/egyszeru-led-tukrok,https://www.alessandrodesign.ro/collections/oglinzi-led-by-marcello-funghi,Marcello Funghi LED-es tükrök,200,https://www.alessandrodesign.ro/collections/oglinzi-led-by-marcello-funghi,https://www.alessandrodesign.hu/collections/led-tukrok-marcello-funghi,replace
301,Hyperlink,https://www.alessandrodesign.hu/collections/led-es-oltozkodesi-tukrok,https://www.alessandrodesign.ro/collections/oglinzi-led-by-marcello-funghi,Marcello Funghi LED-es tükrök,200,https://www.alessandrodesign.ro/collections/oglinzi-led-by-marcello-funghi,https://www.alessandrodesign.hu/collections/led-tukrok-marcello-funghi,replace
301,Hyperlink,https://www.alessandrodesign.hu/blogs/hir/kor-alaku-led-es-tukor-a-negyzet-alaku-led-es-tukorrel-szemben-melyik-illik-jobban,https://www.alessandrodesign.ro/collections/oglinzi-led-by-marcello-funghi,Marcello Funghi LED tükrök,200,https://www.alessandrodesign.ro/collections/oglinzi-led-by-marcello-funghi,https://www.alessandrodesign.hu/collections/led-tukrok-marcello-funghi,replace
301,Hyperlink,https://www.alessandrodesign.hu/blogs/hir/hogyan-valassza-ki-a-megfelelo-led-tukrot-attol-fuggoen-hogy-milyen-helyiseg-van,https://www.alessandrodesign.ro/collections/oglinzi-led-by-marcello-funghi,Marcello Funghi sorozat,200,https://www.alessandrodesign.ro/collections/oglinzi-led-by-marcello-funghi,https://www.alessandrodesign.hu/collections/led-tukrok-marcello-funghi,replace
301,Hyperlink,https://www.alessandrodesign.hu/collections/villam-izzoval,https://www.alessandrodesign.ro/collections/plafoniere-led?_pos=1&_psq=plafonie&_ss=e&_v=1.0,Plafoniere LED,200,https://www.alessandrodesign.ro/collections/plafoniere-led-1,https://www.alessandrodesign.hu/collections/led-mennyezeti-lampak,replace
301,Hyperlink,https://www.alessandrodesign.hu/collections/vilagito-test,https://www.alessandrodesign.ro/collections/plafoniere-led?_pos=1&_psq=plafonie&_ss=e&_v=1.0,Plafoniere LED,200,https://www.alessandrodesign.ro/collections/plafoniere-led-1,https://www.alessandrodesign.hu/collections/led-mennyezeti-lampak,replace
301,Hyperlink,https://www.alessandrodesign.hu/collections/villam-izzoval?page=1,https://www.alessandrodesign.ro/collections/plafoniere-led?_pos=1&_psq=plafonie&_ss=e&_v=1.0,Plafoniere LED,200,https://www.alessandrodesign.ro/collections/plafoniere-led-1,https://www.alessandrodesign.hu/collections/led-mennyezeti-lampak,replace
301,Hyperlink,https://www.alessandrodesign.hu/collections/vilagito-test?page=1,https://www.alessandrodesign.ro/collections/plafoniere-led?_pos=1&_psq=plafonie&_ss=e&_v=1.0,Plafoniere LED,200,https://www.alessandrodesign.ro/collections/plafoniere-led-1,https://www.alessandrodesign.hu/collections/led-mennyezeti-lampak,replace
301,Hyperlink,https://www.alessandrodesign.hu/collections/kulso-alkalmazas,https://www.alessandrodesign.ro/collections/proiectoare,Proiectoare,200,https://www.alessandrodesign.ro/collections/proiectoare-de-exterior,https://www.alessandrodesign.hu/collections/kulteri-projektorok,replace
301,Hyperlink,https://www.alessandrodesign.hu/collections/kulso-vilagitas,https://www.alessandrodesign.ro/collections/proiectoare,Proiectoare,200,https://www.alessandrodesign.ro/collections/proiectoare-de-exterior,https://www.alessandrodesign.hu/collections/kulteri-projektorok,replace
301,Hyperlink,https://www.alessandrodesign.hu/collections/kulso-alkalmazas?page=1,https://www.alessandrodesign.ro/collections/proiectoare,Proiectoare,200,https://www.alessandrodesign.ro/collections/proiectoare-de-exterior,https://www.alessandrodesign.hu/collections/kulteri-projektorok,replace
301,Hyperlink,https://www.alessandrodesign.hu/collections/kulso-vilagitas?page=1,https://www.alessandrodesign.ro/collections/proiectoare,Proiectoare,200,https://www.alessandrodesign.ro/collections/proiectoare-de-exterior,https://www.alessandrodesign.hu/collections/kulteri-projektorok,replace
301,Hyperlink,https://www.alessandrodesign.hu/blogs/hir/alkalmazas-rogzitese-lepesek-es-tippek-a-helyes-telepiteshez,https://www.alessandrodesign.ro/corpuri-de-iluminat,Világító test,200,https://www.alessandrodesign.ro/collections/corpuri-de-iluminat,https://www.alessandrodesign.hu/collections/vilagitotestek,replace
301,Hyperlink,https://www.alessandrodesign.hu/blogs/hir/hogyan-kell-helyesen-telepiteni-a-csillarot-lepesek-es-ajanlasok,https://www.alessandrodesign.ro/corpuri-de-iluminat,Világítók a nappalihoz,200,https://www.alessandrodesign.ro/collections/corpuri-de-iluminat,https://www.alessandrodesign.hu/collections/vilagitotestek,replace
301,Hyperlink,https://www.alessandrodesign.hu/blogs/hir/hogyan-testreszabhatja-a-csillarjat-a-belsoepiteszeti-stilus-szerint-modern-vintage-industrial,https://www.alessandrodesign.ro/corpuri-de-iluminat,prémium világító testek,200,https://www.alessandrodesign.ro/collections/corpuri-de-iluminat,https://www.alessandrodesign.hu/collections/vilagitotestek,replace
301,Hyperlink,https://www.alessandrodesign.hu/blogs/hir/jelentkezem-a-led-vs-alkalmazza-a-hagyomanyos-izzokkal-mit-valasszon,https://www.alessandrodesign.ro/corpuri-de-iluminat,Prémium világító testek,200,https://www.alessandrodesign.ro/collections/corpuri-de-iluminat,https://www.alessandrodesign.hu/collections/vilagitotestek,replace
301,Hyperlink,https://www.alessandrodesign.hu/blogs/hir/hogyan-valassza-ki-a-csillarjat-a-szoba-meretenek-megfeleloen,https://www.alessandrodesign.ro/lustra-alessandro-design-casiana-at1ct-mv1a-ht2l-5515-2.html,"LED LED Casiana, 116W",200,https://www.alessandrodesign.ro/collections/all,https://www.alessandrodesign.hu/collections/all,replace
301,Hyperlink,https://www.alessandrodesign.hu/blogs/hir/hogyan-valaszthatja-ki-a-csillarot-a-rendeltetesi-hely-szerint,https://www.alessandrodesign.ro/lustra-alessandro-design-casiana-at1ct-mv1a-ht2l-5515-2.html,,200,https://www.alessandrodesign.ro/collections/all,https://www.alessandrodesign.hu/collections/all,replace
301,Hyperlink,https://www.alessandrodesign.hu/blogs/hir/az-5-legjobb-luminator-a-konyhahoz,https://www.alessandrodesign.ro/lustra-alessandro-design-casiana-at1ct-mv1a-ht2l-5515-2.html,LED LED Casiana - Tökéletes egy minimalista konyhához,200,https://www.alessandrodesign.ro/collections/all,https://www.alessandrodesign.hu/collections/all,replace
301,Hyperlink,https://www.alessandrodesign.hu/blogs/hir/az-5-legjobb-luminator-a-konyhahoz,https://www.alessandrodesign.ro/lustra-alessandro-design-casiana-at1ct-mv1a-ht2l-5515-2.html,LED LED Casiana,200,https://www.alessandrodesign.ro/collections/all,https://www.alessandrodesign.hu/collections/all,replace
301,Hyperlink,https://www.alessandrodesign.hu/collections/furdoszoba-1,https://www.alessandrodesign.ro/oglinzi-baie,Oglinzi LED,200,https://www.alessandrodesign.ro/collections/oglinzi-led,https://www.alessandrodesign.hu/collections/led-tukrok,replace
301,Hyperlink,https://www.alessandrodesign.hu/collections/furdoszoba-1?page=1,https://www.alessandrodesign.ro/oglinzi-baie,Oglinzi LED,200,https://www.alessandrodesign.ro/collections/oglinzi-led,https://www.alessandrodesign.hu/collections/led-tukrok,replace
301,Hyperlink,https://www.alessandrodesign.hu/blogs/hir/hogyan-lehet-hozzaferni-a-furdoszoba-stilusanak,https://www.alessandrodesign.ro/oglinzi-baie,LED -tükör: Hatékony stílus és megvilágítás,200,https://www.alessandrodesign.ro/collections/oglinzi-led,https://www.alessandrodesign.hu/collections/led-tukrok,replace
301,Hyperlink,https://www.alessandrodesign.hu/blogs/hir/hogyan-lehet-helyesen-telepiteni-egy-led-tukrot-a-furdoszobaba-hasznos-tippek-a-tokeletes-eredmeny-erdekeben,https://www.alessandrodesign.ro/oglinzi-baie,LED -tükrök a fürdőszobához,200,https://www.alessandrodesign.ro/collections/oglinzi-led,https://www.alessandrodesign.hu/collections/led-tukrok,replace
301,Hyperlink,https://www.alessandrodesign.hu/blogs/hir/cați-w-ai-nevoie-la-o-lustra-led-ghid-simplu-pe-metri-patrați,https://www.alessandrodesign.ro/blogs/news/tipuri-de-becuri,tipuri de becuri,200,https://www.alessandrodesign.ro/blogs/news/tipuri-de-becuri,https://www.alessandrodesign.hu/blogs/hir/izzok-tipusai,replace
301,Hyperlink,https://www.alessandrodesign.hu/blogs/hir/modern-loft-kialakitas-gyakorlati-utmutato-a-vilagitashoz-es-a-tervezeshez,https://www.alessandrodesign.ro/blogs/news/tipuri-de-becuri,izzók típusai,200,https://www.alessandrodesign.ro/blogs/news/tipuri-de-becuri,https://www.alessandrodesign.hu/blogs/hir/izzok-tipusai,replace
301,Hyperlink,https://www.alessandrodesign.hu/blogs/hir/amenajare-camera-fete-idei-moderne-luminoase-și-ușor-de-aplicat,https://www.alessandrodesign.ro/blogs/news/tipuri-de-becuri,tipuri de becuri,200,https://www.alessandrodesign.ro/blogs/news/tipuri-de-becuri,https://www.alessandrodesign.hu/blogs/hir/izzok-tipusai,replace
301,Hyperlink,https://www.alessandrodesign.hu/blogs/hir/mi-a-fenyintenzitas-es-hogyan-befolyasolja-az-otthoni-vilagitast,https://www.alessandrodesign.ro/blogs/news/tipuri-de-becuri,izzók típusai,200,https://www.alessandrodesign.ro/blogs/news/tipuri-de-becuri,https://www.alessandrodesign.hu/blogs/hir/izzok-tipusai,replace
301,Hyperlink,https://www.alessandrodesign.hu/blogs/hir/ce-inseamna-lumeni-wați-și-kelvini-ghid-simplu-pentru-alegerea-corecta-a-iluminatului,https://www.alessandrodesign.ro/blogs/news/tipuri-de-becuri,tipuri de becuri,200,https://www.alessandrodesign.ro/blogs/news/tipuri-de-becuri,https://www.alessandrodesign.hu/blogs/hir/izzok-tipusai,replace
301,Hyperlink,https://www.alessandrodesign.hu/blogs/hir/mi-az-a-reteges-vilagitas-es-miert-hasznaljak-a-belsoepiteszek-minden-modern-projektben,https://www.alessandrodesign.ro/collections/aplice-de-perete,LED fali lámpák,200,https://www.alessandrodesign.ro/collections/aplice-de-perete,https://www.alessandrodesign.hu/collections/led-fali-lampak,replace
301,Hyperlink,https://www.alessandrodesign.hu/blogs/hir/kandallos-nappali-kialakitasa-hogyan-hozzunk-letre-meleg-es-elegans-teret,https://www.alessandrodesign.ro/collections/aplice-de-perete,LED-es lámpák,200,https://www.alessandrodesign.ro/collections/aplice-de-perete,https://www.alessandrodesign.hu/collections/led-fali-lampak,replace
301,Hyperlink,https://www.alessandrodesign.hu/blogs/hir/kulteri-lampak-vs-belteri-fali-lampak-mik-a-lenyeges-kulonbsegek,https://www.alessandrodesign.ro/collections/aplice-de-perete,fali lámpák,200,https://www.alessandrodesign.ro/collections/aplice-de-perete,https://www.alessandrodesign.hu/collections/led-fali-lampak,replace
301,Hyperlink,https://www.alessandrodesign.hu/blogs/hir/luster-vs-alkalmazas-mit-valasztunk-a-haz-minden-helyere,https://www.alessandrodesign.ro/collections/aplice-de-perete,LED falfalak,200,https://www.alessandrodesign.ro/collections/aplice-de-perete,https://www.alessandrodesign.hu/collections/led-fali-lampak,replace
301,Hyperlink,https://www.alessandrodesign.hu/blogs/elrendezesi-tippek/hogyan-valasszuk-ki-a-kulteri-alkalmazast-a-modern-es-funkcionalis-megjeleneshez,https://www.alessandrodesign.ro/collections/aplice-de-perete,LED alkalmazott minták,200,https://www.alessandrodesign.ro/collections/aplice-de-perete,https://www.alessandrodesign.hu/collections/led-fali-lampak,replace
301,Hyperlink,https://www.alessandrodesign.hu/collections/kulso-alkalmazas,https://www.alessandrodesign.ro/collections/iluminat-stradal,Iluminat Stradal,404,https://www.alessandrodesign.ro/collections/iluminat-stradal,,remove/manual
301,Hyperlink,https://www.alessandrodesign.hu/collections/kulso-vilagitas,https://www.alessandrodesign.ro/collections/iluminat-stradal,Iluminat Stradal,404,https://www.alessandrodesign.ro/collections/iluminat-stradal,,remove/manual
301,Hyperlink,https://www.alessandrodesign.hu/collections/kulso-kivetito,https://www.alessandrodesign.ro/collections/iluminat-stradal,Iluminat Stradal,404,https://www.alessandrodesign.ro/collections/iluminat-stradal,,remove/manual
301,Hyperlink,https://www.alessandrodesign.hu/collections/kulso-alkalmazas?page=1,https://www.alessandrodesign.ro/collections/iluminat-stradal,Iluminat Stradal,404,https://www.alessandrodesign.ro/collections/iluminat-stradal,,remove/manual
301,Hyperlink,https://www.alessandrodesign.hu/collections/kulso-vilagitas?page=1,https://www.alessandrodesign.ro/collections/iluminat-stradal,Iluminat Stradal,404,https://www.alessandrodesign.ro/collections/iluminat-stradal,,remove/manual
301,Hyperlink,https://www.alessandrodesign.hu/collections/kulso-alkalmazas,https://www.alessandrodesign.ro/collections/stalp-de-iluminat,Stalp de Iluminat,404,https://www.alessandrodesign.ro/collections/stalp-de-iluminat,,remove/manual
301,Hyperlink,https://www.alessandrodesign.hu/collections/kulso-vilagitas,https://www.alessandrodesign.ro/collections/stalp-de-iluminat,Stalp de Iluminat,404,https://www.alessandrodesign.ro/collections/stalp-de-iluminat,,remove/manual
301,Hyperlink,https://www.alessandrodesign.hu/collections/kulso-kivetito,https://www.alessandrodesign.ro/collections/stalp-de-iluminat,Stalp de Iluminat,404,https://www.alessandrodesign.ro/collections/stalp-de-iluminat,,remove/manual
301,Hyperlink,https://www.alessandrodesign.hu/collections/kulso-alkalmazas?page=1,https://www.alessandrodesign.ro/collections/stalp-de-iluminat,Stalp de Iluminat,404,https://www.alessandrodesign.ro/collections/stalp-de-iluminat,,remove/manual
301,Hyperlink,https://www.alessandrodesign.hu/collections/kulso-vilagitas?page=1,https://www.alessandrodesign.ro/collections/stalp-de-iluminat,Stalp de Iluminat,404,https://www.alessandrodesign.ro/collections/stalp-de-iluminat,,remove/manual
301,Hyperlink,https://www.alessandrodesign.hu/blogs/hir/mi-az-a-reteges-vilagitas-es-miert-hasznaljak-a-belsoepiteszek-minden-modern-projektben,https://www.alessandrodesign.ro/collections/veioze-dormitor,hálószoba lámpák,200,https://www.alessandrodesign.ro/collections/veioze-dormitor,https://www.alessandrodesign.hu/collections/haloszoba-lampak,replace
301,Hyperlink,https://www.alessandrodesign.hu/blogs/hir/hogyan-valasszuk-ki-a-megfelelo-haloszobalampat-teljes-utmutato-a-stilushoz-es-a-funkciohoz,https://www.alessandrodesign.ro/collections/veioze-dormitor,hálószoba lámpa,200,https://www.alessandrodesign.ro/collections/veioze-dormitor,https://www.alessandrodesign.hu/collections/haloszoba-lampak,replace
301,Hyperlink,https://www.alessandrodesign.hu/blogs/hir/meleg-feny-vs-hideg-feny-mi-a-kulonbseg-es-hogyan-befolyasolja-a-legkort,https://www.alessandrodesign.ro/collections/veioze-dormitor,hálószoba lámpák,200,https://www.alessandrodesign.ro/collections/veioze-dormitor,https://www.alessandrodesign.hu/collections/haloszoba-lampak,replace
301,Hyperlink,https://www.alessandrodesign.hu/blogs/hir/hogyan-valasszuk-ki-a-megfelelo-vilagitotestet-minden-helyiseghez-a-teljes-utmutato,https://www.alessandrodesign.ro/collections/veioze-dormitor,hálószoba lámpák,200,https://www.alessandrodesign.ro/collections/veioze-dormitor,https://www.alessandrodesign.hu/collections/haloszoba-lampak,replace
301,Hyperlink,https://www.alessandrodesign.hu/blogs/hir/ce-inseamna-lumeni-wați-și-kelvini-ghid-simplu-pentru-alegerea-corecta-a-iluminatului,https://www.alessandrodesign.ro/collections/veioze-dormitor,veioză pentru dormitor,200,https://www.alessandrodesign.ro/collections/veioze-dormitor,https://www.alessandrodesign.hu/collections/haloszoba-lampak,replace
301,Hyperlink,https://www.alessandrodesign.hu/collections/tukrozi-a-furdoszobat-led-vel-es-letiltassal,https://www.alessandrodesign.ro/collections/aplice-de-baie,fürdőszoba berendezési tárgyak,200,https://www.alessandrodesign.ro/collections/aplice-de-baie,https://www.alessandrodesign.hu/collections/furdoszoba-lampak,replace
301,Hyperlink,https://www.alessandrodesign.hu/blogs/hir/otletek-kis-kadas-furdoszobakhoz-hogyan-hasznaljunk-tukroket-es-fenyt-a-ter-megteremtesere,https://www.alessandrodesign.ro/collections/aplice-de-baie,fürdőszoba berendezési tárgyak,200,https://www.alessandrodesign.ro/collections/aplice-de-baie,https://www.alessandrodesign.hu/collections/furdoszoba-lampak,replace
301,Hyperlink,https://www.alessandrodesign.hu/collections/tukrozi-a-furdoszobat-led-vel-es-letiltassal?page=1,https://www.alessandrodesign.ro/collections/aplice-de-baie,fürdőszoba berendezési tárgyak,200,https://www.alessandrodesign.ro/collections/aplice-de-baie,https://www.alessandrodesign.hu/collections/furdoszoba-lampak,replace
301,Hyperlink,https://www.alessandrodesign.hu/blogs/hir/hogyan-valasszuk-ki-a-megfelelo-vilagitotestet-minden-helyiseghez-a-teljes-utmutato,https://www.alessandrodesign.ro/collections/aplice-de-baie,fürdőszoba berendezési tárgyak,200,https://www.alessandrodesign.ro/collections/aplice-de-baie,https://www.alessandrodesign.hu/collections/furdoszoba-lampak,replace
301,Hyperlink,https://www.alessandrodesign.hu/blogs/hir/ipari-stilus-otthonaban-teljes-utmutato-a-megfelelo-vilagitasi-rendszer-kivalasztasahoz,https://www.alessandrodesign.ro/collections/aplice-de-baie,fürdőszobai lámpák,200,https://www.alessandrodesign.ro/collections/aplice-de-baie,https://www.alessandrodesign.hu/collections/furdoszoba-lampak,replace
301,Hyperlink,https://www.alessandrodesign.hu/blogs/hir/luster-vs-alkalmazas-mit-valasztunk-a-haz-minden-helyere,https://www.alessandrodesign.ro/collections/aplice-de-baie,A fürdőszobák a fürdőszobákhoz,200,https://www.alessandrodesign.ro/collections/aplice-de-baie,https://www.alessandrodesign.hu/collections/furdoszoba-lampak,replace
301,Hyperlink,https://www.alessandrodesign.hu/collections/belso-lampak,https://www.alessandrodesign.ro/collections/aplice-de-baie?_pos=5&_psq=baie&_ss=e&_v=1.0,Aplice de Baie,200,https://www.alessandrodesign.ro/collections/aplice-de-baie?_pos=5&_psq=baie&_ss=e&_v=1.0,https://www.alessandrodesign.hu/collections/furdoszoba-lampak,replace
301,Hyperlink,https://www.alessandrodesign.hu/collections/furdoszoba,https://www.alessandrodesign.ro/collections/aplice-de-baie?_pos=5&_psq=baie&_ss=e&_v=1.0,Aplice de Baie,200,https://www.alessandrodesign.ro/collections/aplice-de-baie?_pos=5&_psq=baie&_ss=e&_v=1.0,https://www.alessandrodesign.hu/collections/furdoszoba-lampak,replace
301,Hyperlink,https://www.alessandrodesign.hu/collections/csillarok,https://www.alessandrodesign.ro/collections/aplice-de-baie?_pos=5&_psq=baie&_ss=e&_v=1.0,Aplice de Baie,200,https://www.alessandrodesign.ro/collections/aplice-de-baie?_pos=5&_psq=baie&_ss=e&_v=1.0,https://www.alessandrodesign.hu/collections/furdoszoba-lampak,replace
301,Hyperlink,https://www.alessandrodesign.hu/collections/led-fali-alkalmazas,https://www.alessandrodesign.ro/collections/aplice-de-baie?_pos=5&_psq=baie&_ss=e&_v=1.0,Aplice de Baie,200,https://www.alessandrodesign.ro/collections/aplice-de-baie?_pos=5&_psq=baie&_ss=e&_v=1.0,https://www.alessandrodesign.hu/collections/furdoszoba-lampak,replace
301,Hyperlink,https://www.alessandrodesign.hu/collections/belso-lampak?page=1,https://www.alessandrodesign.ro/collections/aplice-de-baie?_pos=5&_psq=baie&_ss=e&_v=1.0,Aplice de Baie,200,https://www.alessandrodesign.ro/collections/aplice-de-baie?_pos=5&_psq=baie&_ss=e&_v=1.0,https://www.alessandrodesign.hu/collections/furdoszoba-lampak,replace
301,Hyperlink,https://www.alessandrodesign.hu/collections/led-fali-alkalmazas?page=1,https://www.alessandrodesign.ro/collections/aplice-de-baie?_pos=5&_psq=baie&_ss=e&_v=1.0,Aplice de Baie,200,https://www.alessandrodesign.ro/collections/aplice-de-baie?_pos=5&_psq=baie&_ss=e&_v=1.0,https://www.alessandrodesign.hu/collections/furdoszoba-lampak,replace
301,Hyperlink,https://www.alessandrodesign.hu/collections/akkumulatorok-es-zuhanyoszlopok,https://www.alessandrodesign.ro/collections/baterii-coloane-de-dus?_pos=3&_psq=dus&_ss=e&_v=1.0,Baterii & Coloane de Dus,200,https://www.alessandrodesign.ro/collections/baterii-coloane-de-dus?_pos=3&_psq=dus&_ss=e&_v=1.0,https://www.alessandrodesign.hu/collections/csaptelepek-es-zuhanyoszlopok,replace
301,Hyperlink,https://www.alessandrodesign.hu/collections/furdoszoba-tukrok,https://www.alessandrodesign.ro/collections/baterii-coloane-de-dus?_pos=3&_psq=dus&_ss=e&_v=1.0,Baterii & Coloane de Dus,200,https://www.alessandrodesign.ro/collections/baterii-coloane-de-dus?_pos=3&_psq=dus&_ss=e&_v=1.0,https://www.alessandrodesign.hu/collections/csaptelepek-es-zuhanyoszlopok,replace
301,Hyperlink,https://www.alessandrodesign.hu/collections/akkumulatorok-furdo-es-konyha,https://www.alessandrodesign.ro/collections/baterii-coloane-de-dus?_pos=3&_psq=dus&_ss=e&_v=1.0,Baterii & Coloane de Dus,200,https://www.alessandrodesign.ro/collections/baterii-coloane-de-dus?_pos=3&_psq=dus&_ss=e&_v=1.0,https://www.alessandrodesign.hu/collections/csaptelepek-es-zuhanyoszlopok,replace
301,Hyperlink,https://www.alessandrodesign.hu/collections/furdoszoba-kiegeszitok,https://www.alessandrodesign.ro/collections/baterii-coloane-de-dus?_pos=3&_psq=dus&_ss=e&_v=1.0,Baterii & Coloane de Dus,200,https://www.alessandrodesign.ro/collections/baterii-coloane-de-dus?_pos=3&_psq=dus&_ss=e&_v=1.0,https://www.alessandrodesign.hu/collections/csaptelepek-es-zuhanyoszlopok,replace
301,Hyperlink,https://www.alessandrodesign.hu/collections/furdoszoba-tukrok?page=1,https://www.alessandrodesign.ro/collections/baterii-coloane-de-dus?_pos=3&_psq=dus&_ss=e&_v=1.0,Baterii & Coloane de Dus,200,https://www.alessandrodesign.ro/collections/baterii-coloane-de-dus?_pos=3&_psq=dus&_ss=e&_v=1.0,https://www.alessandrodesign.hu/collections/csaptelepek-es-zuhanyoszlopok,replace
301,Hyperlink,https://www.alessandrodesign.hu/collections/akkumulatorok-furdo-es-konyha?page=1,https://www.alessandrodesign.ro/collections/baterii-coloane-de-dus?_pos=3&_psq=dus&_ss=e&_v=1.0,Baterii & Coloane de Dus,200,https://www.alessandrodesign.ro/collections/baterii-coloane-de-dus?_pos=3&_psq=dus&_ss=e&_v=1.0,https://www.alessandrodesign.hu/collections/csaptelepek-es-zuhanyoszlopok,replace
301,Hyperlink,https://www.alessandrodesign.hu/collections/modern-csillarok,https://www.alessandrodesign.ro/collections/candelabre-clasice,klasszikus csillárok,200,https://www.alessandrodesign.ro/collections/candelabre-clasice,https://www.alessandrodesign.hu/collections/klasszikus-csillarok,replace
301,Hyperlink,https://www.alessandrodesign.hu/collections/a-letrahaz-csillarjai,https://www.alessandrodesign.ro/collections/candelabre-clasice,klasszikus csillárok,200,https://www.alessandrodesign.ro/collections/candelabre-clasice,https://www.alessandrodesign.hu/collections/klasszikus-csillarok,replace
301,Hyperlink,https://www.alessandrodesign.hu/collections/elo-csillar,https://www.alessandrodesign.ro/collections/candelabre-clasice,klasszikus csillárok,200,https://www.alessandrodesign.ro/collections/candelabre-clasice,https://www.alessandrodesign.hu/collections/klasszikus-csillarok,replace
301,Hyperlink,https://www.alessandrodesign.hu/collections/modern-csillarok?page=1,https://www.alessandrodesign.ro/collections/candelabre-clasice,klasszikus csillárok,200,https://www.alessandrodesign.ro/collections/candelabre-clasice,https://www.alessandrodesign.hu/collections/klasszikus-csillarok,replace
301,Hyperlink,https://www.alessandrodesign.hu/collections/a-letrahaz-csillarjai?page=1,https://www.alessandrodesign.ro/collections/candelabre-clasice,klasszikus csillárok,200,https://www.alessandrodesign.ro/collections/candelabre-clasice,https://www.alessandrodesign.hu/collections/klasszikus-csillarok,replace
301,Hyperlink,https://www.alessandrodesign.hu/collections/elo-csillar?page=1,https://www.alessandrodesign.ro/collections/candelabre-clasice,klasszikus csillárok,200,https://www.alessandrodesign.ro/collections/candelabre-clasice,https://www.alessandrodesign.hu/collections/klasszikus-csillarok,replace
301,Hyperlink,https://www.alessandrodesign.hu/collections/led-csillapitas,https://www.alessandrodesign.ro/collections/lustre-led-bucatarie,konyhai LED csillárok,200,https://www.alessandrodesign.ro/collections/lustre-led-bucatarie,https://www.alessandrodesign.hu/collections/konyhai-led-csillarok,replace
301,Hyperlink,https://www.alessandrodesign.hu/collections/led-csillapitas?page=1,https://www.alessandrodesign.ro/collections/lustre-led-bucatarie,konyhai LED csillárok,200,https://www.alessandrodesign.ro/collections/lustre-led-bucatarie,https://www.alessandrodesign.hu/collections/konyhai-led-csillarok,replace
301,Hyperlink,https://www.alessandrodesign.hu/blogs/hir/hogyan-rendezzunk-be-egy-modern-lakast-otletek-es-gyakorlati-tanacsok,https://www.alessandrodesign.ro/collections/lustre-led-bucatarie,itt találhatóak a LED-es csillárok a konyhába,200,https://www.alessandrodesign.ro/collections/lustre-led-bucatarie,https://www.alessandrodesign.hu/collections/konyhai-led-csillarok,replace
301,Hyperlink,https://www.alessandrodesign.hu/blogs/hir/hogyan-vigyunk-csillogast-a-belsoepiteszetbe-anelkul-hogy-tulzasba-esnenk,https://www.alessandrodesign.ro/collections/lustre-led-bucatarie,LED-es csillár a konyhába,200,https://www.alessandrodesign.ro/collections/lustre-led-bucatarie,https://www.alessandrodesign.hu/collections/konyhai-led-csillarok,replace
301,Hyperlink,https://www.alessandrodesign.hu/blogs/hir/konyhai-elrendezes-a-vilagitas-es-a-ter-hatekony-szervezesenek-otletei,https://www.alessandrodesign.ro/collections/lustre-led-bucatarie,LED konyha LED -mel,200,https://www.alessandrodesign.ro/collections/lustre-led-bucatarie,https://www.alessandrodesign.hu/collections/konyhai-led-csillarok,replace
301,Hyperlink,https://www.alessandrodesign.hu/blogs/hir/luster-vs-alkalmazas-mit-valasztunk-a-haz-minden-helyere,https://www.alessandrodesign.ro/collections/lustre-led-bucatarie,LED -fény a konyhához,200,https://www.alessandrodesign.ro/collections/lustre-led-bucatarie,https://www.alessandrodesign.hu/collections/konyhai-led-csillarok,replace
301,Hyperlink,https://www.alessandrodesign.hu/collections/led-csillapitas,https://www.alessandrodesign.ro/collections/lustre-led-cu-telecomanda,LED csillárok távirányítóval,200,https://www.alessandrodesign.ro/collections/lustre-led-cu-telecomanda,https://www.alessandrodesign.hu/collections/led-csillarok-taviranyitoval,replace
301,Hyperlink,https://www.alessandrodesign.hu/collections/led-csillapitas?page=1,https://www.alessandrodesign.ro/collections/lustre-led-cu-telecomanda,LED csillárok távirányítóval,200,https://www.alessandrodesign.ro/collections/lustre-led-cu-telecomanda,https://www.alessandrodesign.hu/collections/led-csillarok-taviranyitoval,replace
301,Hyperlink,https://www.alessandrodesign.hu/blogs/hir/milyen-magassagban-van-felszerelve-a-csillar-gyakorlati-utmutato-minden-helyiseghez,https://www.alessandrodesign.ro/collections/lustre-led-cu-telecomanda,LED csillárok távirányítóval,200,https://www.alessandrodesign.ro/collections/lustre-led-cu-telecomanda,https://www.alessandrodesign.hu/collections/led-csillarok-taviranyitoval,replace
301,Hyperlink,https://www.alessandrodesign.hu/blogs/hir/meleg-feny-vs-hideg-feny-mi-a-kulonbseg-es-hogyan-befolyasolja-a-legkort,https://www.alessandrodesign.ro/collections/lustre-led-cu-telecomanda,LED csillárok távirányítóval,200,https://www.alessandrodesign.ro/collections/lustre-led-cu-telecomanda,https://www.alessandrodesign.hu/collections/led-csillarok-taviranyitoval,replace
301,Hyperlink,https://www.alessandrodesign.hu/blogs/hir/hogyan-valasszuk-ki-a-megfelelo-vilagitotestet-minden-helyiseghez-a-teljes-utmutato,https://www.alessandrodesign.ro/collections/lustre-led-cu-telecomanda,LED csillárok távirányítóval,200,https://www.alessandrodesign.ro/collections/lustre-led-cu-telecomanda,https://www.alessandrodesign.hu/collections/led-csillarok-taviranyitoval,replace
301,Hyperlink,https://www.alessandrodesign.hu/blogs/hir/a-led-csillar-mintazatanak-5-legfontosabb-trendje-2025-re,https://www.alessandrodesign.ro/collections/lustre-led-cu-telecomanda,LED LUD Luster távirányítóval,200,https://www.alessandrodesign.ro/collections/lustre-led-cu-telecomanda,https://www.alessandrodesign.hu/collections/led-csillarok-taviranyitoval,replace
301,Hyperlink,https://www.alessandrodesign.hu/collections/szureti-csillar,https://www.alessandrodesign.ro/collections/lustre-moderne,Lustre cu bec moderne,200,https://www.alessandrodesign.ro/collections/lustre-moderne,https://www.alessandrodesign.hu/collections/modern-csillarok-1,replace
301,Hyperlink,https://www.alessandrodesign.hu/collections/gyermekkamra,https://www.alessandrodesign.ro/collections/lustre-moderne,Lustre cu bec moderne,200,https://www.alessandrodesign.ro/collections/lustre-moderne,https://www.alessandrodesign.hu/collections/modern-csillarok-1,replace
301,Hyperlink,https://www.alessandrodesign.hu/collections/klasszikus-csillarok-1,https://www.alessandrodesign.ro/collections/lustre-moderne,Lustre cu bec moderne,200,https://www.alessandrodesign.ro/collections/lustre-moderne,https://www.alessandrodesign.hu/collections/modern-csillarok-1,replace
301,Hyperlink,https://www.alessandrodesign.hu/collections/szureti-csillar?page=1,https://www.alessandrodesign.ro/collections/lustre-moderne,Lustre cu bec moderne,200,https://www.alessandrodesign.ro/collections/lustre-moderne,https://www.alessandrodesign.hu/collections/modern-csillarok-1,replace
301,Hyperlink,https://www.alessandrodesign.hu/collections/gyermekkamra?page=1,https://www.alessandrodesign.ro/collections/lustre-moderne,Lustre cu bec moderne,200,https://www.alessandrodesign.ro/collections/lustre-moderne,https://www.alessandrodesign.hu/collections/modern-csillarok-1,replace
301,Hyperlink,https://www.alessandrodesign.hu/collections/klasszikus-csillarok-1?page=1,https://www.alessandrodesign.ro/collections/lustre-moderne,Lustre cu bec moderne,200,https://www.alessandrodesign.ro/collections/lustre-moderne,https://www.alessandrodesign.hu/collections/modern-csillarok-1,replace
301,Hyperlink,https://www.alessandrodesign.hu/collections/tukrozi-a-furdoszobat-led-vel-es-letiltassal,https://www.alessandrodesign.ro/collections/mobilier-baie,fürdőszoba bútor,200,https://www.alessandrodesign.ro/collections/mobilier-baie,https://www.alessandrodesign.hu/collections/furdoszoba-butor,replace
301,Hyperlink,https://www.alessandrodesign.hu/blogs/hir/otletek-kis-kadas-furdoszobakhoz-hogyan-hasznaljunk-tukroket-es-fenyt-a-ter-megteremtesere,https://www.alessandrodesign.ro/collections/mobilier-baie,Fürdőszoba bútor,200,https://www.alessandrodesign.ro/collections/mobilier-baie,https://www.alessandrodesign.hu/collections/furdoszoba-butor,replace
301,Hyperlink,https://www.alessandrodesign.hu/blogs/hir/hogyan-tervezzunk-egy-kis-furdoszobat-trukkok-a-hely-maximalizalasara,https://www.alessandrodesign.ro/collections/mobilier-baie,a fürdőszobabútor kollekció,200,https://www.alessandrodesign.ro/collections/mobilier-baie,https://www.alessandrodesign.hu/collections/furdoszoba-butor,replace
301,Hyperlink,https://www.alessandrodesign.hu/blogs/hir/hogyan-tervezzunk-egy-kis-furdoszobat-trukkok-a-hely-maximalizalasara,https://www.alessandrodesign.ro/collections/mobilier-baie,fürdőszoba bútor,200,https://www.alessandrodesign.ro/collections/mobilier-baie,https://www.alessandrodesign.hu/collections/furdoszoba-butor,replace
301,Hyperlink,https://www.alessandrodesign.hu/collections/tukrozi-a-furdoszobat-led-vel-es-letiltassal?page=1,https://www.alessandrodesign.ro/collections/mobilier-baie,fürdőszoba bútor,200,https://www.alessandrodesign.ro/collections/mobilier-baie,https://www.alessandrodesign.hu/collections/furdoszoba-butor,replace
301,Hyperlink,https://www.alessandrodesign.hu/blogs/hir/teljes-utmutato-a-mosogato-akkumulatorok-karbantartasahoz-tippek-es-trukkok,https://www.alessandrodesign.ro/collections/mobilier-baie,fürdőszoba bútor,200,https://www.alessandrodesign.ro/collections/mobilier-baie,https://www.alessandrodesign.hu/collections/furdoszoba-butor,replace
301,Hyperlink,https://www.alessandrodesign.hu/collections/led-csillapitas,https://www.alessandrodesign.ro/collections/plafoniere-led?_pos=1&_psq=plafoniere&_ss=e&_v=1.0,Plafoniere LED,200,https://www.alessandrodesign.ro/collections/plafoniere-led-1,https://www.alessandrodesign.hu/collections/led-mennyezeti-lampak,replace
301,Hyperlink,https://www.alessandrodesign.hu/collections/foltok,https://www.alessandrodesign.ro/collections/plafoniere-led?_pos=1&_psq=plafoniere&_ss=e&_v=1.0,Plafoniere LED,200,https://www.alessandrodesign.ro/collections/plafoniere-led-1,https://www.alessandrodesign.hu/collections/led-mennyezeti-lampak,replace
301,Hyperlink,https://www.alessandrodesign.hu/collections/magneses-sina-projektorok,https://www.alessandrodesign.ro/collections/plafoniere-led?_pos=1&_psq=plafoniere&_ss=e&_v=1.0,Plafoniere LED,200,https://www.alessandrodesign.ro/collections/plafoniere-led-1,https://www.alessandrodesign.hu/collections/led-mennyezeti-lampak,replace
301,Hyperlink,https://www.alessandrodesign.hu/collections/gyertyatarto,https://www.alessandrodesign.ro/collections/plafoniere-led?_pos=1&_psq=plafoniere&_ss=e&_v=1.0,Plafoniere LED,200,https://www.alessandrodesign.ro/collections/plafoniere-led-1,https://www.alessandrodesign.hu/collections/led-mennyezeti-lampak,replace
301,Hyperlink,https://www.alessandrodesign.hu/collections/led-csillapitas?page=1,https://www.alessandrodesign.ro/collections/plafoniere-led?_pos=1&_psq=plafoniere&_ss=e&_v=1.0,Plafoniere LED,200,https://www.alessandrodesign.ro/collections/plafoniere-led-1,https://www.alessandrodesign.hu/collections/led-mennyezeti-lampak,replace
301,Hyperlink,https://www.alessandrodesign.hu/collections/gyertyatarto?page=1,https://www.alessandrodesign.ro/collections/plafoniere-led?_pos=1&_psq=plafoniere&_ss=e&_v=1.0,Plafoniere LED,200,https://www.alessandrodesign.ro/collections/plafoniere-led-1,https://www.alessandrodesign.hu/collections/led-mennyezeti-lampak,replace
301,Hyperlink,https://www.alessandrodesign.hu/blogs/hir/cum-combini-mai-multe-surse-de-lumina-intr-o-camera,https://www.alessandrodesign.ro/blogs/news/ce-este-intensitatea-luminii-si-cum-influenteaza-iluminatul-in-casa,ce este intensitatea luminii și cum influențează iluminatul în casă,200,https://www.alessandrodesign.ro/blogs/news/ce-este-intensitatea-luminii-si-cum-influenteaza-iluminatul-in-casa,https://www.alessandrodesign.hu/blogs/hir/mi-a-fenyintenzitas-es-hogyan-befolyasolja-az-otthoni-vilagitast,replace
301,Hyperlink,https://www.alessandrodesign.hu/blogs/hir/ce-diferența-este-intre-lumina-calda-neutra-și-rece,https://www.alessandrodesign.ro/blogs/news/ce-este-intensitatea-luminii-si-cum-influenteaza-iluminatul-in-casa,intensitatea luminii,200,https://www.alessandrodesign.ro/blogs/news/ce-este-intensitatea-luminii-si-cum-influenteaza-iluminatul-in-casa,https://www.alessandrodesign.hu/blogs/hir/mi-a-fenyintenzitas-es-hogyan-befolyasolja-az-otthoni-vilagitast,replace
301,Hyperlink,https://www.alessandrodesign.hu/blogs/hir/pincetervezesi-otletek-egyszeru-megoldasok-a-feny-a-ter-es-a-kenyelem-erdekeben,https://www.alessandrodesign.ro/blogs/news/ce-este-intensitatea-luminii-si-cum-influenteaza-iluminatul-in-casa,fényintenzitás,200,https://www.alessandrodesign.ro/blogs/news/ce-este-intensitatea-luminii-si-cum-influenteaza-iluminatul-in-casa,https://www.alessandrodesign.hu/blogs/hir/mi-a-fenyintenzitas-es-hogyan-befolyasolja-az-otthoni-vilagitast,replace
301,Hyperlink,https://www.alessandrodesign.hu/blogs/hir/modern-loft-kialakitas-gyakorlati-utmutato-a-vilagitashoz-es-a-tervezeshez,https://www.alessandrodesign.ro/blogs/news/ce-este-intensitatea-luminii-si-cum-influenteaza-iluminatul-in-casa,fényintenzitás,200,https://www.alessandrodesign.ro/blogs/news/ce-este-intensitatea-luminii-si-cum-influenteaza-iluminatul-in-casa,https://www.alessandrodesign.hu/blogs/hir/mi-a-fenyintenzitas-es-hogyan-befolyasolja-az-otthoni-vilagitast,replace
301,Hyperlink,https://www.alessandrodesign.hu/blogs/hir/mi-az-a-reteges-vilagitas-es-miert-hasznaljak-a-belsoepiteszek-minden-modern-projektben,https://www.alessandrodesign.ro/blogs/news/ce-este-intensitatea-luminii-si-cum-influenteaza-iluminatul-in-casa,fényintenzitás,200,https://www.alessandrodesign.ro/blogs/news/ce-este-intensitatea-luminii-si-cum-influenteaza-iluminatul-in-casa,https://www.alessandrodesign.hu/blogs/hir/mi-a-fenyintenzitas-es-hogyan-befolyasolja-az-otthoni-vilagitast,replace
301,Hyperlink,https://www.alessandrodesign.hu/blogs/hir/hogyan-valasszuk-ki-a-megfelelo-haloszobalampat-teljes-utmutato-a-stilushoz-es-a-funkciohoz,https://www.alessandrodesign.ro/blogs/news/ce-este-intensitatea-luminii-si-cum-influenteaza-iluminatul-in-casa,fényintenzitás,200,https://www.alessandrodesign.ro/blogs/news/ce-este-intensitatea-luminii-si-cum-influenteaza-iluminatul-in-casa,https://www.alessandrodesign.hu/blogs/hir/mi-a-fenyintenzitas-es-hogyan-befolyasolja-az-otthoni-vilagitast,replace
301,Hyperlink,https://www.alessandrodesign.hu/blogs/hir/ce-inseamna-lumeni-wați-și-kelvini-ghid-simplu-pentru-alegerea-corecta-a-iluminatului,https://www.alessandrodesign.ro/blogs/news/ce-este-intensitatea-luminii-si-cum-influenteaza-iluminatul-in-casa,ce este intensitatea luminii și cum influențează iluminatul în casă,200,https://www.alessandrodesign.ro/blogs/news/ce-este-intensitatea-luminii-si-cum-influenteaza-iluminatul-in-casa,https://www.alessandrodesign.hu/blogs/hir/mi-a-fenyintenzitas-es-hogyan-befolyasolja-az-otthoni-vilagitast,replace
301,Hyperlink,https://www.alessandrodesign.hu/blogs/hir/otletek-kis-kadas-furdoszobakhoz-hogyan-hasznaljunk-tukroket-es-fenyt-a-ter-megteremtesere,https://www.alessandrodesign.ro/blogs/news/protectiile-la-factorii-de-mediu-ce-inseamna-ip20-ip21-ip40-ip65-etc,"mit jelent az IP20, IP21, IP40, IP65 stb.?",200,https://www.alessandrodesign.ro/blogs/news/protectiile-la-factorii-de-mediu-ce-inseamna-ip20-ip21-ip40-ip65-etc,https://www.alessandrodesign.hu/blogs/hir/kornyezeti-tenyezok-elleni-vedelem-mit-jelent-az-ip20-ip21-ip40-ip65-stb,replace
301,Hyperlink,https://www.alessandrodesign.hu/blogs/hir/pincetervezesi-otletek-egyszeru-megoldasok-a-feny-a-ter-es-a-kenyelem-erdekeben,https://www.alessandrodesign.ro/blogs/news/protectiile-la-factorii-de-mediu-ce-inseamna-ip20-ip21-ip40-ip65-etc,környezeti tényezők elleni védelem,200,https://www.alessandrodesign.ro/blogs/news/protectiile-la-factorii-de-mediu-ce-inseamna-ip20-ip21-ip40-ip65-etc,https://www.alessandrodesign.hu/blogs/hir/kornyezeti-tenyezok-elleni-vedelem-mit-jelent-az-ip20-ip21-ip40-ip65-stb,replace
301,Hyperlink,https://www.alessandrodesign.hu/blogs/hir/modern-loft-kialakitas-gyakorlati-utmutato-a-vilagitashoz-es-a-tervezeshez,https://www.alessandrodesign.ro/blogs/news/protectiile-la-factorii-de-mediu-ce-inseamna-ip20-ip21-ip40-ip65-etc,"környezeti tényezők elleni védelem – IP20, IP40, IP65",200,https://www.alessandrodesign.ro/blogs/news/protectiile-la-factorii-de-mediu-ce-inseamna-ip20-ip21-ip40-ip65-etc,https://www.alessandrodesign.hu/blogs/hir/kornyezeti-tenyezok-elleni-vedelem-mit-jelent-az-ip20-ip21-ip40-ip65-stb,replace
301,Hyperlink,https://www.alessandrodesign.hu/blogs/hir/mi-az-a-reteges-vilagitas-es-miert-hasznaljak-a-belsoepiteszek-minden-modern-projektben,https://www.alessandrodesign.ro/blogs/news/protectiile-la-factorii-de-mediu-ce-inseamna-ip20-ip21-ip40-ip65-etc,környezeti tényezők védelme és IP osztályok,200,https://www.alessandrodesign.ro/blogs/news/protectiile-la-factorii-de-mediu-ce-inseamna-ip20-ip21-ip40-ip65-etc,https://www.alessandrodesign.hu/blogs/hir/kornyezeti-tenyezok-elleni-vedelem-mit-jelent-az-ip20-ip21-ip40-ip65-stb,replace
301,Hyperlink,https://www.alessandrodesign.hu/blogs/hir/vilagitasi-trendek-2026-ban-milyen-vilagitotesteket-valasszunk,https://www.alessandrodesign.ro/blogs/news/protectiile-la-factorii-de-mediu-ce-inseamna-ip20-ip21-ip40-ip65-etc,környezeti tényezők elleni védelem,200,https://www.alessandrodesign.ro/blogs/news/protectiile-la-factorii-de-mediu-ce-inseamna-ip20-ip21-ip40-ip65-etc,https://www.alessandrodesign.hu/blogs/hir/kornyezeti-tenyezok-elleni-vedelem-mit-jelent-az-ip20-ip21-ip40-ip65-stb,replace
301,Hyperlink,https://www.alessandrodesign.hu/blogs/hir/walk-in-furdoszoba-inspiracio-a-tiszta-pihenteto-es-modern-dizajnhoz,https://www.alessandrodesign.ro/blogs/news/protectiile-la-factorii-de-mediu-ce-inseamna-ip20-ip21-ip40-ip65-etc,világítótestek a környezeti tényezők elleni védelemmel,200,https://www.alessandrodesign.ro/blogs/news/protectiile-la-factorii-de-mediu-ce-inseamna-ip20-ip21-ip40-ip65-etc,https://www.alessandrodesign.hu/blogs/hir/kornyezeti-tenyezok-elleni-vedelem-mit-jelent-az-ip20-ip21-ip40-ip65-stb,replace
301,Hyperlink,https://www.alessandrodesign.hu/blogs/hir/ce-trebuie-sa-verifici-la-o-oglinda-led-cu-dezaburire-inainte-de-a-o-monta,https://www.alessandrodesign.ro/blogs/news/protectiile-la-factorii-de-mediu-ce-inseamna-ip20-ip21-ip40-ip65-etc,https://www.alessandrodesign.ro/blogs/news/protectiile-la-factorii-de-mediu-ce-inseamna-ip20-ip21-ip40-ip65-etc,200,https://www.alessandrodesign.ro/blogs/news/protectiile-la-factorii-de-mediu-ce-inseamna-ip20-ip21-ip40-ip65-etc,https://www.alessandrodesign.hu/blogs/hir/kornyezeti-tenyezok-elleni-vedelem-mit-jelent-az-ip20-ip21-ip40-ip65-stb,replace
301,Hyperlink,https://www.alessandrodesign.hu/collections/szureti-csillar,https://www.alessandrodesign.ro/collections/lustre-camera-copiilor,Lustre Camera Copiilor,200,https://www.alessandrodesign.ro/collections/lustre-camera-copiilor,https://www.alessandrodesign.hu/collections/gyermekszoba-csillarok,replace
301,Hyperlink,https://www.alessandrodesign.hu/collections/modern-csillarok-1,https://www.alessandrodesign.ro/collections/lustre-camera-copiilor,Lustre Camera Copiilor,200,https://www.alessandrodesign.ro/collections/lustre-camera-copiilor,https://www.alessandrodesign.hu/collections/gyermekszoba-csillarok,replace
301,Hyperlink,https://www.alessandrodesign.hu/collections/klasszikus-csillarok-1,https://www.alessandrodesign.ro/collections/lustre-camera-copiilor,Lustre Camera Copiilor,200,https://www.alessandrodesign.ro/collections/lustre-camera-copiilor,https://www.alessandrodesign.hu/collections/gyermekszoba-csillarok,replace
301,Hyperlink,https://www.alessandrodesign.hu/blogs/hir/amenajare-camera-fete-idei-moderne-luminoase-și-ușor-de-aplicat,https://www.alessandrodesign.ro/collections/lustre-camera-copiilor,lustrele pentru camera copiilor,200,https://www.alessandrodesign.ro/collections/lustre-camera-copiilor,https://www.alessandrodesign.hu/collections/gyermekszoba-csillarok,replace
301,Hyperlink,https://www.alessandrodesign.hu/collections/szureti-csillar?page=1,https://www.alessandrodesign.ro/collections/lustre-camera-copiilor,Lustre Camera Copiilor,200,https://www.alessandrodesign.ro/collections/lustre-camera-copiilor,https://www.alessandrodesign.hu/collections/gyermekszoba-csillarok,replace
301,Hyperlink,https://www.alessandrodesign.hu/collections/modern-csillarok-1?page=1,https://www.alessandrodesign.ro/collections/lustre-camera-copiilor,Lustre Camera Copiilor,200,https://www.alessandrodesign.ro/collections/lustre-camera-copiilor,https://www.alessandrodesign.hu/collections/gyermekszoba-csillarok,replace
301,Hyperlink,https://www.alessandrodesign.hu/collections/klasszikus-csillarok-1?page=1,https://www.alessandrodesign.ro/collections/lustre-camera-copiilor,Lustre Camera Copiilor,200,https://www.alessandrodesign.ro/collections/lustre-camera-copiilor,https://www.alessandrodesign.hu/collections/gyermekszoba-csillarok,replace
301,Hyperlink,https://www.alessandrodesign.hu/collections/femes-fenyek,https://www.alessandrodesign.ro/collections/lustre-cu-bec,izzós csillárok,200,https://www.alessandrodesign.ro/collections/lustre-cu-bec,https://www.alessandrodesign.hu/collections/csillarok-2,replace
301,Hyperlink,https://www.alessandrodesign.hu/collections/vilagito-test,https://www.alessandrodesign.ro/collections/lustre-cu-bec,izzós csillárok,200,https://www.alessandrodesign.ro/collections/lustre-cu-bec,https://www.alessandrodesign.hu/collections/csillarok-2,replace
301,Hyperlink,https://www.alessandrodesign.hu/collections/modern-csillarok,https://www.alessandrodesign.ro/collections/lustre-cu-bec,izzós csillárok,200,https://www.alessandrodesign.ro/collections/lustre-cu-bec,https://www.alessandrodesign.hu/collections/csillarok-2,replace
301,Hyperlink,https://www.alessandrodesign.hu/blogs/hir/vilagitasi-trendek-2026-ban-milyen-vilagitotesteket-valasszunk,https://www.alessandrodesign.ro/collections/lustre-cu-bec,izzós csillárok,200,https://www.alessandrodesign.ro/collections/lustre-cu-bec,https://www.alessandrodesign.hu/collections/csillarok-2,replace
301,Hyperlink,https://www.alessandrodesign.hu/collections/vilagito-test?page=1,https://www.alessandrodesign.ro/collections/lustre-cu-bec,izzós csillárok,200,https://www.alessandrodesign.ro/collections/lustre-cu-bec,https://www.alessandrodesign.hu/collections/csillarok-2,replace
301,Hyperlink,https://www.alessandrodesign.hu/collections/modern-csillarok?page=1,https://www.alessandrodesign.ro/collections/lustre-cu-bec,izzós csillárok,200,https://www.alessandrodesign.ro/collections/lustre-cu-bec,https://www.alessandrodesign.hu/collections/csillarok-2,replace
301,Hyperlink,https://www.alessandrodesign.hu/collections/femes-fenyek?page=1,https://www.alessandrodesign.ro/collections/lustre-cu-bec,izzós csillárok,200,https://www.alessandrodesign.ro/collections/lustre-cu-bec,https://www.alessandrodesign.hu/collections/csillarok-2,replace
301,Hyperlink,https://www.alessandrodesign.hu/blogs/hir/milyen-magassagban-van-felszerelve-a-csillar-gyakorlati-utmutato-minden-helyiseghez,https://www.alessandrodesign.ro/collections/lustre-cu-bec,izzós csillárok,200,https://www.alessandrodesign.ro/collections/lustre-cu-bec,https://www.alessandrodesign.hu/collections/csillarok-2,replace
301,Hyperlink,https://www.alessandrodesign.hu/collections/led-led-luster,https://www.alessandrodesign.ro/collections/lustre-led-scandinave,Skandináv stílusú csillár,404,https://www.alessandrodesign.ro/collections/lustre-led-scandinave,,remove/manual
301,Hyperlink,https://www.alessandrodesign.hu/collections/csillogo-led-haloszoba,https://www.alessandrodesign.ro/collections/lustre-led-scandinave,skandináv stílusú csillár,404,https://www.alessandrodesign.ro/collections/lustre-led-scandinave,,remove/manual
301,Hyperlink,https://www.alessandrodesign.hu/collections/konyha-vezette-csillar,https://www.alessandrodesign.ro/collections/lustre-led-scandinave,skandináv stílusú csillár,404,https://www.alessandrodesign.ro/collections/lustre-led-scandinave,,remove/manual
301,Hyperlink,https://www.alessandrodesign.hu/collections/led-led-luster?page=1,https://www.alessandrodesign.ro/collections/lustre-led-scandinave,Skandináv stílusú csillár,404,https://www.alessandrodesign.ro/collections/lustre-led-scandinave,,remove/manual
301,Hyperlink,https://www.alessandrodesign.hu/collections/csillogo-led-haloszoba?page=1,https://www.alessandrodesign.ro/collections/lustre-led-scandinave,skandináv stílusú csillár,404,https://www.alessandrodesign.ro/collections/lustre-led-scandinave,,remove/manual
301,Hyperlink,https://www.alessandrodesign.hu/collections/konyha-vezette-csillar?page=1,https://www.alessandrodesign.ro/collections/lustre-led-scandinave,skandináv stílusú csillár,404,https://www.alessandrodesign.ro/collections/lustre-led-scandinave,,remove/manual
301,Hyperlink,https://www.alessandrodesign.hu/blogs/hir/a-led-csillar-mintazatanak-5-legfontosabb-trendje-2025-re,https://www.alessandrodesign.ro/collections/lustre-led-scandinave,LED LED Skandináv stílusban,404,https://www.alessandrodesign.ro/collections/lustre-led-scandinave,,remove/manual
301,Hyperlink,https://www.alessandrodesign.hu/blogs/hir/skandinav-stilus-jellemzok-beallitas-es-ajanlott-termekek,https://www.alessandrodesign.ro/collections/lustre-led-scandinave,LED LUD Luster Scrance stílusban,404,https://www.alessandrodesign.ro/collections/lustre-led-scandinave,,remove/manual
301,Hyperlink,https://www.alessandrodesign.hu/collections/gyermekkamra,https://www.alessandrodesign.ro/collections/lustre-vintage,Lustre Vintage,200,https://www.alessandrodesign.ro/collections/lustre-vintage,https://www.alessandrodesign.hu/collections/vintage-csillarok,replace
301,Hyperlink,https://www.alessandrodesign.hu/collections/modern-csillarok-1,https://www.alessandrodesign.ro/collections/lustre-vintage,Lustre Vintage,200,https://www.alessandrodesign.ro/collections/lustre-vintage,https://www.alessandrodesign.hu/collections/vintage-csillarok,replace
301,Hyperlink,https://www.alessandrodesign.hu/collections/klasszikus-csillarok-1,https://www.alessandrodesign.ro/collections/lustre-vintage,Lustre Vintage,200,https://www.alessandrodesign.ro/collections/lustre-vintage,https://www.alessandrodesign.hu/collections/vintage-csillarok,replace
301,Hyperlink,https://www.alessandrodesign.hu/blogs/hir/hogyan-rendezzunk-be-egy-nappalit-autentikus-vintage-stilusban,https://www.alessandrodesign.ro/collections/lustre-vintage,vintage szemüveg,200,https://www.alessandrodesign.ro/collections/lustre-vintage,https://www.alessandrodesign.hu/collections/vintage-csillarok,replace
301,Hyperlink,https://www.alessandrodesign.hu/collections/gyermekkamra?page=1,https://www.alessandrodesign.ro/collections/lustre-vintage,Lustre Vintage,200,https://www.alessandrodesign.ro/collections/lustre-vintage,https://www.alessandrodesign.hu/collections/vintage-csillarok,replace
301,Hyperlink,https://www.alessandrodesign.hu/collections/modern-csillarok-1?page=1,https://www.alessandrodesign.ro/collections/lustre-vintage,Lustre Vintage,200,https://www.alessandrodesign.ro/collections/lustre-vintage,https://www.alessandrodesign.hu/collections/vintage-csillarok,replace
301,Hyperlink,https://www.alessandrodesign.hu/collections/klasszikus-csillarok-1?page=1,https://www.alessandrodesign.ro/collections/lustre-vintage,Lustre Vintage,200,https://www.alessandrodesign.ro/collections/lustre-vintage,https://www.alessandrodesign.hu/collections/vintage-csillarok,replace
301,Hyperlink,https://www.alessandrodesign.hu/blogs/elrendezesi-tippek/rusztikus-belsoepiteszet-inspiralo-otletek-es-alapveto-dekorativ-elemek,https://www.alessandrodesign.ro/collections/lustre-vintage,vintage izzó csillárok,200,https://www.alessandrodesign.ro/collections/lustre-vintage,https://www.alessandrodesign.hu/collections/vintage-csillarok,replace
301,Hyperlink,https://www.alessandrodesign.hu/collections/led-smink-tukrok,https://www.alessandrodesign.ro/collections/oglinzi-led-cu-dulap,led tükrök gardróbbal,200,https://www.alessandrodesign.ro/collections/oglinzi-led-cu-dulap,https://www.alessandrodesign.hu/collections/led-es-tukrok-gardrobbal,replace
301,Hyperlink,https://www.alessandrodesign.hu/blogs/hir/oglinzi-led-pentru-baie-matrimoniala-idei-elegante-pentru-un-efect-wow,https://www.alessandrodesign.ro/collections/oglinzi-led-cu-dulap,oglinda LED cu dulap,200,https://www.alessandrodesign.ro/collections/oglinzi-led-cu-dulap,https://www.alessandrodesign.hu/collections/led-es-tukrok-gardrobbal,replace
301,Hyperlink,https://www.alessandrodesign.hu/collections/led-es-oltozkodesi-tukrok,https://www.alessandrodesign.ro/collections/oglinzi-led-cu-dulap,led tükrök gardróbbal,200,https://www.alessandrodesign.ro/collections/oglinzi-led-cu-dulap,https://www.alessandrodesign.hu/collections/led-es-tukrok-gardrobbal,replace
301,Hyperlink,https://www.alessandrodesign.hu/blogs/hir/cum-alegi-dimensiunea-potrivita-pentru-oglinda-din-baie,https://www.alessandrodesign.ro/collections/oglinzi-led-cu-dulap,https://www.alessandrodesign.ro/collections/oglinzi-led-cu-dulap,200,https://www.alessandrodesign.ro/collections/oglinzi-led-cu-dulap,https://www.alessandrodesign.hu/collections/led-es-tukrok-gardrobbal,replace
301,Hyperlink,https://www.alessandrodesign.hu/blogs/hir/otletek-kis-kadas-furdoszobakhoz-hogyan-hasznaljunk-tukroket-es-fenyt-a-ter-megteremtesere,https://www.alessandrodesign.ro/collections/oglinzi-led-cu-dulap,LED-es tükör szekrénnyel,200,https://www.alessandrodesign.ro/collections/oglinzi-led-cu-dulap,https://www.alessandrodesign.hu/collections/led-es-tukrok-gardrobbal,replace
301,Hyperlink,https://www.alessandrodesign.hu/blogs/hir/hogyan-tervezzunk-egy-kis-furdoszobat-trukkok-a-hely-maximalizalasara,https://www.alessandrodesign.ro/collections/oglinzi-led-cu-dulap,LED-es tükrök szekrénnyel,200,https://www.alessandrodesign.ro/collections/oglinzi-led-cu-dulap,https://www.alessandrodesign.hu/collections/led-es-tukrok-gardrobbal,replace
301,Hyperlink,https://www.alessandrodesign.hu/collections/led-smink-tukrok?page=1,https://www.alessandrodesign.ro/collections/oglinzi-led-cu-dulap,led tükrök gardróbbal,200,https://www.alessandrodesign.ro/collections/oglinzi-led-cu-dulap,https://www.alessandrodesign.hu/collections/led-es-tukrok-gardrobbal,replace
301,Hyperlink,https://www.alessandrodesign.hu/blogs/hir/ce-trebuie-sa-verifici-la-o-oglinda-led-cu-dezaburire-inainte-de-a-o-monta,https://www.alessandrodesign.ro/collections/oglinzi-led-cu-dulap,oglinzi LED cu dulap,200,https://www.alessandrodesign.ro/collections/oglinzi-led-cu-dulap,https://www.alessandrodesign.hu/collections/led-es-tukrok-gardrobbal,replace
301,Hyperlink,https://www.alessandrodesign.hu/collections/led-smink-tukrok,https://www.alessandrodesign.ro/collections/oglinzi-led-dressing,led öltözőtükrök,200,https://www.alessandrodesign.ro/collections/oglinzi-led-dressing,https://www.alessandrodesign.hu/collections/led-es-oltozotukrok,replace
301,Hyperlink,https://www.alessandrodesign.hu/collections/tukrozi-a-furdoszobat-led-vel-es-letiltassal,https://www.alessandrodesign.ro/collections/oglinzi-led-dressing,LED-es öltözői tükrök,200,https://www.alessandrodesign.ro/collections/oglinzi-led-dressing,https://www.alessandrodesign.hu/collections/led-es-oltozotukrok,replace
301,Hyperlink,https://www.alessandrodesign.hu/collections/furdoszoba-tukrok,https://www.alessandrodesign.ro/collections/oglinzi-led-dressing,LED-es öltözőtükrök,200,https://www.alessandrodesign.ro/collections/oglinzi-led-dressing,https://www.alessandrodesign.hu/collections/led-es-oltozotukrok,replace
301,Hyperlink,https://www.alessandrodesign.hu/blogs/hir/amenajare-camera-fete-idei-moderne-luminoase-și-ușor-de-aplicat,https://www.alessandrodesign.ro/collections/oglinzi-led-dressing,Oglinzile LED de dressing,200,https://www.alessandrodesign.ro/collections/oglinzi-led-dressing,https://www.alessandrodesign.hu/collections/led-es-oltozotukrok,replace
301,Hyperlink,https://www.alessandrodesign.hu/collections/tukrozi-a-furdoszobat-led-vel-es-letiltassal?page=1,https://www.alessandrodesign.ro/collections/oglinzi-led-dressing,LED-es öltözői tükrök,200,https://www.alessandrodesign.ro/collections/oglinzi-led-dressing,https://www.alessandrodesign.hu/collections/led-es-oltozotukrok,replace
301,Hyperlink,https://www.alessandrodesign.hu/collections/led-smink-tukrok?page=1,https://www.alessandrodesign.ro/collections/oglinzi-led-dressing,led öltözőtükrök,200,https://www.alessandrodesign.ro/collections/oglinzi-led-dressing,https://www.alessandrodesign.hu/collections/led-es-oltozotukrok,replace
301,Hyperlink,https://www.alessandrodesign.hu/collections/furdoszoba-tukrok?page=1,https://www.alessandrodesign.ro/collections/oglinzi-led-dressing,LED-es öltözőtükrök,200,https://www.alessandrodesign.ro/collections/oglinzi-led-dressing,https://www.alessandrodesign.hu/collections/led-es-oltozotukrok,replace
301,Hyperlink,https://www.alessandrodesign.hu/blogs/hir/kor-alaku-led-es-tukor-a-negyzet-alaku-led-es-tukorrel-szemben-melyik-illik-jobban,https://www.alessandrodesign.ro/collections/oglinzi-led-dressing,LED-es tükrök az öltözőbe,200,https://www.alessandrodesign.ro/collections/oglinzi-led-dressing,https://www.alessandrodesign.hu/collections/led-es-oltozotukrok,replace
301,Hyperlink,https://www.alessandrodesign.hu/collections/szureti-csillar,https://www.alessandrodesign.ro/collections/lustre-cu-abajur?_pos=1&_psq=abajur&_ss=e&_v=1.0,Lustre cu Abajur,200,https://www.alessandrodesign.ro/collections/lustre-clasice?_pos=1&_psq=abajur&_ss=e&_v=1.0,https://www.alessandrodesign.hu/collections/klasszikus-csillarok-1,replace
301,Hyperlink,https://www.alessandrodesign.hu/collections/belso-lampak,https://www.alessandrodesign.ro/collections/lustre-cu-abajur?_pos=1&_psq=abajur&_ss=e&_v=1.0,Lustre cu Abajur,200,https://www.alessandrodesign.ro/collections/lustre-clasice?_pos=1&_psq=abajur&_ss=e&_v=1.0,https://www.alessandrodesign.hu/collections/klasszikus-csillarok-1,replace
301,Hyperlink,https://www.alessandrodesign.hu/collections/gyermekkamra,https://www.alessandrodesign.ro/collections/lustre-cu-abajur?_pos=1&_psq=abajur&_ss=e&_v=1.0,Lustre cu Abajur,200,https://www.alessandrodesign.ro/collections/lustre-clasice?_pos=1&_psq=abajur&_ss=e&_v=1.0,https://www.alessandrodesign.hu/collections/klasszikus-csillarok-1,replace
301,Hyperlink,https://www.alessandrodesign.hu/collections/modern-csillarok-1,https://www.alessandrodesign.ro/collections/lustre-cu-abajur?_pos=1&_psq=abajur&_ss=e&_v=1.0,Lustre cu Abajur,200,https://www.alessandrodesign.ro/collections/lustre-clasice?_pos=1&_psq=abajur&_ss=e&_v=1.0,https://www.alessandrodesign.hu/collections/klasszikus-csillarok-1,replace
301,Hyperlink,https://www.alessandrodesign.hu/collections/furdoszoba,https://www.alessandrodesign.ro/collections/lustre-cu-abajur?_pos=1&_psq=abajur&_ss=e&_v=1.0,Lustre cu Abajur,200,https://www.alessandrodesign.ro/collections/lustre-clasice?_pos=1&_psq=abajur&_ss=e&_v=1.0,https://www.alessandrodesign.hu/collections/klasszikus-csillarok-1,replace
301,Hyperlink,https://www.alessandrodesign.hu/collections/szureti-csillar?page=1,https://www.alessandrodesign.ro/collections/lustre-cu-abajur?_pos=1&_psq=abajur&_ss=e&_v=1.0,Lustre cu Abajur,200,https://www.alessandrodesign.ro/collections/lustre-clasice?_pos=1&_psq=abajur&_ss=e&_v=1.0,https://www.alessandrodesign.hu/collections/klasszikus-csillarok-1,replace
301,Hyperlink,https://www.alessandrodesign.hu/collections/belso-lampak?page=1,https://www.alessandrodesign.ro/collections/lustre-cu-abajur?_pos=1&_psq=abajur&_ss=e&_v=1.0,Lustre cu Abajur,200,https://www.alessandrodesign.ro/collections/lustre-clasice?_pos=1&_psq=abajur&_ss=e&_v=1.0,https://www.alessandrodesign.hu/collections/klasszikus-csillarok-1,replace
301,Hyperlink,https://www.alessandrodesign.hu/collections/gyermekkamra?page=1,https://www.alessandrodesign.ro/collections/lustre-cu-abajur?_pos=1&_psq=abajur&_ss=e&_v=1.0,Lustre cu Abajur,200,https://www.alessandrodesign.ro/collections/lustre-clasice?_pos=1&_psq=abajur&_ss=e&_v=1.0,https://www.alessandrodesign.hu/collections/klasszikus-csillarok-1,replace
301,Hyperlink,https://www.alessandrodesign.hu/collections/modern-csillarok-1?page=1,https://www.alessandrodesign.ro/collections/lustre-cu-abajur?_pos=1&_psq=abajur&_ss=e&_v=1.0,Lustre cu Abajur,200,https://www.alessandrodesign.ro/collections/lustre-clasice?_pos=1&_psq=abajur&_ss=e&_v=1.0,https://www.alessandrodesign.hu/collections/klasszikus-csillarok-1,replace
301,Hyperlink,https://www.alessandrodesign.hu/collections/led-csillapitas,https://www.alessandrodesign.ro/collections/aplice-led?_pos=1&_psq=aplice+led&_ss=e&_v=1.0,Aplice LED,200,https://www.alessandrodesign.ro/collections/aplice?_pos=1&_psq=aplice%20led&_ss=e&_v=1.0,https://www.alessandrodesign.hu/collections/alkalmazni,replace
301,Hyperlink,https://www.alessandrodesign.hu/collections/villam-izzoval,https://www.alessandrodesign.ro/collections/aplice-led?_pos=1&_psq=aplice+led&_ss=e&_v=1.0,Aplice LED,200,https://www.alessandrodesign.ro/collections/aplice?_pos=1&_psq=aplice%20led&_ss=e&_v=1.0,https://www.alessandrodesign.hu/collections/alkalmazni,replace
301,Hyperlink,https://www.alessandrodesign.hu/collections/foltok,https://www.alessandrodesign.ro/collections/aplice-led?_pos=1&_psq=aplice+led&_ss=e&_v=1.0,Aplice LED,200,https://www.alessandrodesign.ro/collections/aplice?_pos=1&_psq=aplice%20led&_ss=e&_v=1.0,https://www.alessandrodesign.hu/collections/alkalmazni,replace
301,Hyperlink,https://www.alessandrodesign.hu/collections/magneses-sina-projektorok,https://www.alessandrodesign.ro/collections/aplice-led?_pos=1&_psq=aplice+led&_ss=e&_v=1.0,Aplice LED,200,https://www.alessandrodesign.ro/collections/aplice?_pos=1&_psq=aplice%20led&_ss=e&_v=1.0,https://www.alessandrodesign.hu/collections/alkalmazni,replace
301,Hyperlink,https://www.alessandrodesign.hu/collections/gyertyatarto,https://www.alessandrodesign.ro/collections/aplice-led?_pos=1&_psq=aplice+led&_ss=e&_v=1.0,Aplice LED,200,https://www.alessandrodesign.ro/collections/aplice?_pos=1&_psq=aplice%20led&_ss=e&_v=1.0,https://www.alessandrodesign.hu/collections/alkalmazni,replace
301,Hyperlink,https://www.alessandrodesign.hu/collections/lampak-es-lampak,https://www.alessandrodesign.ro/collections/aplice-led?_pos=1&_psq=aplice+led&_ss=e&_v=1.0,Aplice LED,200,https://www.alessandrodesign.ro/collections/aplice?_pos=1&_psq=aplice%20led&_ss=e&_v=1.0,https://www.alessandrodesign.hu/collections/alkalmazni,replace
301,Hyperlink,https://www.alessandrodesign.hu/collections/led-csillapitas?page=1,https://www.alessandrodesign.ro/collections/aplice-led?_pos=1&_psq=aplice+led&_ss=e&_v=1.0,Aplice LED,200,https://www.alessandrodesign.ro/collections/aplice?_pos=1&_psq=aplice%20led&_ss=e&_v=1.0,https://www.alessandrodesign.hu/collections/alkalmazni,replace
301,Hyperlink,https://www.alessandrodesign.hu/collections/villam-izzoval?page=1,https://www.alessandrodesign.ro/collections/aplice-led?_pos=1&_psq=aplice+led&_ss=e&_v=1.0,Aplice LED,200,https://www.alessandrodesign.ro/collections/aplice?_pos=1&_psq=aplice%20led&_ss=e&_v=1.0,https://www.alessandrodesign.hu/collections/alkalmazni,replace
301,Hyperlink,https://www.alessandrodesign.hu/collections/gyertyatarto?page=1,https://www.alessandrodesign.ro/collections/aplice-led?_pos=1&_psq=aplice+led&_ss=e&_v=1.0,Aplice LED,200,https://www.alessandrodesign.ro/collections/aplice?_pos=1&_psq=aplice%20led&_ss=e&_v=1.0,https://www.alessandrodesign.hu/collections/alkalmazni,replace
301,Hyperlink,https://www.alessandrodesign.hu/collections/lampak-es-lampak?page=1,https://www.alessandrodesign.ro/collections/aplice-led?_pos=1&_psq=aplice+led&_ss=e&_v=1.0,Aplice LED,200,https://www.alessandrodesign.ro/collections/aplice?_pos=1&_psq=aplice%20led&_ss=e&_v=1.0,https://www.alessandrodesign.hu/collections/alkalmazni,replace
301,Hyperlink,https://www.alessandrodesign.hu/collections/akkumulatorok-es-zuhanyoszlopok,https://www.alessandrodesign.ro/collections/covoare-baie,Covoare Baie,200,https://www.alessandrodesign.ro/collections/covoare-baie,https://www.alessandrodesign.hu/collections/furdoszoba-szonyegek,replace
301,Hyperlink,https://www.alessandrodesign.hu/collections/mosogato-es-mosdo,https://www.alessandrodesign.ro/collections/covoare-baie,Covoare Baie,200,https://www.alessandrodesign.ro/collections/covoare-baie,https://www.alessandrodesign.hu/collections/furdoszoba-szonyegek,replace
301,Hyperlink,https://www.alessandrodesign.hu/collections/furdoszoba-tukrok,https://www.alessandrodesign.ro/collections/covoare-baie,Covoare Baie,200,https://www.alessandrodesign.ro/collections/covoare-baie,https://www.alessandrodesign.hu/collections/furdoszoba-szonyegek,replace
301,Hyperlink,https://www.alessandrodesign.hu/collections/akkumulatorok-furdo-es-konyha,https://www.alessandrodesign.ro/collections/covoare-baie,Covoare Baie,200,https://www.alessandrodesign.ro/collections/covoare-baie,https://www.alessandrodesign.hu/collections/furdoszoba-szonyegek,replace
301,Hyperlink,https://www.alessandrodesign.hu/collections/egyszeru-led-tukrok,https://www.alessandrodesign.ro/collections/covoare-baie,Covoare Baie,200,https://www.alessandrodesign.ro/collections/covoare-baie,https://www.alessandrodesign.hu/collections/furdoszoba-szonyegek,replace
301,Hyperlink,https://www.alessandrodesign.hu/collections/furdoszoba-1,https://www.alessandrodesign.ro/collections/covoare-baie,Covoare Baie,200,https://www.alessandrodesign.ro/collections/covoare-baie,https://www.alessandrodesign.hu/collections/furdoszoba-szonyegek,replace
301,Hyperlink,https://www.alessandrodesign.hu/collections/furdoszoba-kiegeszitok,https://www.alessandrodesign.ro/collections/covoare-baie,Covoare Baie,200,https://www.alessandrodesign.ro/collections/covoare-baie,https://www.alessandrodesign.hu/collections/furdoszoba-szonyegek,replace
301,Hyperlink,https://www.alessandrodesign.hu/collections/furdoszoba-tukrok?page=1,https://www.alessandrodesign.ro/collections/covoare-baie,Covoare Baie,200,https://www.alessandrodesign.ro/collections/covoare-baie,https://www.alessandrodesign.hu/collections/furdoszoba-szonyegek,replace
301,Hyperlink,https://www.alessandrodesign.hu/collections/akkumulatorok-furdo-es-konyha?page=1,https://www.alessandrodesign.ro/collections/covoare-baie,Covoare Baie,200,https://www.alessandrodesign.ro/collections/covoare-baie,https://www.alessandrodesign.hu/collections/furdoszoba-szonyegek,replace
301,Hyperlink,https://www.alessandrodesign.hu/collections/furdoszoba-1?page=1,https://www.alessandrodesign.ro/collections/covoare-baie,Covoare Baie,200,https://www.alessandrodesign.ro/collections/covoare-baie,https://www.alessandrodesign.hu/collections/furdoszoba-szonyegek,replace
301,Hyperlink,https://www.alessandrodesign.hu/collections/led-csillapitas,https://www.alessandrodesign.ro/collections/lustre-led-dormitor,hálószoba LED csillárok,200,https://www.alessandrodesign.ro/collections/lustre-led-dormitor,https://www.alessandrodesign.hu/collections/haloszoba-led-csillarok,replace
301,Hyperlink,https://www.alessandrodesign.hu/blogs/hir/cați-w-ai-nevoie-la-o-lustra-led-ghid-simplu-pe-metri-patrați,https://www.alessandrodesign.ro/collections/lustre-led-dormitor,lustre LED pentru dormitor,200,https://www.alessandrodesign.ro/collections/lustre-led-dormitor,https://www.alessandrodesign.hu/collections/haloszoba-led-csillarok,replace
301,Hyperlink,https://www.alessandrodesign.hu/blogs/hir/ce-diferența-este-intre-lumina-calda-neutra-și-rece,https://www.alessandrodesign.ro/collections/lustre-led-dormitor,lustre LED pentru dormitor,200,https://www.alessandrodesign.ro/collections/lustre-led-dormitor,https://www.alessandrodesign.hu/collections/haloszoba-led-csillarok,replace
301,Hyperlink,https://www.alessandrodesign.hu/collections/led-led-luster,https://www.alessandrodesign.ro/collections/lustre-led-dormitor,hálószoba csillár,200,https://www.alessandrodesign.ro/collections/lustre-led-dormitor,https://www.alessandrodesign.hu/collections/haloszoba-led-csillarok,replace
301,Hyperlink,https://www.alessandrodesign.hu/collections/led-csillapitas?page=1,https://www.alessandrodesign.ro/collections/lustre-led-dormitor,hálószoba LED csillárok,200,https://www.alessandrodesign.ro/collections/lustre-led-dormitor,https://www.alessandrodesign.hu/collections/haloszoba-led-csillarok,replace
301,Hyperlink,https://www.alessandrodesign.hu/collections/led-led-luster?page=1,https://www.alessandrodesign.ro/collections/lustre-led-dormitor,hálószoba csillár,200,https://www.alessandrodesign.ro/collections/lustre-led-dormitor,https://www.alessandrodesign.hu/collections/haloszoba-led-csillarok,replace
301,Hyperlink,https://www.alessandrodesign.hu/blogs/hir/hogyan-alakitsunk-ki-sminkstudiot-otthon-praktikus-otletek,https://www.alessandrodesign.ro/collections/lustre-led-dormitor,csillárok a hálószobába,200,https://www.alessandrodesign.ro/collections/lustre-led-dormitor,https://www.alessandrodesign.hu/collections/haloszoba-led-csillarok,replace
301,Hyperlink,https://www.alessandrodesign.hu/blogs/hir/hogyan-rendezzunk-be-egy-modern-lakast-otletek-es-gyakorlati-tanacsok,https://www.alessandrodesign.ro/collections/lustre-led-dormitor,modern csillár a hálószobába,200,https://www.alessandrodesign.ro/collections/lustre-led-dormitor,https://www.alessandrodesign.hu/collections/haloszoba-led-csillarok,replace
301,Hyperlink,https://www.alessandrodesign.hu/blogs/hir/hogyan-valasszuk-ki-a-megfelelo-vilagitotestet-minden-helyiseghez-a-teljes-utmutato,https://www.alessandrodesign.ro/collections/lustre-led-dormitor,LED csillárok a hálószobába,200,https://www.alessandrodesign.ro/collections/lustre-led-dormitor,https://www.alessandrodesign.hu/collections/haloszoba-led-csillarok,replace
301,Hyperlink,https://www.alessandrodesign.hu/blogs/hir/luster-vs-alkalmazas-mit-valasztunk-a-haz-minden-helyere,https://www.alessandrodesign.ro/collections/lustre-led-dormitor,LED LED a hálószobához,200,https://www.alessandrodesign.ro/collections/lustre-led-dormitor,https://www.alessandrodesign.hu/collections/haloszoba-led-csillarok,replace
301,Hyperlink,https://www.alessandrodesign.hu/collections/fal,https://www.alessandrodesign.ro/collections/pendule,Pendule,200,https://www.alessandrodesign.ro/collections/pendule,https://www.alessandrodesign.hu/collections/inga,replace
301,Hyperlink,https://www.alessandrodesign.hu/collections/led-csillapitas,https://www.alessandrodesign.ro/collections/pendule,Pendule,200,https://www.alessandrodesign.ro/collections/pendule,https://www.alessandrodesign.hu/collections/inga,replace
301,Hyperlink,https://www.alessandrodesign.hu/collections/villam-izzoval,https://www.alessandrodesign.ro/collections/pendule,Pendule,200,https://www.alessandrodesign.ro/collections/pendule,https://www.alessandrodesign.hu/collections/inga,replace
301,Hyperlink,https://www.alessandrodesign.hu/collections/vilagito-test,https://www.alessandrodesign.ro/collections/pendule,Pendule,200,https://www.alessandrodesign.ro/collections/pendule,https://www.alessandrodesign.hu/collections/inga,replace
301,Hyperlink,https://www.alessandrodesign.hu/collections/gyertyatarto,https://www.alessandrodesign.ro/collections/pendule,Pendule,200,https://www.alessandrodesign.ro/collections/pendule,https://www.alessandrodesign.hu/collections/inga,replace
301,Hyperlink,https://www.alessandrodesign.hu/collections/fal?page=1,https://www.alessandrodesign.ro/collections/pendule,Pendule,200,https://www.alessandrodesign.ro/collections/pendule,https://www.alessandrodesign.hu/collections/inga,replace
301,Hyperlink,https://www.alessandrodesign.hu/collections/led-csillapitas?page=1,https://www.alessandrodesign.ro/collections/pendule,Pendule,200,https://www.alessandrodesign.ro/collections/pendule,https://www.alessandrodesign.hu/collections/inga,replace
301,Hyperlink,https://www.alessandrodesign.hu/collections/villam-izzoval?page=1,https://www.alessandrodesign.ro/collections/pendule,Pendule,200,https://www.alessandrodesign.ro/collections/pendule,https://www.alessandrodesign.hu/collections/inga,replace
301,Hyperlink,https://www.alessandrodesign.hu/collections/vilagito-test?page=1,https://www.alessandrodesign.ro/collections/pendule,Pendule,200,https://www.alessandrodesign.ro/collections/pendule,https://www.alessandrodesign.hu/collections/inga,replace
301,Hyperlink,https://www.alessandrodesign.hu/collections/gyertyatarto?page=1,https://www.alessandrodesign.ro/collections/pendule,Pendule,200,https://www.alessandrodesign.ro/collections/pendule,https://www.alessandrodesign.hu/collections/inga,replace
301,Hyperlink,https://www.alessandrodesign.hu/collections/akkumulatorok-es-zuhanyoszlopok,https://www.alessandrodesign.ro/collections/baterii-baie-bucatarie,Baterii baie & bucatarie,200,https://www.alessandrodesign.ro/collections/baterii-baie-bucatarie,https://www.alessandrodesign.hu/collections/furdoszoba-es-konyhai-csaptelepek,replace
301,Hyperlink,https://www.alessandrodesign.hu/collections/led-tukrok-szekrenyben,https://www.alessandrodesign.ro/collections/baterii-baie-bucatarie,baterii pentru baie,200,https://www.alessandrodesign.ro/collections/baterii-baie-bucatarie,https://www.alessandrodesign.hu/collections/furdoszoba-es-konyhai-csaptelepek,replace
301,Hyperlink,https://www.alessandrodesign.hu/collections/mosogato-es-mosdo,https://www.alessandrodesign.ro/collections/baterii-baie-bucatarie,Baterii baie & bucatarie,200,https://www.alessandrodesign.ro/collections/baterii-baie-bucatarie,https://www.alessandrodesign.hu/collections/furdoszoba-es-konyhai-csaptelepek,replace
301,Hyperlink,https://www.alessandrodesign.hu/collections/furdoszoba-tukrok,https://www.alessandrodesign.ro/collections/baterii-baie-bucatarie,Baterii baie & bucatarie,200,https://www.alessandrodesign.ro/collections/baterii-baie-bucatarie,https://www.alessandrodesign.hu/collections/furdoszoba-es-konyhai-csaptelepek,replace
301,Hyperlink,https://www.alessandrodesign.hu/collections/egyszeru-led-tukrok,https://www.alessandrodesign.ro/collections/baterii-baie-bucatarie,Baterii baie & bucatarie,200,https://www.alessandrodesign.ro/collections/baterii-baie-bucatarie,https://www.alessandrodesign.hu/collections/furdoszoba-es-konyhai-csaptelepek,replace
301,Hyperlink,https://www.alessandrodesign.hu/collections/furdoszoba-1,https://www.alessandrodesign.ro/collections/baterii-baie-bucatarie,Baterii baie & bucatarie,200,https://www.alessandrodesign.ro/collections/baterii-baie-bucatarie,https://www.alessandrodesign.hu/collections/furdoszoba-es-konyhai-csaptelepek,replace
301,Hyperlink,https://www.alessandrodesign.hu/collections/furdoszoba-kiegeszitok,https://www.alessandrodesign.ro/collections/baterii-baie-bucatarie,Baterii baie & bucatarie,200,https://www.alessandrodesign.ro/collections/baterii-baie-bucatarie,https://www.alessandrodesign.hu/collections/furdoszoba-es-konyhai-csaptelepek,replace
301,Hyperlink,https://www.alessandrodesign.hu/collections/furdoszoba-tukrok?page=1,https://www.alessandrodesign.ro/collections/baterii-baie-bucatarie,Baterii baie & bucatarie,200,https://www.alessandrodesign.ro/collections/baterii-baie-bucatarie,https://www.alessandrodesign.hu/collections/furdoszoba-es-konyhai-csaptelepek,replace
301,Hyperlink,https://www.alessandrodesign.hu/collections/furdoszoba-1?page=1,https://www.alessandrodesign.ro/collections/baterii-baie-bucatarie,Baterii baie & bucatarie,200,https://www.alessandrodesign.ro/collections/baterii-baie-bucatarie,https://www.alessandrodesign.hu/collections/furdoszoba-es-konyhai-csaptelepek,replace
301,Hyperlink,https://www.alessandrodesign.hu/blogs/hir/teljes-utmutato-a-mosogato-akkumulatorok-karbantartasahoz-tippek-es-trukkok,https://www.alessandrodesign.ro/collections/baterii-baie-bucatarie,mosogató akkumulátorok,200,https://www.alessandrodesign.ro/collections/baterii-baie-bucatarie,https://www.alessandrodesign.hu/collections/furdoszoba-es-konyhai-csaptelepek,replace
301,Hyperlink,https://www.alessandrodesign.hu/blogs/hir/skandinav-stilus-jellemzok-beallitas-es-ajanlott-termekek,https://www.alessandrodesign.ro/collections/baterii-baie-bucatarie,Egészségügyi akkumulátorok minimalista kialakításúak,200,https://www.alessandrodesign.ro/collections/baterii-baie-bucatarie,https://www.alessandrodesign.hu/collections/furdoszoba-es-konyhai-csaptelepek,replace
301,Hyperlink,https://www.alessandrodesign.hu/collections/akkumulatorok-es-zuhanyoszlopok,https://www.alessandrodesign.ro/collections/chiuvete-lavoare,Chiuvete & Lavoare,200,https://www.alessandrodesign.ro/collections/chiuvete-lavoare,https://www.alessandrodesign.hu/collections/mosogatok-es-mosdok,replace
301,Hyperlink,https://www.alessandrodesign.hu/collections/furdoszoba-tukrok,https://www.alessandrodesign.ro/collections/chiuvete-lavoare,Chiuvete & Lavoare,200,https://www.alessandrodesign.ro/collections/chiuvete-lavoare,https://www.alessandrodesign.hu/collections/mosogatok-es-mosdok,replace
301,Hyperlink,https://www.alessandrodesign.hu/collections/akkumulatorok-furdo-es-konyha,https://www.alessandrodesign.ro/collections/chiuvete-lavoare,Chiuvete & Lavoare,200,https://www.alessandrodesign.ro/collections/chiuvete-lavoare,https://www.alessandrodesign.hu/collections/mosogatok-es-mosdok,replace
301,Hyperlink,https://www.alessandrodesign.hu/collections/egyszeru-led-tukrok,https://www.alessandrodesign.ro/collections/chiuvete-lavoare,Chiuvete & Lavoare,200,https://www.alessandrodesign.ro/collections/chiuvete-lavoare,https://www.alessandrodesign.hu/collections/mosogatok-es-mosdok,replace
301,Hyperlink,https://www.alessandrodesign.hu/collections/furdoszoba-1,https://www.alessandrodesign.ro/collections/chiuvete-lavoare,Chiuvete & Lavoare,200,https://www.alessandrodesign.ro/collections/chiuvete-lavoare,https://www.alessandrodesign.hu/collections/mosogatok-es-mosdok,replace
301,Hyperlink,https://www.alessandrodesign.hu/collections/furdoszoba-kiegeszitok,https://www.alessandrodesign.ro/collections/chiuvete-lavoare,Chiuvete & Lavoare,200,https://www.alessandrodesign.ro/collections/chiuvete-lavoare,https://www.alessandrodesign.hu/collections/mosogatok-es-mosdok,replace
301,Hyperlink,https://www.alessandrodesign.hu/blogs/hir/hogyan-tervezzunk-egy-kis-furdoszobat-trukkok-a-hely-maximalizalasara,https://www.alessandrodesign.ro/collections/chiuvete-lavoare,mosogató,200,https://www.alessandrodesign.ro/collections/chiuvete-lavoare,https://www.alessandrodesign.hu/collections/mosogatok-es-mosdok,replace
301,Hyperlink,https://www.alessandrodesign.hu/collections/furdoszoba-tukrok?page=1,https://www.alessandrodesign.ro/collections/chiuvete-lavoare,Chiuvete & Lavoare,200,https://www.alessandrodesign.ro/collections/chiuvete-lavoare,https://www.alessandrodesign.hu/collections/mosogatok-es-mosdok,replace
301,Hyperlink,https://www.alessandrodesign.hu/collections/akkumulatorok-furdo-es-konyha?page=1,https://www.alessandrodesign.ro/collections/chiuvete-lavoare,Chiuvete & Lavoare,200,https://www.alessandrodesign.ro/collections/chiuvete-lavoare,https://www.alessandrodesign.hu/collections/mosogatok-es-mosdok,replace
301,Hyperlink,https://www.alessandrodesign.hu/collections/furdoszoba-1?page=1,https://www.alessandrodesign.ro/collections/chiuvete-lavoare,Chiuvete & Lavoare,200,https://www.alessandrodesign.ro/collections/chiuvete-lavoare,https://www.alessandrodesign.hu/collections/mosogatok-es-mosdok,replace
301,Hyperlink,https://www.alessandrodesign.hu/blogs/hir/teljes-utmutato-a-konyhai-akkumulator-megfelelo-telepitesehez,https://www.alessandrodesign.ro/collections/chiuvete-lavoare,konyhai mosogató,200,https://www.alessandrodesign.ro/collections/chiuvete-lavoare,https://www.alessandrodesign.hu/collections/mosogatok-es-mosdok,replace
301,Hyperlink,https://www.alessandrodesign.hu/blogs/hir/cați-w-ai-nevoie-la-o-lustra-led-ghid-simplu-pe-metri-patrați,https://www.alessandrodesign.ro/collections/lustre-led-living,lustre LED pentru living,200,https://www.alessandrodesign.ro/collections/lustre-led-living,https://www.alessandrodesign.hu/collections/nappali-led-csillarok,replace
301,Hyperlink,https://www.alessandrodesign.hu/collections/modern-csillarok,https://www.alessandrodesign.ro/collections/lustre-led-living,modern nappali csillárok,200,https://www.alessandrodesign.ro/collections/lustre-led-living,https://www.alessandrodesign.hu/collections/nappali-led-csillarok,replace
301,Hyperlink,https://www.alessandrodesign.hu/collections/csillogo-led-haloszoba,https://www.alessandrodesign.ro/collections/lustre-led-living,LED-es csillár a nappaliba,200,https://www.alessandrodesign.ro/collections/lustre-led-living,https://www.alessandrodesign.hu/collections/nappali-led-csillarok,replace
301,Hyperlink,https://www.alessandrodesign.hu/collections/konyha-vezette-csillar,https://www.alessandrodesign.ro/collections/lustre-led-living,LED-es csillár a nappaliba,200,https://www.alessandrodesign.ro/collections/lustre-led-living,https://www.alessandrodesign.hu/collections/nappali-led-csillarok,replace
301,Hyperlink,https://www.alessandrodesign.hu/collections/modern-csillarok?page=1,https://www.alessandrodesign.ro/collections/lustre-led-living,modern nappali csillárok,200,https://www.alessandrodesign.ro/collections/lustre-led-living,https://www.alessandrodesign.hu/collections/nappali-led-csillarok,replace
301,Hyperlink,https://www.alessandrodesign.hu/collections/csillogo-led-haloszoba?page=1,https://www.alessandrodesign.ro/collections/lustre-led-living,LED-es csillár a nappaliba,200,https://www.alessandrodesign.ro/collections/lustre-led-living,https://www.alessandrodesign.hu/collections/nappali-led-csillarok,replace
301,Hyperlink,https://www.alessandrodesign.hu/collections/konyha-vezette-csillar?page=1,https://www.alessandrodesign.ro/collections/lustre-led-living,LED-es csillár a nappaliba,200,https://www.alessandrodesign.ro/collections/lustre-led-living,https://www.alessandrodesign.hu/collections/nappali-led-csillarok,replace
301,Hyperlink,https://www.alessandrodesign.hu/blogs/hir/milyen-magassagban-van-felszerelve-a-csillar-gyakorlati-utmutato-minden-helyiseghez,https://www.alessandrodesign.ro/collections/lustre-led-living,LED nappali csillár,200,https://www.alessandrodesign.ro/collections/lustre-led-living,https://www.alessandrodesign.hu/collections/nappali-led-csillarok,replace
301,Hyperlink,https://www.alessandrodesign.hu/blogs/hir/hogyan-rendezzunk-be-egy-modern-lakast-otletek-es-gyakorlati-tanacsok,https://www.alessandrodesign.ro/collections/lustre-led-living,nappali csillár,200,https://www.alessandrodesign.ro/collections/lustre-led-living,https://www.alessandrodesign.hu/collections/nappali-led-csillarok,replace
301,Hyperlink,https://www.alessandrodesign.hu/blogs/hir/hogyan-valasszuk-ki-a-megfelelo-vilagitotestet-minden-helyiseghez-a-teljes-utmutato,https://www.alessandrodesign.ro/collections/lustre-led-living,LED csillárok a nappaliba,200,https://www.alessandrodesign.ro/collections/lustre-led-living,https://www.alessandrodesign.hu/collections/nappali-led-csillarok,replace
301,Hyperlink,https://www.alessandrodesign.hu/blogs/hir/luster-vs-alkalmazas-mit-valasztunk-a-haz-minden-helyere,https://www.alessandrodesign.ro/collections/lustre-led-living,Chandelie az életért,200,https://www.alessandrodesign.ro/collections/lustre-led-living,https://www.alessandrodesign.hu/collections/nappali-led-csillarok,replace
301,Hyperlink,https://www.alessandrodesign.hu/blogs/hir/otletek-kis-kadas-furdoszobakhoz-hogyan-hasznaljunk-tukroket-es-fenyt-a-ter-megteremtesere,https://www.alessandrodesign.ro/collections/plafoniere-led-1,LED mennyezeti lámpa,200,https://www.alessandrodesign.ro/collections/plafoniere-led-1,https://www.alessandrodesign.hu/collections/led-mennyezeti-lampak,replace
301,Hyperlink,https://www.alessandrodesign.hu/blogs/hir/pincetervezesi-otletek-egyszeru-megoldasok-a-feny-a-ter-es-a-kenyelem-erdekeben,https://www.alessandrodesign.ro/collections/plafoniere-led-1,LED mennyezeti lámpák,200,https://www.alessandrodesign.ro/collections/plafoniere-led-1,https://www.alessandrodesign.hu/collections/led-mennyezeti-lampak,replace
301,Hyperlink,https://www.alessandrodesign.hu/blogs/hir/modern-loft-kialakitas-gyakorlati-utmutato-a-vilagitashoz-es-a-tervezeshez,https://www.alessandrodesign.ro/collections/plafoniere-led-1,LED mennyezeti lámpák,200,https://www.alessandrodesign.ro/collections/plafoniere-led-1,https://www.alessandrodesign.hu/collections/led-mennyezeti-lampak,replace
301,Hyperlink,https://www.alessandrodesign.hu/blogs/hir/modern-loft-kialakitas-gyakorlati-utmutato-a-vilagitashoz-es-a-tervezeshez,https://www.alessandrodesign.ro/collections/plafoniere-led-1,LED mennyezeti lámpák,200,https://www.alessandrodesign.ro/collections/plafoniere-led-1,https://www.alessandrodesign.hu/collections/led-mennyezeti-lampak,replace
301,Hyperlink,https://www.alessandrodesign.hu/blogs/hir/hogyan-alakitsunk-at-egy-kis-studiot-modern-es-vilagos-terre,https://www.alessandrodesign.ro/collections/plafoniere-led-1,LED mennyezeti lámpák,200,https://www.alessandrodesign.ro/collections/plafoniere-led-1,https://www.alessandrodesign.hu/collections/led-mennyezeti-lampak,replace
301,Hyperlink,https://www.alessandrodesign.hu/blogs/hir/vilagitasi-trendek-2026-ban-milyen-vilagitotesteket-valasszunk,https://www.alessandrodesign.ro/collections/plafoniere-led-1,LED mennyezeti lámpa,200,https://www.alessandrodesign.ro/collections/plafoniere-led-1,https://www.alessandrodesign.hu/collections/led-mennyezeti-lampak,replace
301,Hyperlink,https://www.alessandrodesign.hu/blogs/hir/vilagitasi-trendek-2026-ban-milyen-vilagitotesteket-valasszunk,https://www.alessandrodesign.ro/collections/plafoniere-led-1,,200,https://www.alessandrodesign.ro/collections/plafoniere-led-1,https://www.alessandrodesign.hu/collections/led-mennyezeti-lampak,replace
301,Hyperlink,https://www.alessandrodesign.hu/blogs/hir/mi-a-fenyintenzitas-es-hogyan-befolyasolja-az-otthoni-vilagitast,https://www.alessandrodesign.ro/collections/plafoniere-led-1,mennyezet,200,https://www.alessandrodesign.ro/collections/plafoniere-led-1,https://www.alessandrodesign.hu/collections/led-mennyezeti-lampak,replace
301,Hyperlink,https://www.alessandrodesign.hu/blogs/hir/konyhai-elrendezes-a-vilagitas-es-a-ter-hatekony-szervezesenek-otletei,https://www.alessandrodesign.ro/collections/plafoniere-led-1,LED mennyezet,200,https://www.alessandrodesign.ro/collections/plafoniere-led-1,https://www.alessandrodesign.hu/collections/led-mennyezeti-lampak,replace
301,Hyperlink,https://www.alessandrodesign.hu/blogs/hir/walk-in-furdoszoba-inspiracio-a-tiszta-pihenteto-es-modern-dizajnhoz,https://www.alessandrodesign.ro/collections/plafoniere-led-1,LED mennyezeti lámpák,200,https://www.alessandrodesign.ro/collections/plafoniere-led-1,https://www.alessandrodesign.hu/collections/led-mennyezeti-lampak,replace
301,Hyperlink,https://www.alessandrodesign.hu/blogs/hir/ce-inseamna-lumeni-wați-și-kelvini-ghid-simplu-pentru-alegerea-corecta-a-iluminatului,https://www.alessandrodesign.ro/collections/plafoniere-led-1,plafonieră LED,200,https://www.alessandrodesign.ro/collections/plafoniere-led-1,https://www.alessandrodesign.hu/collections/led-mennyezeti-lampak,replace
301,Hyperlink,https://www.alessandrodesign.hu/collections/fal,https://www.alessandrodesign.ro/collections/candelabre-la-comanda?_pos=1&_psq=comanda&_ss=e&_v=1.0,Candelabre la comanda,200,https://www.alessandrodesign.ro/collections/candelabre,https://www.alessandrodesign.hu/collections/csillarok-1,replace
301,Hyperlink,https://www.alessandrodesign.hu/collections/led-csillapitas,https://www.alessandrodesign.ro/collections/candelabre-la-comanda?_pos=1&_psq=comanda&_ss=e&_v=1.0,Candelabre la comanda,200,https://www.alessandrodesign.ro/collections/candelabre,https://www.alessandrodesign.hu/collections/csillarok-1,replace
301,Hyperlink,https://www.alessandrodesign.hu/collections/villam-izzoval,https://www.alessandrodesign.ro/collections/candelabre-la-comanda?_pos=1&_psq=comanda&_ss=e&_v=1.0,Candelabre la comanda,200,https://www.alessandrodesign.ro/collections/candelabre,https://www.alessandrodesign.hu/collections/csillarok-1,replace
301,Hyperlink,https://www.alessandrodesign.hu/collections/foltok,https://www.alessandrodesign.ro/collections/candelabre-la-comanda?_pos=1&_psq=comanda&_ss=e&_v=1.0,Candelabre la comanda,200,https://www.alessandrodesign.ro/collections/candelabre,https://www.alessandrodesign.hu/collections/csillarok-1,replace
301,Hyperlink,https://www.alessandrodesign.hu/collections/magneses-sina-projektorok,https://www.alessandrodesign.ro/collections/candelabre-la-comanda?_pos=1&_psq=comanda&_ss=e&_v=1.0,Candelabre la comanda,200,https://www.alessandrodesign.ro/collections/candelabre,https://www.alessandrodesign.hu/collections/csillarok-1,replace
301,Hyperlink,https://www.alessandrodesign.hu/collections/gyertyatarto,https://www.alessandrodesign.ro/collections/candelabre-la-comanda?_pos=1&_psq=comanda&_ss=e&_v=1.0,Candelabre la comanda,200,https://www.alessandrodesign.ro/collections/candelabre,https://www.alessandrodesign.hu/collections/csillarok-1,replace
301,Hyperlink,https://www.alessandrodesign.hu/collections/lampak-es-lampak,https://www.alessandrodesign.ro/collections/candelabre-la-comanda?_pos=1&_psq=comanda&_ss=e&_v=1.0,Candelabre la comanda,200,https://www.alessandrodesign.ro/collections/candelabre,https://www.alessandrodesign.hu/collections/csillarok-1,replace
301,Hyperlink,https://www.alessandrodesign.hu/collections/fal?page=1,https://www.alessandrodesign.ro/collections/candelabre-la-comanda?_pos=1&_psq=comanda&_ss=e&_v=1.0,Candelabre la comanda,200,https://www.alessandrodesign.ro/collections/candelabre,https://www.alessandrodesign.hu/collections/csillarok-1,replace
301,Hyperlink,https://www.alessandrodesign.hu/collections/led-csillapitas?page=1,https://www.alessandrodesign.ro/collections/candelabre-la-comanda?_pos=1&_psq=comanda&_ss=e&_v=1.0,Candelabre la comanda,200,https://www.alessandrodesign.ro/collections/candelabre,https://www.alessandrodesign.hu/collections/csillarok-1,replace
301,Hyperlink,https://www.alessandrodesign.hu/collections/villam-izzoval?page=1,https://www.alessandrodesign.ro/collections/candelabre-la-comanda?_pos=1&_psq=comanda&_ss=e&_v=1.0,Candelabre la comanda,200,https://www.alessandrodesign.ro/collections/candelabre,https://www.alessandrodesign.hu/collections/csillarok-1,replace
301,Hyperlink,https://www.alessandrodesign.hu/collections/gyertyatarto?page=1,https://www.alessandrodesign.ro/collections/candelabre-la-comanda?_pos=1&_psq=comanda&_ss=e&_v=1.0,Candelabre la comanda,200,https://www.alessandrodesign.ro/collections/candelabre,https://www.alessandrodesign.hu/collections/csillarok-1,replace
301,Hyperlink,https://www.alessandrodesign.hu/collections/lampak-es-lampak?page=1,https://www.alessandrodesign.ro/collections/candelabre-la-comanda?_pos=1&_psq=comanda&_ss=e&_v=1.0,Candelabre la comanda,200,https://www.alessandrodesign.ro/collections/candelabre,https://www.alessandrodesign.hu/collections/csillarok-1,replace
301,Hyperlink,https://www.alessandrodesign.hu/collections/fal,https://www.alessandrodesign.ro/collections/lustre-clasice-cu-bec,Lustre clasice cu bec,200,https://www.alessandrodesign.ro/collections/lustre-cu-bec,https://www.alessandrodesign.hu/collections/csillarok-2,replace
301,Hyperlink,https://www.alessandrodesign.hu/collections/led-csillapitas,https://www.alessandrodesign.ro/collections/lustre-clasice-cu-bec,Lustre clasice cu bec,200,https://www.alessandrodesign.ro/collections/lustre-cu-bec,https://www.alessandrodesign.hu/collections/csillarok-2,replace
301,Hyperlink,https://www.alessandrodesign.hu/collections/foltok,https://www.alessandrodesign.ro/collections/lustre-clasice-cu-bec,Lustre clasice cu bec,200,https://www.alessandrodesign.ro/collections/lustre-cu-bec,https://www.alessandrodesign.hu/collections/csillarok-2,replace
301,Hyperlink,https://www.alessandrodesign.hu/collections/magneses-sina-projektorok,https://www.alessandrodesign.ro/collections/lustre-clasice-cu-bec,Lustre clasice cu bec,200,https://www.alessandrodesign.ro/collections/lustre-cu-bec,https://www.alessandrodesign.hu/collections/csillarok-2,replace
301,Hyperlink,https://www.alessandrodesign.hu/collections/vilagito-test,https://www.alessandrodesign.ro/collections/lustre-clasice-cu-bec,Lustre clasice cu bec,200,https://www.alessandrodesign.ro/collections/lustre-cu-bec,https://www.alessandrodesign.hu/collections/csillarok-2,replace
301,Hyperlink,https://www.alessandrodesign.hu/collections/gyertyatarto,https://www.alessandrodesign.ro/collections/lustre-clasice-cu-bec,Lustre clasice cu bec,200,https://www.alessandrodesign.ro/collections/lustre-cu-bec,https://www.alessandrodesign.hu/collections/csillarok-2,replace
301,Hyperlink,https://www.alessandrodesign.hu/collections/lampak-es-lampak,https://www.alessandrodesign.ro/collections/lustre-clasice-cu-bec,Lustre clasice cu bec,200,https://www.alessandrodesign.ro/collections/lustre-cu-bec,https://www.alessandrodesign.hu/collections/csillarok-2,replace
301,Hyperlink,https://www.alessandrodesign.hu/collections/fal?page=1,https://www.alessandrodesign.ro/collections/lustre-clasice-cu-bec,Lustre clasice cu bec,200,https://www.alessandrodesign.ro/collections/lustre-cu-bec,https://www.alessandrodesign.hu/collections/csillarok-2,replace
301,Hyperlink,https://www.alessandrodesign.hu/collections/led-csillapitas?page=1,https://www.alessandrodesign.ro/collections/lustre-clasice-cu-bec,Lustre clasice cu bec,200,https://www.alessandrodesign.ro/collections/lustre-cu-bec,https://www.alessandrodesign.hu/collections/csillarok-2,replace
301,Hyperlink,https://www.alessandrodesign.hu/collections/vilagito-test?page=1,https://www.alessandrodesign.ro/collections/lustre-clasice-cu-bec,Lustre clasice cu bec,200,https://www.alessandrodesign.ro/collections/lustre-cu-bec,https://www.alessandrodesign.hu/collections/csillarok-2,replace
301,Hyperlink,https://www.alessandrodesign.hu/collections/gyertyatarto?page=1,https://www.alessandrodesign.ro/collections/lustre-clasice-cu-bec,Lustre clasice cu bec,200,https://www.alessandrodesign.ro/collections/lustre-cu-bec,https://www.alessandrodesign.hu/collections/csillarok-2,replace
301,Hyperlink,https://www.alessandrodesign.hu/collections/lampak-es-lampak?page=1,https://www.alessandrodesign.ro/collections/lustre-clasice-cu-bec,Lustre clasice cu bec,200,https://www.alessandrodesign.ro/collections/lustre-cu-bec,https://www.alessandrodesign.hu/collections/csillarok-2,replace
301,Hyperlink,https://www.alessandrodesign.hu/collections/klasszikus-csillarok,https://www.alessandrodesign.ro/collections/becuri,izzók,200,https://www.alessandrodesign.ro/collections/becuri,https://www.alessandrodesign.hu/collections/izzok,replace
301,Hyperlink,https://www.alessandrodesign.hu/collections/tukrozi-a-furdoszobat-led-vel-es-letiltassal,https://www.alessandrodesign.ro/collections/becuri,LED izzók,200,https://www.alessandrodesign.ro/collections/becuri,https://www.alessandrodesign.hu/collections/izzok,replace
301,Hyperlink,https://www.alessandrodesign.hu/blogs/hir/cați-w-ai-nevoie-la-o-lustra-led-ghid-simplu-pe-metri-patrați,https://www.alessandrodesign.ro/collections/becuri,bec LED,200,https://www.alessandrodesign.ro/collections/becuri,https://www.alessandrodesign.hu/collections/izzok,replace
301,Hyperlink,https://www.alessandrodesign.hu/collections/kristalycsillarok,https://www.alessandrodesign.ro/collections/becuri,LED izzók,200,https://www.alessandrodesign.ro/collections/becuri,https://www.alessandrodesign.hu/collections/izzok,replace
301,Hyperlink,https://www.alessandrodesign.hu/blogs/hir/ce-diferența-este-intre-lumina-calda-neutra-și-rece,https://www.alessandrodesign.ro/collections/becuri,becurilor LED,200,https://www.alessandrodesign.ro/collections/becuri,https://www.alessandrodesign.hu/collections/izzok,replace
301,Hyperlink,https://www.alessandrodesign.hu/collections/felfuggesztett-led-csillarok,https://www.alessandrodesign.ro/collections/becuri,LED izzók,200,https://www.alessandrodesign.ro/collections/becuri,https://www.alessandrodesign.hu/collections/izzok,replace
301,Hyperlink,https://www.alessandrodesign.hu/collections/crystal-led-csillarok,https://www.alessandrodesign.ro/collections/becuri,IZZÓK,200,https://www.alessandrodesign.ro/collections/becuri,https://www.alessandrodesign.hu/collections/izzok,replace
301,Hyperlink,https://www.alessandrodesign.hu/collections/tukrozi-a-furdoszobat-led-vel-es-letiltassal?page=1,https://www.alessandrodesign.ro/collections/becuri,LED izzók,200,https://www.alessandrodesign.ro/collections/becuri,https://www.alessandrodesign.hu/collections/izzok,replace
301,Hyperlink,https://www.alessandrodesign.hu/collections/kristalycsillarok?page=1,https://www.alessandrodesign.ro/collections/becuri,LED izzók,200,https://www.alessandrodesign.ro/collections/becuri,https://www.alessandrodesign.hu/collections/izzok,replace
301,Hyperlink,https://www.alessandrodesign.hu/collections/felfuggesztett-led-csillarok?page=1,https://www.alessandrodesign.ro/collections/becuri,LED izzók,200,https://www.alessandrodesign.ro/collections/becuri,https://www.alessandrodesign.hu/collections/izzok,replace
301,Hyperlink,https://www.alessandrodesign.hu/collections/crystal-led-csillarok?page=1,https://www.alessandrodesign.ro/collections/becuri,IZZÓK,200,https://www.alessandrodesign.ro/collections/becuri,https://www.alessandrodesign.hu/collections/izzok,replace
301,Hyperlink,https://www.alessandrodesign.hu/blogs/hir/mennyit-fogyaszt-egy-led-minden-amit-a-led-ek-hatekonysagarol-tudni-kell,https://www.alessandrodesign.ro/collections/becuri,LED izzó,200,https://www.alessandrodesign.ro/collections/becuri,https://www.alessandrodesign.hu/collections/izzok,replace
301,Hyperlink,https://www.alessandrodesign.hu/blogs/hir/kulteri-lampak-vs-belteri-fali-lampak-mik-a-lenyeges-kulonbsegek,https://www.alessandrodesign.ro/collections/becuri,LED izzók,200,https://www.alessandrodesign.ro/collections/becuri,https://www.alessandrodesign.hu/collections/izzok,replace
301,Hyperlink,https://www.alessandrodesign.hu/collections/led-tukrok-szekrenyben,https://www.alessandrodesign.ro/collections/oglinzi-baie-cu-led-si-dezaburire,oglinzi baie cu LED si dezaburire,200,https://www.alessandrodesign.ro/collections/oglinzi-baie-cu-led-si-dezaburire,https://www.alessandrodesign.hu/collections/furdoszoba-tukrok-led-del-es-paramentesitovel,replace
301,Hyperlink,https://www.alessandrodesign.hu/blogs/hir/oglinzi-led-pentru-baie-matrimoniala-idei-elegante-pentru-un-efect-wow,https://www.alessandrodesign.ro/collections/oglinzi-baie-cu-led-si-dezaburire,oglindă LED cu funcția de dezaburire,200,https://www.alessandrodesign.ro/collections/oglinzi-baie-cu-led-si-dezaburire,https://www.alessandrodesign.hu/collections/furdoszoba-tukrok-led-del-es-paramentesitovel,replace
301,Hyperlink,https://www.alessandrodesign.hu/collections/furdoszoba-tukrok,https://www.alessandrodesign.ro/collections/oglinzi-baie-cu-led-si-dezaburire,fürdőszobai tükrök LED-del és párásítással,200,https://www.alessandrodesign.ro/collections/oglinzi-baie-cu-led-si-dezaburire,https://www.alessandrodesign.hu/collections/furdoszoba-tukrok-led-del-es-paramentesitovel,replace
301,Hyperlink,https://www.alessandrodesign.hu/collections/led-es-oltozkodesi-tukrok,https://www.alessandrodesign.ro/collections/oglinzi-baie-cu-led-si-dezaburire,fürdőszobai tükrök LED-del és páramentesítővel,200,https://www.alessandrodesign.ro/collections/oglinzi-baie-cu-led-si-dezaburire,https://www.alessandrodesign.hu/collections/furdoszoba-tukrok-led-del-es-paramentesitovel,replace
301,Hyperlink,https://www.alessandrodesign.hu/blogs/hir/cum-alegi-dimensiunea-potrivita-pentru-oglinda-din-baie,https://www.alessandrodesign.ro/collections/oglinzi-baie-cu-led-si-dezaburire,https://www.alessandrodesign.ro/collections/oglinzi-baie-cu-led-si-dezaburire,200,https://www.alessandrodesign.ro/collections/oglinzi-baie-cu-led-si-dezaburire,https://www.alessandrodesign.hu/collections/furdoszoba-tukrok-led-del-es-paramentesitovel,replace
301,Hyperlink,https://www.alessandrodesign.hu/blogs/hir/otletek-kis-kadas-furdoszobakhoz-hogyan-hasznaljunk-tukroket-es-fenyt-a-ter-megteremtesere,https://www.alessandrodesign.ro/collections/oglinzi-baie-cu-led-si-dezaburire,LED-es tükör páramentesítővel,200,https://www.alessandrodesign.ro/collections/oglinzi-baie-cu-led-si-dezaburire,https://www.alessandrodesign.hu/collections/furdoszoba-tukrok-led-del-es-paramentesitovel,replace
301,Hyperlink,https://www.alessandrodesign.hu/blogs/hir/hogyan-tervezzunk-egy-kis-furdoszobat-trukkok-a-hely-maximalizalasara,https://www.alessandrodesign.ro/collections/oglinzi-baie-cu-led-si-dezaburire,tükör LED lámpával és páramentesítővel,200,https://www.alessandrodesign.ro/collections/oglinzi-baie-cu-led-si-dezaburire,https://www.alessandrodesign.hu/collections/furdoszoba-tukrok-led-del-es-paramentesitovel,replace
301,Hyperlink,https://www.alessandrodesign.hu/collections/furdoszoba-tukrok?page=1,https://www.alessandrodesign.ro/collections/oglinzi-baie-cu-led-si-dezaburire,fürdőszobai tükrök LED-del és párásítással,200,https://www.alessandrodesign.ro/collections/oglinzi-baie-cu-led-si-dezaburire,https://www.alessandrodesign.hu/collections/furdoszoba-tukrok-led-del-es-paramentesitovel,replace
301,Hyperlink,https://www.alessandrodesign.hu/blogs/hir/hogyan-epits-be-otthoni-gyogyfurdot-szervezesi-es-tervezesi-tippek,https://www.alessandrodesign.ro/collections/oglinzi-baie-cu-led-si-dezaburire,"led tükrök és intelligens funkciók, mint például páramentesítő, vagy digitális órával",200,https://www.alessandrodesign.ro/collections/oglinzi-baie-cu-led-si-dezaburire,https://www.alessandrodesign.hu/collections/furdoszoba-tukrok-led-del-es-paramentesitovel,replace
301,Hyperlink,https://www.alessandrodesign.hu/blogs/hir/kor-alaku-led-es-tukor-a-negyzet-alaku-led-es-tukorrel-szemben-melyik-illik-jobban,https://www.alessandrodesign.ro/collections/oglinzi-baie-cu-led-si-dezaburire,fürdőszobai tükrök LED-del és páramentesítővel,200,https://www.alessandrodesign.ro/collections/oglinzi-baie-cu-led-si-dezaburire,https://www.alessandrodesign.hu/collections/furdoszoba-tukrok-led-del-es-paramentesitovel,replace
301,Hyperlink,https://www.alessandrodesign.hu/blogs/hir/hogyan-valassza-ki-a-megfelelo-led-tukrot-attol-fuggoen-hogy-milyen-helyiseg-van,https://www.alessandrodesign.ro/collections/oglinzi-baie-cu-led-si-dezaburire,LED -tükör letiltási funkcióval,200,https://www.alessandrodesign.ro/collections/oglinzi-baie-cu-led-si-dezaburire,https://www.alessandrodesign.hu/collections/furdoszoba-tukrok-led-del-es-paramentesitovel,replace
301,Hyperlink,https://www.alessandrodesign.hu/blogs/hir/walk-in-furdoszoba-inspiracio-a-tiszta-pihenteto-es-modern-dizajnhoz,https://www.alessandrodesign.ro/collections/oglinzi-baie-cu-led-si-dezaburire,LED-es tükör páramentesítővel,200,https://www.alessandrodesign.ro/collections/oglinzi-baie-cu-led-si-dezaburire,https://www.alessandrodesign.hu/collections/furdoszoba-tukrok-led-del-es-paramentesitovel,replace
301,Hyperlink,https://www.alessandrodesign.hu/blogs/hir/ce-trebuie-sa-verifici-la-o-oglinda-led-cu-dezaburire-inainte-de-a-o-monta,https://www.alessandrodesign.ro/collections/oglinzi-baie-cu-led-si-dezaburire,oglinzi baie cu LED și dezaburire,200,https://www.alessandrodesign.ro/collections/oglinzi-baie-cu-led-si-dezaburire,https://www.alessandrodesign.hu/collections/furdoszoba-tukrok-led-del-es-paramentesitovel,replace
301,Hyperlink,https://www.alessandrodesign.hu/collections/fal,https://www.alessandrodesign.ro/collections/proiectoare-sina-magnetica,Proiectoare sina magnetica,200,https://www.alessandrodesign.ro/collections/proiectoare-sina-magnetica,https://www.alessandrodesign.hu/collections/magnessin-projektorok,replace
301,Hyperlink,https://www.alessandrodesign.hu/collections/led-csillapitas,https://www.alessandrodesign.ro/collections/proiectoare-sina-magnetica,Proiectoare sina magnetica,200,https://www.alessandrodesign.ro/collections/proiectoare-sina-magnetica,https://www.alessandrodesign.hu/collections/magnessin-projektorok,replace
301,Hyperlink,https://www.alessandrodesign.hu/collections/villam-izzoval,https://www.alessandrodesign.ro/collections/proiectoare-sina-magnetica,Proiectoare sina magnetica,200,https://www.alessandrodesign.ro/collections/proiectoare-sina-magnetica,https://www.alessandrodesign.hu/collections/magnessin-projektorok,replace
301,Hyperlink,https://www.alessandrodesign.hu/collections/foltok,https://www.alessandrodesign.ro/collections/proiectoare-sina-magnetica,Proiectoare sina magnetica,200,https://www.alessandrodesign.ro/collections/proiectoare-sina-magnetica,https://www.alessandrodesign.hu/collections/magnessin-projektorok,replace
301,Hyperlink,https://www.alessandrodesign.hu/collections/vilagito-test,https://www.alessandrodesign.ro/collections/proiectoare-sina-magnetica,Proiectoare sina magnetica,200,https://www.alessandrodesign.ro/collections/proiectoare-sina-magnetica,https://www.alessandrodesign.hu/collections/magnessin-projektorok,replace
301,Hyperlink,https://www.alessandrodesign.hu/collections/gyertyatarto,https://www.alessandrodesign.ro/collections/proiectoare-sina-magnetica,Proiectoare sina magnetica,200,https://www.alessandrodesign.ro/collections/proiectoare-sina-magnetica,https://www.alessandrodesign.hu/collections/magnessin-projektorok,replace
301,Hyperlink,https://www.alessandrodesign.hu/collections/lampak-es-lampak,https://www.alessandrodesign.ro/collections/proiectoare-sina-magnetica,Proiectoare sina magnetica,200,https://www.alessandrodesign.ro/collections/proiectoare-sina-magnetica,https://www.alessandrodesign.hu/collections/magnessin-projektorok,replace
301,Hyperlink,https://www.alessandrodesign.hu/collections/fal?page=1,https://www.alessandrodesign.ro/collections/proiectoare-sina-magnetica,Proiectoare sina magnetica,200,https://www.alessandrodesign.ro/collections/proiectoare-sina-magnetica,https://www.alessandrodesign.hu/collections/magnessin-projektorok,replace
301,Hyperlink,https://www.alessandrodesign.hu/collections/led-csillapitas?page=1,https://www.alessandrodesign.ro/collections/proiectoare-sina-magnetica,Proiectoare sina magnetica,200,https://www.alessandrodesign.ro/collections/proiectoare-sina-magnetica,https://www.alessandrodesign.hu/collections/magnessin-projektorok,replace
301,Hyperlink,https://www.alessandrodesign.hu/collections/villam-izzoval?page=1,https://www.alessandrodesign.ro/collections/proiectoare-sina-magnetica,Proiectoare sina magnetica,200,https://www.alessandrodesign.ro/collections/proiectoare-sina-magnetica,https://www.alessandrodesign.hu/collections/magnessin-projektorok,replace
301,Hyperlink,https://www.alessandrodesign.hu/collections/vilagito-test?page=1,https://www.alessandrodesign.ro/collections/proiectoare-sina-magnetica,Proiectoare sina magnetica,200,https://www.alessandrodesign.ro/collections/proiectoare-sina-magnetica,https://www.alessandrodesign.hu/collections/magnessin-projektorok,replace
301,Hyperlink,https://www.alessandrodesign.hu/collections/gyertyatarto?page=1,https://www.alessandrodesign.ro/collections/proiectoare-sina-magnetica,Proiectoare sina magnetica,200,https://www.alessandrodesign.ro/collections/proiectoare-sina-magnetica,https://www.alessandrodesign.hu/collections/magnessin-projektorok,replace
301,Hyperlink,https://www.alessandrodesign.hu/collections/lampak-es-lampak?page=1,https://www.alessandrodesign.ro/collections/proiectoare-sina-magnetica,Proiectoare sina magnetica,200,https://www.alessandrodesign.ro/collections/proiectoare-sina-magnetica,https://www.alessandrodesign.hu/collections/magnessin-projektorok,replace
301,Hyperlink,https://www.alessandrodesign.hu/collections/fal,https://www.alessandrodesign.ro/collections/iluminat-comercial,Iluminat Comercial,200,https://www.alessandrodesign.ro/collections/corpuri-de-iluminat,https://www.alessandrodesign.hu/collections/vilagitotestek,replace
301,Hyperlink,https://www.alessandrodesign.hu/collections/led-csillapitas,https://www.alessandrodesign.ro/collections/iluminat-comercial,Iluminat Comercial,200,https://www.alessandrodesign.ro/collections/corpuri-de-iluminat,https://www.alessandrodesign.hu/collections/vilagitotestek,replace
301,Hyperlink,https://www.alessandrodesign.hu/collections/villam-izzoval,https://www.alessandrodesign.ro/collections/iluminat-comercial,Iluminat Comercial,200,https://www.alessandrodesign.ro/collections/corpuri-de-iluminat,https://www.alessandrodesign.hu/collections/vilagitotestek,replace
301,Hyperlink,https://www.alessandrodesign.hu/collections/foltok,https://www.alessandrodesign.ro/collections/iluminat-comercial,Iluminat Comercial,200,https://www.alessandrodesign.ro/collections/corpuri-de-iluminat,https://www.alessandrodesign.hu/collections/vilagitotestek,replace
301,Hyperlink,https://www.alessandrodesign.hu/collections/magneses-sina-projektorok,https://www.alessandrodesign.ro/collections/iluminat-comercial,Iluminat Comercial,200,https://www.alessandrodesign.ro/collections/corpuri-de-iluminat,https://www.alessandrodesign.hu/collections/vilagitotestek,replace
301,Hyperlink,https://www.alessandrodesign.hu/collections/vilagito-test,https://www.alessandrodesign.ro/collections/iluminat-comercial,Iluminat Comercial,200,https://www.alessandrodesign.ro/collections/corpuri-de-iluminat,https://www.alessandrodesign.hu/collections/vilagitotestek,replace
301,Hyperlink,https://www.alessandrodesign.hu/collections/gyertyatarto,https://www.alessandrodesign.ro/collections/iluminat-comercial,Iluminat Comercial,200,https://www.alessandrodesign.ro/collections/corpuri-de-iluminat,https://www.alessandrodesign.hu/collections/vilagitotestek,replace
301,Hyperlink,https://www.alessandrodesign.hu/collections/lampak-es-lampak,https://www.alessandrodesign.ro/collections/iluminat-comercial,Iluminat Comercial,200,https://www.alessandrodesign.ro/collections/corpuri-de-iluminat,https://www.alessandrodesign.hu/collections/vilagitotestek,replace
301,Hyperlink,https://www.alessandrodesign.hu/collections/fal?page=1,https://www.alessandrodesign.ro/collections/iluminat-comercial,Iluminat Comercial,200,https://www.alessandrodesign.ro/collections/corpuri-de-iluminat,https://www.alessandrodesign.hu/collections/vilagitotestek,replace
301,Hyperlink,https://www.alessandrodesign.hu/collections/led-csillapitas?page=1,https://www.alessandrodesign.ro/collections/iluminat-comercial,Iluminat Comercial,200,https://www.alessandrodesign.ro/collections/corpuri-de-iluminat,https://www.alessandrodesign.hu/collections/vilagitotestek,replace
301,Hyperlink,https://www.alessandrodesign.hu/collections/villam-izzoval?page=1,https://www.alessandrodesign.ro/collections/iluminat-comercial,Iluminat Comercial,200,https://www.alessandrodesign.ro/collections/corpuri-de-iluminat,https://www.alessandrodesign.hu/collections/vilagitotestek,replace
301,Hyperlink,https://www.alessandrodesign.hu/collections/vilagito-test?page=1,https://www.alessandrodesign.ro/collections/iluminat-comercial,Iluminat Comercial,200,https://www.alessandrodesign.ro/collections/corpuri-de-iluminat,https://www.alessandrodesign.hu/collections/vilagitotestek,replace
301,Hyperlink,https://www.alessandrodesign.hu/collections/gyertyatarto?page=1,https://www.alessandrodesign.ro/collections/iluminat-comercial,Iluminat Comercial,200,https://www.alessandrodesign.ro/collections/corpuri-de-iluminat,https://www.alessandrodesign.hu/collections/vilagitotestek,replace
301,Hyperlink,https://www.alessandrodesign.hu/collections/lampak-es-lampak?page=1,https://www.alessandrodesign.ro/collections/iluminat-comercial,Iluminat Comercial,200,https://www.alessandrodesign.ro/collections/corpuri-de-iluminat,https://www.alessandrodesign.hu/collections/vilagitotestek,replace
301,Hyperlink,https://www.alessandrodesign.hu/collections/femes-fenyek,https://www.alessandrodesign.ro/collections/aplice,LED fali lámpák,200,https://www.alessandrodesign.ro/collections/aplice,https://www.alessandrodesign.hu/collections/alkalmazni,replace
301,Hyperlink,https://www.alessandrodesign.hu/collections/klasszikus-csillarok,https://www.alessandrodesign.ro/collections/aplice,alkalmazni,200,https://www.alessandrodesign.ro/collections/aplice,https://www.alessandrodesign.hu/collections/alkalmazni,replace
301,Hyperlink,https://www.alessandrodesign.hu/collections/vilagito-test,https://www.alessandrodesign.ro/collections/aplice,alkalmazni,200,https://www.alessandrodesign.ro/collections/aplice,https://www.alessandrodesign.hu/collections/alkalmazni,replace
301,Hyperlink,https://www.alessandrodesign.hu/blogs/hir/cum-combini-mai-multe-surse-de-lumina-intr-o-camera,https://www.alessandrodesign.ro/collections/aplice,aplice,200,https://www.alessandrodesign.ro/collections/aplice,https://www.alessandrodesign.hu/collections/alkalmazni,replace
301,Hyperlink,https://www.alessandrodesign.hu/blogs/hir/pincetervezesi-otletek-egyszeru-megoldasok-a-feny-a-ter-es-a-kenyelem-erdekeben,https://www.alessandrodesign.ro/collections/aplice,- LED-es lámpák,200,https://www.alessandrodesign.ro/collections/aplice,https://www.alessandrodesign.hu/collections/alkalmazni,replace
301,Hyperlink,https://www.alessandrodesign.hu/blogs/hir/modern-loft-kialakitas-gyakorlati-utmutato-a-vilagitashoz-es-a-tervezeshez,https://www.alessandrodesign.ro/collections/aplice,LED fali lámpák,200,https://www.alessandrodesign.ro/collections/aplice,https://www.alessandrodesign.hu/collections/alkalmazni,replace
301,Hyperlink,https://www.alessandrodesign.hu/blogs/hir/modern-loft-kialakitas-gyakorlati-utmutato-a-vilagitashoz-es-a-tervezeshez,https://www.alessandrodesign.ro/collections/aplice,alkalmazni,200,https://www.alessandrodesign.ro/collections/aplice,https://www.alessandrodesign.hu/collections/alkalmazni,replace
301,Hyperlink,https://www.alessandrodesign.hu/blogs/hir/amenajare-camera-fete-idei-moderne-luminoase-și-ușor-de-aplicat,https://www.alessandrodesign.ro/collections/aplice,aplice moderne,200,https://www.alessandrodesign.ro/collections/aplice,https://www.alessandrodesign.hu/collections/alkalmazni,replace
301,Hyperlink,https://www.alessandrodesign.hu/blogs/hir/vilagitasi-trendek-2026-ban-milyen-vilagitotesteket-valasszunk,https://www.alessandrodesign.ro/collections/aplice,LED-es lámpák,200,https://www.alessandrodesign.ro/collections/aplice,https://www.alessandrodesign.hu/collections/alkalmazni,replace
301,Hyperlink,https://www.alessandrodesign.hu/collections/vilagito-test?page=1,https://www.alessandrodesign.ro/collections/aplice,alkalmazni,200,https://www.alessandrodesign.ro/collections/aplice,https://www.alessandrodesign.hu/collections/alkalmazni,replace
301,Hyperlink,https://www.alessandrodesign.hu/collections/femes-fenyek?page=1,https://www.alessandrodesign.ro/collections/aplice,LED fali lámpák,200,https://www.alessandrodesign.ro/collections/aplice,https://www.alessandrodesign.hu/collections/alkalmazni,replace
301,Hyperlink,https://www.alessandrodesign.hu/blogs/hir/hogyan-rendezzunk-be-egy-nyitott-teret-nappalival-es-etkezovel-praktikus-es-elegans-otletek,https://www.alessandrodesign.ro/collections/aplice,LED fali lámpák,200,https://www.alessandrodesign.ro/collections/aplice,https://www.alessandrodesign.hu/collections/alkalmazni,replace
301,Hyperlink,https://www.alessandrodesign.hu/blogs/hir/kulteri-lampak-vs-belteri-fali-lampak-mik-a-lenyeges-kulonbsegek,https://www.alessandrodesign.ro/collections/aplice,a lámpákat,200,https://www.alessandrodesign.ro/collections/aplice,https://www.alessandrodesign.hu/collections/alkalmazni,replace
301,Hyperlink,https://www.alessandrodesign.hu/blogs/hir/kulteri-lampak-vs-belteri-fali-lampak-mik-a-lenyeges-kulonbsegek,https://www.alessandrodesign.ro/collections/aplice,itt,200,https://www.alessandrodesign.ro/collections/aplice,https://www.alessandrodesign.hu/collections/alkalmazni,replace
301,Hyperlink,https://www.alessandrodesign.hu/blogs/hir/mi-az-a-cri-es-hogyan-segit-kivalasztani-az-idealis-vilagitast,https://www.alessandrodesign.ro/collections/aplice,lámpák hatékony kialakítással,200,https://www.alessandrodesign.ro/collections/aplice,https://www.alessandrodesign.hu/collections/alkalmazni,replace
301,Hyperlink,https://www.alessandrodesign.hu/blogs/hir/hogyan-rendezzunk-be-egy-modern-lakast-otletek-es-gyakorlati-tanacsok,https://www.alessandrodesign.ro/collections/aplice,modern fali lámpák,200,https://www.alessandrodesign.ro/collections/aplice,https://www.alessandrodesign.hu/collections/alkalmazni,replace
301,Hyperlink,https://www.alessandrodesign.hu/blogs/hir/mi-a-fenyintenzitas-es-hogyan-befolyasolja-az-otthoni-vilagitast,https://www.alessandrodesign.ro/collections/aplice,Fal,200,https://www.alessandrodesign.ro/collections/aplice,https://www.alessandrodesign.hu/collections/alkalmazni,replace
301,Hyperlink,https://www.alessandrodesign.hu/blogs/hir/konyhai-elrendezes-a-vilagitas-es-a-ter-hatekony-szervezesenek-otletei,https://www.alessandrodesign.ro/collections/aplice,A fal érvényes,200,https://www.alessandrodesign.ro/collections/aplice,https://www.alessandrodesign.hu/collections/alkalmazni,replace
301,Hyperlink,https://www.alessandrodesign.hu/collections/led-smink-tukrok,https://www.alessandrodesign.ro/collections/benzi-led,LED szalagok,200,https://www.alessandrodesign.ro/collections/benzi-led,https://www.alessandrodesign.hu/collections/led-szalagok,replace
301,Hyperlink,https://www.alessandrodesign.hu/collections/tukrozi-a-furdoszobat-led-vel-es-letiltassal,https://www.alessandrodesign.ro/collections/benzi-led,LED szalagok,200,https://www.alessandrodesign.ro/collections/benzi-led,https://www.alessandrodesign.hu/collections/led-szalagok,replace
301,Hyperlink,https://www.alessandrodesign.hu/blogs/hir/cum-integrezi-banda-led-in-amenajarea-casei-tale-idei-practice,https://www.alessandrodesign.ro/collections/benzi-led,Banda LED,200,https://www.alessandrodesign.ro/collections/benzi-led,https://www.alessandrodesign.hu/collections/led-szalagok,replace
301,Hyperlink,https://www.alessandrodesign.hu/blogs/hir/pincetervezesi-otletek-egyszeru-megoldasok-a-feny-a-ter-es-a-kenyelem-erdekeben,https://www.alessandrodesign.ro/collections/benzi-led,- LED szalagok,200,https://www.alessandrodesign.ro/collections/benzi-led,https://www.alessandrodesign.hu/collections/led-szalagok,replace
301,Hyperlink,https://www.alessandrodesign.hu/blogs/hir/modern-loft-kialakitas-gyakorlati-utmutato-a-vilagitashoz-es-a-tervezeshez,https://www.alessandrodesign.ro/collections/benzi-led,LED szalag,200,https://www.alessandrodesign.ro/collections/benzi-led,https://www.alessandrodesign.hu/collections/led-szalagok,replace
301,Hyperlink,https://www.alessandrodesign.hu/blogs/hir/hogyan-alakitsunk-at-egy-kis-studiot-modern-es-vilagos-terre,https://www.alessandrodesign.ro/collections/benzi-led,LED szalagok,200,https://www.alessandrodesign.ro/collections/benzi-led,https://www.alessandrodesign.hu/collections/led-szalagok,replace
301,Hyperlink,https://www.alessandrodesign.hu/blogs/hir/mi-az-a-reteges-vilagitas-es-miert-hasznaljak-a-belsoepiteszek-minden-modern-projektben,https://www.alessandrodesign.ro/collections/benzi-led,LED szalagok,200,https://www.alessandrodesign.ro/collections/benzi-led,https://www.alessandrodesign.hu/collections/led-szalagok,replace
301,Hyperlink,https://www.alessandrodesign.hu/blogs/hir/kandallos-nappali-kialakitasa-hogyan-hozzunk-letre-meleg-es-elegans-teret,https://www.alessandrodesign.ro/collections/benzi-led,LED szalagok,200,https://www.alessandrodesign.ro/collections/benzi-led,https://www.alessandrodesign.hu/collections/led-szalagok,replace
301,Hyperlink,https://www.alessandrodesign.hu/blogs/hir/vilagitasi-trendek-2026-ban-milyen-vilagitotesteket-valasszunk,https://www.alessandrodesign.ro/collections/benzi-led,LED szalagok,200,https://www.alessandrodesign.ro/collections/benzi-led,https://www.alessandrodesign.hu/collections/led-szalagok,replace
301,Hyperlink,https://www.alessandrodesign.hu/collections/tukrozi-a-furdoszobat-led-vel-es-letiltassal?page=1,https://www.alessandrodesign.ro/collections/benzi-led,LED szalagok,200,https://www.alessandrodesign.ro/collections/benzi-led,https://www.alessandrodesign.hu/collections/led-szalagok,replace
301,Hyperlink,https://www.alessandrodesign.hu/collections/led-smink-tukrok?page=1,https://www.alessandrodesign.ro/collections/benzi-led,LED szalagok,200,https://www.alessandrodesign.ro/collections/benzi-led,https://www.alessandrodesign.hu/collections/led-szalagok,replace
301,Hyperlink,https://www.alessandrodesign.hu/blogs/hir/mennyit-fogyaszt-egy-led-minden-amit-a-led-ek-hatekonysagarol-tudni-kell,https://www.alessandrodesign.ro/collections/benzi-led,LED szalagok,200,https://www.alessandrodesign.ro/collections/benzi-led,https://www.alessandrodesign.hu/collections/led-szalagok,replace
301,Hyperlink,https://www.alessandrodesign.hu/blogs/hir/mit-jelent-a-cct-a-led-szalagokban-es-hogyan-befolyasolja-a-fenyt,https://www.alessandrodesign.ro/collections/benzi-led,LED szalagok,200,https://www.alessandrodesign.ro/collections/benzi-led,https://www.alessandrodesign.hu/collections/led-szalagok,replace
301,Hyperlink,https://www.alessandrodesign.hu/blogs/hir/mi-az-a-cri-es-hogyan-segit-kivalasztani-az-idealis-vilagitast,https://www.alessandrodesign.ro/collections/benzi-led,hatékony LED szalagok,200,https://www.alessandrodesign.ro/collections/benzi-led,https://www.alessandrodesign.hu/collections/led-szalagok,replace
301,Hyperlink,https://www.alessandrodesign.hu/blogs/hir/hogyan-rendezzunk-be-egy-modern-lakast-otletek-es-gyakorlati-tanacsok,https://www.alessandrodesign.ro/collections/benzi-led,LED szalagok,200,https://www.alessandrodesign.ro/collections/benzi-led,https://www.alessandrodesign.hu/collections/led-szalagok,replace
301,Hyperlink,https://www.alessandrodesign.hu/blogs/hir/hogyan-rendezzunk-be-egy-modern-lakast-otletek-es-gyakorlati-tanacsok,https://www.alessandrodesign.ro/collections/benzi-led,LED szalagok a szekrények alatt,200,https://www.alessandrodesign.ro/collections/benzi-led,https://www.alessandrodesign.hu/collections/led-szalagok,replace
301,Hyperlink,https://www.alessandrodesign.hu/blogs/hir/hogyan-valasszuk-ki-a-megfelelo-vilagitotestet-minden-helyiseghez-a-teljes-utmutato,https://www.alessandrodesign.ro/collections/benzi-led,LED szalagok,200,https://www.alessandrodesign.ro/collections/benzi-led,https://www.alessandrodesign.hu/collections/led-szalagok,replace
301,Hyperlink,https://www.alessandrodesign.hu/blogs/hir/konyhai-elrendezes-a-vilagitas-es-a-ter-hatekony-szervezesenek-otletei,https://www.alessandrodesign.ro/collections/benzi-led,LED zenekarok,200,https://www.alessandrodesign.ro/collections/benzi-led,https://www.alessandrodesign.hu/collections/led-szalagok,replace
301,Hyperlink,https://www.alessandrodesign.hu/collections/fal,https://www.alessandrodesign.ro/collections/veioze-lampadare,Veioze & Lampadare,200,https://www.alessandrodesign.ro/collections/veioze-lampadare,https://www.alessandrodesign.hu/collections/csillarok-es-lampak,replace
301,Hyperlink,https://www.alessandrodesign.hu/collections/led-csillapitas,https://www.alessandrodesign.ro/collections/veioze-lampadare,Veioze & Lampadare,200,https://www.alessandrodesign.ro/collections/veioze-lampadare,https://www.alessandrodesign.hu/collections/csillarok-es-lampak,replace
301,Hyperlink,https://www.alessandrodesign.hu/collections/villam-izzoval,https://www.alessandrodesign.ro/collections/veioze-lampadare,Veioze & Lampadare,200,https://www.alessandrodesign.ro/collections/veioze-lampadare,https://www.alessandrodesign.hu/collections/csillarok-es-lampak,replace
301,Hyperlink,https://www.alessandrodesign.hu/collections/foltok,https://www.alessandrodesign.ro/collections/veioze-lampadare,Veioze & Lampadare,200,https://www.alessandrodesign.ro/collections/veioze-lampadare,https://www.alessandrodesign.hu/collections/csillarok-es-lampak,replace
301,Hyperlink,https://www.alessandrodesign.hu/collections/magneses-sina-projektorok,https://www.alessandrodesign.ro/collections/veioze-lampadare,Veioze & Lampadare,200,https://www.alessandrodesign.ro/collections/veioze-lampadare,https://www.alessandrodesign.hu/collections/csillarok-es-lampak,replace
301,Hyperlink,https://www.alessandrodesign.hu/collections/vilagito-test,https://www.alessandrodesign.ro/collections/veioze-lampadare,Veioze & Lampadare,200,https://www.alessandrodesign.ro/collections/veioze-lampadare,https://www.alessandrodesign.hu/collections/csillarok-es-lampak,replace
301,Hyperlink,https://www.alessandrodesign.hu/collections/gyertyatarto,https://www.alessandrodesign.ro/collections/veioze-lampadare,Veioze & Lampadare,200,https://www.alessandrodesign.ro/collections/veioze-lampadare,https://www.alessandrodesign.hu/collections/csillarok-es-lampak,replace
301,Hyperlink,https://www.alessandrodesign.hu/blogs/hir/amenajare-camera-fete-idei-moderne-luminoase-și-ușor-de-aplicat,https://www.alessandrodesign.ro/collections/veioze-lampadare,colecția de veioze și lampadare,200,https://www.alessandrodesign.ro/collections/veioze-lampadare,https://www.alessandrodesign.hu/collections/csillarok-es-lampak,replace
301,Hyperlink,https://www.alessandrodesign.hu/blogs/hir/kandallos-nappali-kialakitasa-hogyan-hozzunk-letre-meleg-es-elegans-teret,https://www.alessandrodesign.ro/collections/veioze-lampadare,lámpák és lámpák,200,https://www.alessandrodesign.ro/collections/veioze-lampadare,https://www.alessandrodesign.hu/collections/csillarok-es-lampak,replace
301,Hyperlink,https://www.alessandrodesign.hu/blogs/hir/hogyan-valasszuk-ki-a-megfelelo-haloszobalampat-teljes-utmutato-a-stilushoz-es-a-funkciohoz,https://www.alessandrodesign.ro/collections/veioze-lampadare,lámpa,200,https://www.alessandrodesign.ro/collections/veioze-lampadare,https://www.alessandrodesign.hu/collections/csillarok-es-lampak,replace
301,Hyperlink,https://www.alessandrodesign.hu/collections/fal?page=1,https://www.alessandrodesign.ro/collections/veioze-lampadare,Veioze & Lampadare,200,https://www.alessandrodesign.ro/collections/veioze-lampadare,https://www.alessandrodesign.hu/collections/csillarok-es-lampak,replace
301,Hyperlink,https://www.alessandrodesign.hu/collections/led-csillapitas?page=1,https://www.alessandrodesign.ro/collections/veioze-lampadare,Veioze & Lampadare,200,https://www.alessandrodesign.ro/collections/veioze-lampadare,https://www.alessandrodesign.hu/collections/csillarok-es-lampak,replace
301,Hyperlink,https://www.alessandrodesign.hu/collections/villam-izzoval?page=1,https://www.alessandrodesign.ro/collections/veioze-lampadare,Veioze & Lampadare,200,https://www.alessandrodesign.ro/collections/veioze-lampadare,https://www.alessandrodesign.hu/collections/csillarok-es-lampak,replace
301,Hyperlink,https://www.alessandrodesign.hu/collections/vilagito-test?page=1,https://www.alessandrodesign.ro/collections/veioze-lampadare,Veioze & Lampadare,200,https://www.alessandrodesign.ro/collections/veioze-lampadare,https://www.alessandrodesign.hu/collections/csillarok-es-lampak,replace
301,Hyperlink,https://www.alessandrodesign.hu/collections/gyertyatarto?page=1,https://www.alessandrodesign.ro/collections/veioze-lampadare,Veioze & Lampadare,200,https://www.alessandrodesign.ro/collections/veioze-lampadare,https://www.alessandrodesign.hu/collections/csillarok-es-lampak,replace
301,Hyperlink,https://www.alessandrodesign.hu/blogs/hir/hogyan-rendezzunk-be-egy-modern-lakast-otletek-es-gyakorlati-tanacsok,https://www.alessandrodesign.ro/collections/veioze-lampadare,modern lámpa,200,https://www.alessandrodesign.ro/collections/veioze-lampadare,https://www.alessandrodesign.hu/collections/csillarok-es-lampak,replace
301,Hyperlink,https://www.alessandrodesign.hu/blogs/hir/meleg-feny-vs-hideg-feny-mi-a-kulonbseg-es-hogyan-befolyasolja-a-legkort,https://www.alessandrodesign.ro/collections/veioze-lampadare,lámpák és lámpák,200,https://www.alessandrodesign.ro/collections/veioze-lampadare,https://www.alessandrodesign.hu/collections/csillarok-es-lampak,replace
301,Hyperlink,https://www.alessandrodesign.hu/blogs/hir/ipari-stilus-otthonaban-teljes-utmutato-a-megfelelo-vilagitasi-rendszer-kivalasztasahoz,https://www.alessandrodesign.ro/collections/veioze-lampadare,A szemüveg és a lámpaoszlopok,200,https://www.alessandrodesign.ro/collections/veioze-lampadare,https://www.alessandrodesign.hu/collections/csillarok-es-lampak,replace
301,Hyperlink,https://www.alessandrodesign.hu/blogs/hir/skandinav-stilus-jellemzok-beallitas-es-ajanlott-termekek,https://www.alessandrodesign.ro/collections/veioze-lampadare,lámpák és lámpák,200,https://www.alessandrodesign.ro/collections/veioze-lampadare,https://www.alessandrodesign.hu/collections/csillarok-es-lampak,replace
301,Hyperlink,https://www.alessandrodesign.hu/collections/led-smink-tukrok,https://www.alessandrodesign.ro/collections/oglinzi-led,LED tükör,200,https://www.alessandrodesign.ro/collections/oglinzi-led,https://www.alessandrodesign.hu/collections/led-tukrok,replace
301,Hyperlink,https://www.alessandrodesign.hu/collections/akkumulatorok-es-zuhanyoszlopok,https://www.alessandrodesign.ro/collections/oglinzi-led,Oglinzi LED,200,https://www.alessandrodesign.ro/collections/oglinzi-led,https://www.alessandrodesign.hu/collections/led-tukrok,replace
301,Hyperlink,https://www.alessandrodesign.hu/collections/led-tukrok-szekrenyben,https://www.alessandrodesign.ro/collections/oglinzi-led,oglinzi LED,200,https://www.alessandrodesign.ro/collections/oglinzi-led,https://www.alessandrodesign.hu/collections/led-tukrok,replace
301,Hyperlink,https://www.alessandrodesign.hu/collections/mosogato-es-mosdo,https://www.alessandrodesign.ro/collections/oglinzi-led,Oglinzi LED,200,https://www.alessandrodesign.ro/collections/oglinzi-led,https://www.alessandrodesign.hu/collections/led-tukrok,replace
301,Hyperlink,https://www.alessandrodesign.hu/blogs/hir/oglinzi-led-pentru-baie-matrimoniala-idei-elegante-pentru-un-efect-wow,https://www.alessandrodesign.ro/collections/oglinzi-led,oglinzii LED,200,https://www.alessandrodesign.ro/collections/oglinzi-led,https://www.alessandrodesign.hu/collections/led-tukrok,replace
301,Hyperlink,https://www.alessandrodesign.hu/collections/akkumulatorok-furdo-es-konyha,https://www.alessandrodesign.ro/collections/oglinzi-led,Oglinzi LED,200,https://www.alessandrodesign.ro/collections/oglinzi-led,https://www.alessandrodesign.hu/collections/led-tukrok,replace
301,Hyperlink,https://www.alessandrodesign.hu/collections/egyszeru-led-tukrok,https://www.alessandrodesign.ro/collections/oglinzi-led,LED tükrök,200,https://www.alessandrodesign.ro/collections/oglinzi-led,https://www.alessandrodesign.hu/collections/led-tukrok,replace
301,Hyperlink,https://www.alessandrodesign.hu/collections/led-es-oltozkodesi-tukrok,https://www.alessandrodesign.ro/collections/oglinzi-led,Led tükrök,200,https://www.alessandrodesign.ro/collections/oglinzi-led,https://www.alessandrodesign.hu/collections/led-tukrok,replace
301,Hyperlink,https://www.alessandrodesign.hu/collections/furdoszoba-kiegeszitok,https://www.alessandrodesign.ro/collections/oglinzi-led,Oglinzi LED,200,https://www.alessandrodesign.ro/collections/oglinzi-led,https://www.alessandrodesign.hu/collections/led-tukrok,replace
301,Hyperlink,https://www.alessandrodesign.hu/blogs/hir/cum-alegi-dimensiunea-potrivita-pentru-oglinda-din-baie,https://www.alessandrodesign.ro/collections/oglinzi-led,https://www.alessandrodesign.ro/collections/oglinzi-led,200,https://www.alessandrodesign.ro/collections/oglinzi-led,https://www.alessandrodesign.hu/collections/led-tukrok,replace
301,Hyperlink,https://www.alessandrodesign.hu/blogs/hir/otletek-kis-kadas-furdoszobakhoz-hogyan-hasznaljunk-tukroket-es-fenyt-a-ter-megteremtesere,https://www.alessandrodesign.ro/collections/oglinzi-led,LED tükör,200,https://www.alessandrodesign.ro/collections/oglinzi-led,https://www.alessandrodesign.hu/collections/led-tukrok,replace
301,Hyperlink,https://www.alessandrodesign.hu/blogs/hir/pincetervezesi-otletek-egyszeru-megoldasok-a-feny-a-ter-es-a-kenyelem-erdekeben,https://www.alessandrodesign.ro/collections/oglinzi-led,LED tükör,200,https://www.alessandrodesign.ro/collections/oglinzi-led,https://www.alessandrodesign.hu/collections/led-tukrok,replace
301,Hyperlink,https://www.alessandrodesign.hu/blogs/hir/hogyan-alakitsunk-at-egy-kis-studiot-modern-es-vilagos-terre,https://www.alessandrodesign.ro/collections/oglinzi-led,LED tükrök,200,https://www.alessandrodesign.ro/collections/oglinzi-led,https://www.alessandrodesign.hu/collections/led-tukrok,replace
301,Hyperlink,https://www.alessandrodesign.hu/blogs/hir/amenajare-camera-fete-idei-moderne-luminoase-și-ușor-de-aplicat,https://www.alessandrodesign.ro/collections/oglinzi-led,Oglinzile LED,200,https://www.alessandrodesign.ro/collections/oglinzi-led,https://www.alessandrodesign.hu/collections/led-tukrok,replace
301,Hyperlink,https://www.alessandrodesign.hu/collections/led-smink-tukrok?page=1,https://www.alessandrodesign.ro/collections/oglinzi-led,LED tükör,200,https://www.alessandrodesign.ro/collections/oglinzi-led,https://www.alessandrodesign.hu/collections/led-tukrok,replace
301,Hyperlink,https://www.alessandrodesign.hu/collections/akkumulatorok-furdo-es-konyha?page=1,https://www.alessandrodesign.ro/collections/oglinzi-led,Oglinzi LED,200,https://www.alessandrodesign.ro/collections/oglinzi-led,https://www.alessandrodesign.hu/collections/led-tukrok,replace
301,Hyperlink,https://www.alessandrodesign.hu/blogs/hir/hogyan-rendezzunk-be-egy-nyitott-teret-nappalival-es-etkezovel-praktikus-es-elegans-otletek,https://www.alessandrodesign.ro/collections/oglinzi-led,LED tükrök,200,https://www.alessandrodesign.ro/collections/oglinzi-led,https://www.alessandrodesign.hu/collections/led-tukrok,replace
301,Hyperlink,https://www.alessandrodesign.hu/blogs/hir/milyen-magassagban-van-felszerelve-a-csillar-gyakorlati-utmutato-minden-helyiseghez,https://www.alessandrodesign.ro/collections/oglinzi-led,LED tükör,200,https://www.alessandrodesign.ro/collections/oglinzi-led,https://www.alessandrodesign.hu/collections/led-tukrok,replace
301,Hyperlink,https://www.alessandrodesign.hu/blogs/hir/hogyan-vigyunk-csillogast-a-belsoepiteszetbe-anelkul-hogy-tulzasba-esnenk,https://www.alessandrodesign.ro/collections/oglinzi-led,LED tükör,200,https://www.alessandrodesign.ro/collections/oglinzi-led,https://www.alessandrodesign.hu/collections/led-tukrok,replace
301,Hyperlink,https://www.alessandrodesign.hu/blogs/hir/hogyan-valassza-ki-a-megfelelo-led-tukrot-attol-fuggoen-hogy-milyen-helyiseg-van,https://www.alessandrodesign.ro/collections/oglinzi-led,Prémium LED -tükrök,200,https://www.alessandrodesign.ro/collections/oglinzi-led,https://www.alessandrodesign.hu/collections/led-tukrok,replace
301,Hyperlink,https://www.alessandrodesign.hu/blogs/hir/ce-trebuie-sa-verifici-la-o-oglinda-led-cu-dezaburire-inainte-de-a-o-monta,https://www.alessandrodesign.ro/collections/oglinzi-led,oglinzi LED,200,https://www.alessandrodesign.ro/collections/oglinzi-led,https://www.alessandrodesign.hu/collections/led-tukrok,replace
301,Hyperlink,https://www.alessandrodesign.hu/collections/fal,https://www.alessandrodesign.ro/collections/spoturi,Spoturi,200,https://www.alessandrodesign.ro/collections/spoturi,https://www.alessandrodesign.hu/collections/foltok,replace
301,Hyperlink,https://www.alessandrodesign.hu/collections/led-csillapitas,https://www.alessandrodesign.ro/collections/spoturi,Spoturi,200,https://www.alessandrodesign.ro/collections/spoturi,https://www.alessandrodesign.hu/collections/foltok,replace
301,Hyperlink,https://www.alessandrodesign.hu/collections/villam-izzoval,https://www.alessandrodesign.ro/collections/spoturi,Spoturi,200,https://www.alessandrodesign.ro/collections/spoturi,https://www.alessandrodesign.hu/collections/foltok,replace
301,Hyperlink,https://www.alessandrodesign.hu/collections/magneses-sina-projektorok,https://www.alessandrodesign.ro/collections/spoturi,Spoturi,200,https://www.alessandrodesign.ro/collections/spoturi,https://www.alessandrodesign.hu/collections/foltok,replace
301,Hyperlink,https://www.alessandrodesign.hu/collections/vilagito-test,https://www.alessandrodesign.ro/collections/spoturi,Spoturi,200,https://www.alessandrodesign.ro/collections/spoturi,https://www.alessandrodesign.hu/collections/foltok,replace
301,Hyperlink,https://www.alessandrodesign.hu/collections/gyertyatarto,https://www.alessandrodesign.ro/collections/spoturi,Spoturi,200,https://www.alessandrodesign.ro/collections/spoturi,https://www.alessandrodesign.hu/collections/foltok,replace
301,Hyperlink,https://www.alessandrodesign.hu/collections/lampak-es-lampak,https://www.alessandrodesign.ro/collections/spoturi,Spoturi,200,https://www.alessandrodesign.ro/collections/spoturi,https://www.alessandrodesign.hu/collections/foltok,replace
301,Hyperlink,https://www.alessandrodesign.hu/blogs/hir/pincetervezesi-otletek-egyszeru-megoldasok-a-feny-a-ter-es-a-kenyelem-erdekeben,https://www.alessandrodesign.ro/collections/spoturi,- foltok,200,https://www.alessandrodesign.ro/collections/spoturi,https://www.alessandrodesign.hu/collections/foltok,replace
301,Hyperlink,https://www.alessandrodesign.hu/blogs/hir/kandallos-nappali-kialakitasa-hogyan-hozzunk-letre-meleg-es-elegans-teret,https://www.alessandrodesign.ro/collections/spoturi,a foltok,200,https://www.alessandrodesign.ro/collections/spoturi,https://www.alessandrodesign.hu/collections/foltok,replace
301,Hyperlink,https://www.alessandrodesign.hu/collections/fal?page=1,https://www.alessandrodesign.ro/collections/spoturi,Spoturi,200,https://www.alessandrodesign.ro/collections/spoturi,https://www.alessandrodesign.hu/collections/foltok,replace
301,Hyperlink,https://www.alessandrodesign.hu/collections/led-csillapitas?page=1,https://www.alessandrodesign.ro/collections/spoturi,Spoturi,200,https://www.alessandrodesign.ro/collections/spoturi,https://www.alessandrodesign.hu/collections/foltok,replace
301,Hyperlink,https://www.alessandrodesign.hu/collections/villam-izzoval?page=1,https://www.alessandrodesign.ro/collections/spoturi,Spoturi,200,https://www.alessandrodesign.ro/collections/spoturi,https://www.alessandrodesign.hu/collections/foltok,replace
301,Hyperlink,https://www.alessandrodesign.hu/collections/vilagito-test?page=1,https://www.alessandrodesign.ro/collections/spoturi,Spoturi,200,https://www.alessandrodesign.ro/collections/spoturi,https://www.alessandrodesign.hu/collections/foltok,replace
301,Hyperlink,https://www.alessandrodesign.hu/collections/gyertyatarto?page=1,https://www.alessandrodesign.ro/collections/spoturi,Spoturi,200,https://www.alessandrodesign.ro/collections/spoturi,https://www.alessandrodesign.hu/collections/foltok,replace
301,Hyperlink,https://www.alessandrodesign.hu/collections/lampak-es-lampak?page=1,https://www.alessandrodesign.ro/collections/spoturi,Spoturi,200,https://www.alessandrodesign.ro/collections/spoturi,https://www.alessandrodesign.hu/collections/foltok,replace
301,Hyperlink,https://www.alessandrodesign.hu/blogs/hir/hogyan-rendezzunk-be-egy-nyitott-teret-nappalival-es-etkezovel-praktikus-es-elegans-otletek,https://www.alessandrodesign.ro/collections/spoturi,foltok,200,https://www.alessandrodesign.ro/collections/spoturi,https://www.alessandrodesign.hu/collections/foltok,replace
301,Hyperlink,https://www.alessandrodesign.hu/blogs/hir/mennyit-fogyaszt-egy-led-minden-amit-a-led-ek-hatekonysagarol-tudni-kell,https://www.alessandrodesign.ro/collections/spoturi,Foltok,200,https://www.alessandrodesign.ro/collections/spoturi,https://www.alessandrodesign.hu/collections/foltok,replace
301,Hyperlink,https://www.alessandrodesign.hu/blogs/hir/hogyan-epits-be-otthoni-gyogyfurdot-szervezesi-es-tervezesi-tippek,https://www.alessandrodesign.ro/collections/spoturi,LED spotlámpák,200,https://www.alessandrodesign.ro/collections/spoturi,https://www.alessandrodesign.hu/collections/foltok,replace
301,Hyperlink,https://www.alessandrodesign.hu/blogs/hir/meleg-feny-vs-hideg-feny-mi-a-kulonbseg-es-hogyan-befolyasolja-a-legkort,https://www.alessandrodesign.ro/collections/spoturi,helyek különböző helyiségekhez,200,https://www.alessandrodesign.ro/collections/spoturi,https://www.alessandrodesign.hu/collections/foltok,replace
301,Hyperlink,https://www.alessandrodesign.hu/blogs/hir/mi-a-fenyintenzitas-es-hogyan-befolyasolja-az-otthoni-vilagitast,https://www.alessandrodesign.ro/collections/spoturi,reklámok,200,https://www.alessandrodesign.ro/collections/spoturi,https://www.alessandrodesign.hu/collections/foltok,replace
301,Hyperlink,https://www.alessandrodesign.hu/blogs/hir/ipari-stilus-otthonaban-teljes-utmutato-a-megfelelo-vilagitasi-rendszer-kivalasztasahoz,https://www.alessandrodesign.ro/collections/spoturi,foltok,200,https://www.alessandrodesign.ro/collections/spoturi,https://www.alessandrodesign.hu/collections/foltok,replace
301,Hyperlink,https://www.alessandrodesign.hu/blogs/hir/konyhai-elrendezes-a-vilagitas-es-a-ter-hatekony-szervezesenek-otletei,https://www.alessandrodesign.ro/collections/spoturi,LED -foltok,200,https://www.alessandrodesign.ro/collections/spoturi,https://www.alessandrodesign.hu/collections/foltok,replace
301,Hyperlink,https://www.alessandrodesign.hu/blogs/elrendezesi-tippek/rusztikus-belsoepiteszet-inspiralo-otletek-es-alapveto-dekorativ-elemek,https://www.alessandrodesign.ro/collections/spoturi,irányítható foltok,200,https://www.alessandrodesign.ro/collections/spoturi,https://www.alessandrodesign.hu/collections/foltok,replace
301,Hyperlink,https://www.alessandrodesign.hu/collections/led-csillapitas,https://www.alessandrodesign.ro/collections/corpuri-de-iluminat,világítótestek,200,https://www.alessandrodesign.ro/collections/corpuri-de-iluminat,https://www.alessandrodesign.hu/collections/vilagitotestek,replace
301,Hyperlink,https://www.alessandrodesign.hu/collections/femes-fenyek,https://www.alessandrodesign.ro/collections/corpuri-de-iluminat,világítótestek,200,https://www.alessandrodesign.ro/collections/corpuri-de-iluminat,https://www.alessandrodesign.hu/collections/vilagitotestek,replace
301,Hyperlink,https://www.alessandrodesign.hu/collections/kristalycsillarok,https://www.alessandrodesign.ro/collections/corpuri-de-iluminat,világítótestek,200,https://www.alessandrodesign.ro/collections/corpuri-de-iluminat,https://www.alessandrodesign.hu/collections/vilagitotestek,replace
301,Hyperlink,https://www.alessandrodesign.hu/blogs/hir/cum-integrezi-banda-led-in-amenajarea-casei-tale-idei-practice,https://www.alessandrodesign.ro/collections/corpuri-de-iluminat,corpuri de iluminat,200,https://www.alessandrodesign.ro/collections/corpuri-de-iluminat,https://www.alessandrodesign.hu/collections/vilagitotestek,replace
301,Hyperlink,https://www.alessandrodesign.hu/blogs/hir/cum-combini-mai-multe-surse-de-lumina-intr-o-camera,https://www.alessandrodesign.ro/collections/corpuri-de-iluminat,corpuri de iluminat,200,https://www.alessandrodesign.ro/collections/corpuri-de-iluminat,https://www.alessandrodesign.hu/collections/vilagitotestek,replace
301,Hyperlink,https://www.alessandrodesign.hu/collections/felfuggesztett-led-csillarok,https://www.alessandrodesign.ro/collections/corpuri-de-iluminat,világítótestek,200,https://www.alessandrodesign.ro/collections/corpuri-de-iluminat,https://www.alessandrodesign.hu/collections/vilagitotestek,replace
301,Hyperlink,https://www.alessandrodesign.hu/collections/crystal-led-csillarok,https://www.alessandrodesign.ro/collections/corpuri-de-iluminat,világítótestek,200,https://www.alessandrodesign.ro/collections/corpuri-de-iluminat,https://www.alessandrodesign.hu/collections/vilagitotestek,replace
301,Hyperlink,https://www.alessandrodesign.hu/collections/a-letrahaz-csillarjai,https://www.alessandrodesign.ro/collections/corpuri-de-iluminat,világítótestet,200,https://www.alessandrodesign.ro/collections/corpuri-de-iluminat,https://www.alessandrodesign.hu/collections/vilagitotestek,replace
301,Hyperlink,https://www.alessandrodesign.hu/blogs/hir/pincetervezesi-otletek-egyszeru-megoldasok-a-feny-a-ter-es-a-kenyelem-erdekeben,https://www.alessandrodesign.ro/collections/corpuri-de-iluminat,világítótestek,200,https://www.alessandrodesign.ro/collections/corpuri-de-iluminat,https://www.alessandrodesign.hu/collections/vilagitotestek,replace
301,Hyperlink,https://www.alessandrodesign.hu/blogs/hir/modern-loft-kialakitas-gyakorlati-utmutato-a-vilagitashoz-es-a-tervezeshez,https://www.alessandrodesign.ro/collections/corpuri-de-iluminat,világítótestek,200,https://www.alessandrodesign.ro/collections/corpuri-de-iluminat,https://www.alessandrodesign.hu/collections/vilagitotestek,replace
301,Hyperlink,https://www.alessandrodesign.hu/blogs/hir/amenajare-camera-fete-idei-moderne-luminoase-și-ușor-de-aplicat,https://www.alessandrodesign.ro/collections/corpuri-de-iluminat,corp de iluminat,200,https://www.alessandrodesign.ro/collections/corpuri-de-iluminat,https://www.alessandrodesign.hu/collections/vilagitotestek,replace
301,Hyperlink,https://www.alessandrodesign.hu/blogs/hir/kandallos-nappali-kialakitasa-hogyan-hozzunk-letre-meleg-es-elegans-teret,https://www.alessandrodesign.ro/collections/corpuri-de-iluminat,világítótestek,200,https://www.alessandrodesign.ro/collections/corpuri-de-iluminat,https://www.alessandrodesign.hu/collections/vilagitotestek,replace
301,Hyperlink,https://www.alessandrodesign.hu/blogs/hir/vilagitasi-trendek-2026-ban-milyen-vilagitotesteket-valasszunk,https://www.alessandrodesign.ro/collections/corpuri-de-iluminat,Fedezze fel a világítótesteket,200,https://www.alessandrodesign.ro/collections/corpuri-de-iluminat,https://www.alessandrodesign.hu/collections/vilagitotestek,replace
301,Hyperlink,https://www.alessandrodesign.hu/collections/led-csillapitas?page=1,https://www.alessandrodesign.ro/collections/corpuri-de-iluminat,világítótestek,200,https://www.alessandrodesign.ro/collections/corpuri-de-iluminat,https://www.alessandrodesign.hu/collections/vilagitotestek,replace
301,Hyperlink,https://www.alessandrodesign.hu/collections/kristalycsillarok?page=1,https://www.alessandrodesign.ro/collections/corpuri-de-iluminat,világítótestek,200,https://www.alessandrodesign.ro/collections/corpuri-de-iluminat,https://www.alessandrodesign.hu/collections/vilagitotestek,replace
301,Hyperlink,https://www.alessandrodesign.hu/collections/femes-fenyek?page=1,https://www.alessandrodesign.ro/collections/corpuri-de-iluminat,világítótestek,200,https://www.alessandrodesign.ro/collections/corpuri-de-iluminat,https://www.alessandrodesign.hu/collections/vilagitotestek,replace
301,Hyperlink,https://www.alessandrodesign.hu/collections/felfuggesztett-led-csillarok?page=1,https://www.alessandrodesign.ro/collections/corpuri-de-iluminat,világítótestek,200,https://www.alessandrodesign.ro/collections/corpuri-de-iluminat,https://www.alessandrodesign.hu/collections/vilagitotestek,replace
301,Hyperlink,https://www.alessandrodesign.hu/collections/crystal-led-csillarok?page=1,https://www.alessandrodesign.ro/collections/corpuri-de-iluminat,világítótestek,200,https://www.alessandrodesign.ro/collections/corpuri-de-iluminat,https://www.alessandrodesign.hu/collections/vilagitotestek,replace
301,Hyperlink,https://www.alessandrodesign.hu/collections/a-letrahaz-csillarjai?page=1,https://www.alessandrodesign.ro/collections/corpuri-de-iluminat,világítótestet,200,https://www.alessandrodesign.ro/collections/corpuri-de-iluminat,https://www.alessandrodesign.hu/collections/vilagitotestek,replace
301,Hyperlink,https://www.alessandrodesign.hu/blogs/hir/milyen-magassagban-van-felszerelve-a-csillar-gyakorlati-utmutato-minden-helyiseghez,https://www.alessandrodesign.ro/collections/corpuri-de-iluminat,lásd a világítótestek teljes kollekcióját itt,200,https://www.alessandrodesign.ro/collections/corpuri-de-iluminat,https://www.alessandrodesign.hu/collections/vilagitotestek,replace
301,Hyperlink,https://www.alessandrodesign.hu/blogs/hir/mi-az-a-cri-es-hogyan-segit-kivalasztani-az-idealis-vilagitast,https://www.alessandrodesign.ro/collections/corpuri-de-iluminat,a nappali világítótesteinek választéka,200,https://www.alessandrodesign.ro/collections/corpuri-de-iluminat,https://www.alessandrodesign.hu/collections/vilagitotestek,replace
301,Hyperlink,https://www.alessandrodesign.hu/blogs/hir/mi-az-a-cri-es-hogyan-segit-kivalasztani-az-idealis-vilagitast,https://www.alessandrodesign.ro/collections/corpuri-de-iluminat,modern világítótestek kollekciói,200,https://www.alessandrodesign.ro/collections/corpuri-de-iluminat,https://www.alessandrodesign.hu/collections/vilagitotestek,replace
301,Hyperlink,https://www.alessandrodesign.hu/blogs/hir/mi-a-fenyintenzitas-es-hogyan-befolyasolja-az-otthoni-vilagitast,https://www.alessandrodesign.ro/collections/corpuri-de-iluminat,világítótestek,200,https://www.alessandrodesign.ro/collections/corpuri-de-iluminat,https://www.alessandrodesign.hu/collections/vilagitotestek,replace
301,Hyperlink,https://www.alessandrodesign.hu/blogs/hir/luster-vs-alkalmazas-mit-valasztunk-a-haz-minden-helyere,https://www.alessandrodesign.ro/collections/corpuri-de-iluminat,Világító test,200,https://www.alessandrodesign.ro/collections/corpuri-de-iluminat,https://www.alessandrodesign.hu/collections/vilagitotestek,replace
301,Hyperlink,https://www.alessandrodesign.hu/blogs/hir/ce-inseamna-lumeni-wați-și-kelvini-ghid-simplu-pentru-alegerea-corecta-a-iluminatului,https://www.alessandrodesign.ro/collections/corpuri-de-iluminat,corp de iluminat,200,https://www.alessandrodesign.ro/collections/corpuri-de-iluminat,https://www.alessandrodesign.hu/collections/vilagitotestek,replace
301,Hyperlink,https://www.alessandrodesign.hu/blogs/elrendezesi-tippek/rusztikus-belsoepiteszet-inspiralo-otletek-es-alapveto-dekorativ-elemek,https://www.alessandrodesign.ro/collections/corpuri-de-iluminat,Világító test,200,https://www.alessandrodesign.ro/collections/corpuri-de-iluminat,https://www.alessandrodesign.hu/collections/vilagitotestek,replace
301,Hyperlink,https://www.alessandrodesign.hu/collections/fal,https://www.alessandrodesign.ro/collections/candelabre,Candelabre,200,https://www.alessandrodesign.ro/collections/candelabre,https://www.alessandrodesign.hu/collections/csillarok-1,replace
301,Hyperlink,https://www.alessandrodesign.hu/collections/led-csillapitas,https://www.alessandrodesign.ro/collections/candelabre,Candelabre,200,https://www.alessandrodesign.ro/collections/candelabre,https://www.alessandrodesign.hu/collections/csillarok-1,replace
301,Hyperlink,https://www.alessandrodesign.hu/collections/villam-izzoval,https://www.alessandrodesign.ro/collections/candelabre,Candelabre,200,https://www.alessandrodesign.ro/collections/candelabre,https://www.alessandrodesign.hu/collections/csillarok-1,replace
301,Hyperlink,https://www.alessandrodesign.hu/collections/femes-fenyek,https://www.alessandrodesign.ro/collections/candelabre,csillár,200,https://www.alessandrodesign.ro/collections/candelabre,https://www.alessandrodesign.hu/collections/csillarok-1,replace
301,Hyperlink,https://www.alessandrodesign.hu/collections/klasszikus-csillarok,https://www.alessandrodesign.ro/collections/candelabre,csillár,200,https://www.alessandrodesign.ro/collections/candelabre,https://www.alessandrodesign.hu/collections/csillarok-1,replace
301,Hyperlink,https://www.alessandrodesign.hu/collections/foltok,https://www.alessandrodesign.ro/collections/candelabre,Candelabre,200,https://www.alessandrodesign.ro/collections/candelabre,https://www.alessandrodesign.hu/collections/csillarok-1,replace
301,Hyperlink,https://www.alessandrodesign.hu/collections/magneses-sina-projektorok,https://www.alessandrodesign.ro/collections/candelabre,Candelabre,200,https://www.alessandrodesign.ro/collections/candelabre,https://www.alessandrodesign.hu/collections/csillarok-1,replace
301,Hyperlink,https://www.alessandrodesign.hu/collections/vilagito-test,https://www.alessandrodesign.ro/collections/candelabre,csillárok,200,https://www.alessandrodesign.ro/collections/candelabre,https://www.alessandrodesign.hu/collections/csillarok-1,replace
301,Hyperlink,https://www.alessandrodesign.hu/collections/vilagito-test,https://www.alessandrodesign.ro/collections/candelabre,Candelabre,200,https://www.alessandrodesign.ro/collections/candelabre,https://www.alessandrodesign.hu/collections/csillarok-1,replace
301,Hyperlink,https://www.alessandrodesign.hu/collections/modern-csillarok,https://www.alessandrodesign.ro/collections/candelabre,csillárok,200,https://www.alessandrodesign.ro/collections/candelabre,https://www.alessandrodesign.hu/collections/csillarok-1,replace
301,Hyperlink,https://www.alessandrodesign.hu/collections/kristalycsillarok,https://www.alessandrodesign.ro/collections/candelabre,Gyertyatartók,200,https://www.alessandrodesign.ro/collections/candelabre,https://www.alessandrodesign.hu/collections/csillarok-1,replace
301,Hyperlink,https://www.alessandrodesign.hu/collections/lampak-es-lampak,https://www.alessandrodesign.ro/collections/candelabre,Candelabre,200,https://www.alessandrodesign.ro/collections/candelabre,https://www.alessandrodesign.hu/collections/csillarok-1,replace
301,Hyperlink,https://www.alessandrodesign.hu/blogs/hir/ce-diferența-este-intre-lumina-calda-neutra-și-rece,https://www.alessandrodesign.ro/collections/candelabre,https://www.alessandrodesign.ro/collections/candelabre,200,https://www.alessandrodesign.ro/collections/candelabre,https://www.alessandrodesign.hu/collections/csillarok-1,replace
301,Hyperlink,https://www.alessandrodesign.hu/collections/a-letrahaz-csillarjai,https://www.alessandrodesign.ro/collections/candelabre,Gyertyatartók,200,https://www.alessandrodesign.ro/collections/candelabre,https://www.alessandrodesign.hu/collections/csillarok-1,replace
301,Hyperlink,https://www.alessandrodesign.hu/blogs/hir/pincetervezesi-otletek-egyszeru-megoldasok-a-feny-a-ter-es-a-kenyelem-erdekeben,https://www.alessandrodesign.ro/collections/candelabre,- csillárok,200,https://www.alessandrodesign.ro/collections/candelabre,https://www.alessandrodesign.hu/collections/csillarok-1,replace
301,Hyperlink,https://www.alessandrodesign.hu/blogs/hir/modern-loft-kialakitas-gyakorlati-utmutato-a-vilagitashoz-es-a-tervezeshez,https://www.alessandrodesign.ro/collections/candelabre,csillár,200,https://www.alessandrodesign.ro/collections/candelabre,https://www.alessandrodesign.hu/collections/csillarok-1,replace
301,Hyperlink,https://www.alessandrodesign.hu/blogs/hir/mi-az-a-reteges-vilagitas-es-miert-hasznaljak-a-belsoepiteszek-minden-modern-projektben,https://www.alessandrodesign.ro/collections/candelabre,a csillárok,200,https://www.alessandrodesign.ro/collections/candelabre,https://www.alessandrodesign.hu/collections/csillarok-1,replace
301,Hyperlink,https://www.alessandrodesign.hu/blogs/hir/kandallos-nappali-kialakitasa-hogyan-hozzunk-letre-meleg-es-elegans-teret,https://www.alessandrodesign.ro/collections/candelabre,a csillárok,200,https://www.alessandrodesign.ro/collections/candelabre,https://www.alessandrodesign.hu/collections/csillarok-1,replace
301,Hyperlink,https://www.alessandrodesign.hu/collections/fal?page=1,https://www.alessandrodesign.ro/collections/candelabre,Candelabre,200,https://www.alessandrodesign.ro/collections/candelabre,https://www.alessandrodesign.hu/collections/csillarok-1,replace
301,Hyperlink,https://www.alessandrodesign.hu/collections/led-csillapitas?page=1,https://www.alessandrodesign.ro/collections/candelabre,Candelabre,200,https://www.alessandrodesign.ro/collections/candelabre,https://www.alessandrodesign.hu/collections/csillarok-1,replace
301,Hyperlink,https://www.alessandrodesign.hu/collections/villam-izzoval?page=1,https://www.alessandrodesign.ro/collections/candelabre,Candelabre,200,https://www.alessandrodesign.ro/collections/candelabre,https://www.alessandrodesign.hu/collections/csillarok-1,replace
301,Hyperlink,https://www.alessandrodesign.hu/collections/vilagito-test?page=1,https://www.alessandrodesign.ro/collections/candelabre,csillárok,200,https://www.alessandrodesign.ro/collections/candelabre,https://www.alessandrodesign.hu/collections/csillarok-1,replace
301,Hyperlink,https://www.alessandrodesign.hu/collections/vilagito-test?page=1,https://www.alessandrodesign.ro/collections/candelabre,Candelabre,200,https://www.alessandrodesign.ro/collections/candelabre,https://www.alessandrodesign.hu/collections/csillarok-1,replace
301,Hyperlink,https://www.alessandrodesign.hu/collections/modern-csillarok?page=1,https://www.alessandrodesign.ro/collections/candelabre,csillárok,200,https://www.alessandrodesign.ro/collections/candelabre,https://www.alessandrodesign.hu/collections/csillarok-1,replace
301,Hyperlink,https://www.alessandrodesign.hu/collections/kristalycsillarok?page=1,https://www.alessandrodesign.ro/collections/candelabre,Gyertyatartók,200,https://www.alessandrodesign.ro/collections/candelabre,https://www.alessandrodesign.hu/collections/csillarok-1,replace
301,Hyperlink,https://www.alessandrodesign.hu/collections/lampak-es-lampak?page=1,https://www.alessandrodesign.ro/collections/candelabre,Candelabre,200,https://www.alessandrodesign.ro/collections/candelabre,https://www.alessandrodesign.hu/collections/csillarok-1,replace
301,Hyperlink,https://www.alessandrodesign.hu/collections/femes-fenyek?page=1,https://www.alessandrodesign.ro/collections/candelabre,csillár,200,https://www.alessandrodesign.ro/collections/candelabre,https://www.alessandrodesign.hu/collections/csillarok-1,replace
301,Hyperlink,https://www.alessandrodesign.hu/collections/a-letrahaz-csillarjai?page=1,https://www.alessandrodesign.ro/collections/candelabre,Gyertyatartók,200,https://www.alessandrodesign.ro/collections/candelabre,https://www.alessandrodesign.hu/collections/csillarok-1,replace
301,Hyperlink,https://www.alessandrodesign.hu/blogs/hir/hogyan-rendezzunk-be-egy-nyitott-teret-nappalival-es-etkezovel-praktikus-es-elegans-otletek,https://www.alessandrodesign.ro/collections/candelabre,csillár,200,https://www.alessandrodesign.ro/collections/candelabre,https://www.alessandrodesign.hu/collections/csillarok-1,replace
301,Hyperlink,https://www.alessandrodesign.hu/blogs/hir/hogyan-rendezzunk-be-egy-modern-lakast-otletek-es-gyakorlati-tanacsok,https://www.alessandrodesign.ro/collections/candelabre,csillár modern dizájnnal,200,https://www.alessandrodesign.ro/collections/candelabre,https://www.alessandrodesign.hu/collections/csillarok-1,replace
301,Hyperlink,https://www.alessandrodesign.hu/blogs/hir/hogyan-rendezzunk-be-egy-modern-lakast-otletek-es-gyakorlati-tanacsok,https://www.alessandrodesign.ro/collections/candelabre,modern csillár,200,https://www.alessandrodesign.ro/collections/candelabre,https://www.alessandrodesign.hu/collections/csillarok-1,replace
301,Hyperlink,https://www.alessandrodesign.hu/blogs/hir/konyhai-elrendezes-a-vilagitas-es-a-ter-hatekony-szervezesenek-otletei,https://www.alessandrodesign.ro/collections/candelabre,Gyertyatartó,200,https://www.alessandrodesign.ro/collections/candelabre,https://www.alessandrodesign.hu/collections/csillarok-1,replace
301,Hyperlink,https://www.alessandrodesign.hu/collections/fal,https://www.alessandrodesign.ro/collections/lustre-led,Lustre LED,200,https://www.alessandrodesign.ro/collections/lustre-led,https://www.alessandrodesign.hu/collections/led-csillarok,replace
301,Hyperlink,https://www.alessandrodesign.hu/collections/villam-izzoval,https://www.alessandrodesign.ro/collections/lustre-led,Lustre LED,200,https://www.alessandrodesign.ro/collections/lustre-led,https://www.alessandrodesign.hu/collections/led-csillarok,replace
301,Hyperlink,https://www.alessandrodesign.hu/collections/foltok,https://www.alessandrodesign.ro/collections/lustre-led,Lustre LED,200,https://www.alessandrodesign.ro/collections/lustre-led,https://www.alessandrodesign.hu/collections/led-csillarok,replace
301,Hyperlink,https://www.alessandrodesign.hu/collections/magneses-sina-projektorok,https://www.alessandrodesign.ro/collections/lustre-led,Lustre LED,200,https://www.alessandrodesign.ro/collections/lustre-led,https://www.alessandrodesign.hu/collections/led-csillarok,replace
301,Hyperlink,https://www.alessandrodesign.hu/blogs/hir/cați-w-ai-nevoie-la-o-lustra-led-ghid-simplu-pe-metri-patrați,https://www.alessandrodesign.ro/collections/lustre-led,lustra LED,200,https://www.alessandrodesign.ro/collections/lustre-led,https://www.alessandrodesign.hu/collections/led-csillarok,replace
301,Hyperlink,https://www.alessandrodesign.hu/collections/vilagito-test,https://www.alessandrodesign.ro/collections/lustre-led,LED csillárok,200,https://www.alessandrodesign.ro/collections/lustre-led,https://www.alessandrodesign.hu/collections/led-csillarok,replace
301,Hyperlink,https://www.alessandrodesign.hu/collections/vilagito-test,https://www.alessandrodesign.ro/collections/lustre-led,Lustre LED,200,https://www.alessandrodesign.ro/collections/lustre-led,https://www.alessandrodesign.hu/collections/led-csillarok,replace
301,Hyperlink,https://www.alessandrodesign.hu/collections/modern-csillarok,https://www.alessandrodesign.ro/collections/lustre-led,LED csillárok,200,https://www.alessandrodesign.ro/collections/lustre-led,https://www.alessandrodesign.hu/collections/led-csillarok,replace
301,Hyperlink,https://www.alessandrodesign.hu/collections/gyertyatarto,https://www.alessandrodesign.ro/collections/lustre-led,Lustre LED,200,https://www.alessandrodesign.ro/collections/lustre-led,https://www.alessandrodesign.hu/collections/led-csillarok,replace
301,Hyperlink,https://www.alessandrodesign.hu/blogs/hir/cum-integrezi-banda-led-in-amenajarea-casei-tale-idei-practice,https://www.alessandrodesign.ro/collections/lustre-led,lustre LED,200,https://www.alessandrodesign.ro/collections/lustre-led,https://www.alessandrodesign.hu/collections/led-csillarok,replace
301,Hyperlink,https://www.alessandrodesign.hu/collections/lampak-es-lampak,https://www.alessandrodesign.ro/collections/lustre-led,Lustre LED,200,https://www.alessandrodesign.ro/collections/lustre-led,https://www.alessandrodesign.hu/collections/led-csillarok,replace
301,Hyperlink,https://www.alessandrodesign.hu/blogs/hir/cum-combini-mai-multe-surse-de-lumina-intr-o-camera,https://www.alessandrodesign.ro/collections/lustre-led,lustre LED,200,https://www.alessandrodesign.ro/collections/lustre-led,https://www.alessandrodesign.hu/collections/led-csillarok,replace
301,Hyperlink,https://www.alessandrodesign.hu/blogs/hir/ce-diferența-este-intre-lumina-calda-neutra-și-rece,https://www.alessandrodesign.ro/collections/lustre-led,lustre LED,200,https://www.alessandrodesign.ro/collections/lustre-led,https://www.alessandrodesign.hu/collections/led-csillarok,replace
301,Hyperlink,https://www.alessandrodesign.hu/collections/felfuggesztett-led-csillarok,https://www.alessandrodesign.ro/collections/lustre-led,LED csillárok,200,https://www.alessandrodesign.ro/collections/lustre-led,https://www.alessandrodesign.hu/collections/led-csillarok,replace
301,Hyperlink,https://www.alessandrodesign.hu/collections/felfuggesztett-led-csillarok,https://www.alessandrodesign.ro/collections/lustre-led,Lustre LED,200,https://www.alessandrodesign.ro/collections/lustre-led,https://www.alessandrodesign.hu/collections/led-csillarok,replace
301,Hyperlink,https://www.alessandrodesign.hu/collections/crystal-led-csillarok,https://www.alessandrodesign.ro/collections/lustre-led,LED csillárok,200,https://www.alessandrodesign.ro/collections/lustre-led,https://www.alessandrodesign.hu/collections/led-csillarok,replace
301,Hyperlink,https://www.alessandrodesign.hu/collections/crystal-led-csillarok,https://www.alessandrodesign.ro/collections/lustre-led,Lustre LED,200,https://www.alessandrodesign.ro/collections/lustre-led,https://www.alessandrodesign.hu/collections/led-csillarok,replace
301,Hyperlink,https://www.alessandrodesign.hu/blogs/hir/pincetervezesi-otletek-egyszeru-megoldasok-a-feny-a-ter-es-a-kenyelem-erdekeben,https://www.alessandrodesign.ro/collections/lustre-led,LED csillárok,200,https://www.alessandrodesign.ro/collections/lustre-led,https://www.alessandrodesign.hu/collections/led-csillarok,replace
301,Hyperlink,https://www.alessandrodesign.hu/blogs/hir/modern-loft-kialakitas-gyakorlati-utmutato-a-vilagitashoz-es-a-tervezeshez,https://www.alessandrodesign.ro/collections/lustre-led,LED csillárok,200,https://www.alessandrodesign.ro/collections/lustre-led,https://www.alessandrodesign.hu/collections/led-csillarok,replace
301,Hyperlink,https://www.alessandrodesign.hu/blogs/hir/modern-loft-kialakitas-gyakorlati-utmutato-a-vilagitashoz-es-a-tervezeshez,https://www.alessandrodesign.ro/collections/lustre-led,LED csillárok,200,https://www.alessandrodesign.ro/collections/lustre-led,https://www.alessandrodesign.hu/collections/led-csillarok,replace
301,Hyperlink,https://www.alessandrodesign.hu/blogs/hir/hogyan-alakitsunk-at-egy-kis-studiot-modern-es-vilagos-terre,https://www.alessandrodesign.ro/collections/lustre-led,LED csillárok,200,https://www.alessandrodesign.ro/collections/lustre-led,https://www.alessandrodesign.hu/collections/led-csillarok,replace
301,Hyperlink,https://www.alessandrodesign.hu/blogs/hir/amenajare-camera-fete-idei-moderne-luminoase-și-ușor-de-aplicat,https://www.alessandrodesign.ro/collections/lustre-led,lustrele LED,200,https://www.alessandrodesign.ro/collections/lustre-led,https://www.alessandrodesign.hu/collections/led-csillarok,replace
301,Hyperlink,https://www.alessandrodesign.hu/blogs/hir/mi-az-a-reteges-vilagitas-es-miert-hasznaljak-a-belsoepiteszek-minden-modern-projektben,https://www.alessandrodesign.ro/collections/lustre-led,modern csillárok,200,https://www.alessandrodesign.ro/collections/lustre-led,https://www.alessandrodesign.hu/collections/led-csillarok,replace
301,Hyperlink,https://www.alessandrodesign.hu/blogs/hir/vilagitasi-trendek-2026-ban-milyen-vilagitotesteket-valasszunk,https://www.alessandrodesign.ro/collections/lustre-led,LED csillárok,200,https://www.alessandrodesign.ro/collections/lustre-led,https://www.alessandrodesign.hu/collections/led-csillarok,replace
301,Hyperlink,https://www.alessandrodesign.hu/collections/fal?page=1,https://www.alessandrodesign.ro/collections/lustre-led,Lustre LED,200,https://www.alessandrodesign.ro/collections/lustre-led,https://www.alessandrodesign.hu/collections/led-csillarok,replace
301,Hyperlink,https://www.alessandrodesign.hu/collections/villam-izzoval?page=1,https://www.alessandrodesign.ro/collections/lustre-led,Lustre LED,200,https://www.alessandrodesign.ro/collections/lustre-led,https://www.alessandrodesign.hu/collections/led-csillarok,replace
301,Hyperlink,https://www.alessandrodesign.hu/collections/vilagito-test?page=1,https://www.alessandrodesign.ro/collections/lustre-led,LED csillárok,200,https://www.alessandrodesign.ro/collections/lustre-led,https://www.alessandrodesign.hu/collections/led-csillarok,replace
301,Hyperlink,https://www.alessandrodesign.hu/collections/vilagito-test?page=1,https://www.alessandrodesign.ro/collections/lustre-led,Lustre LED,200,https://www.alessandrodesign.ro/collections/lustre-led,https://www.alessandrodesign.hu/collections/led-csillarok,replace
301,Hyperlink,https://www.alessandrodesign.hu/collections/modern-csillarok?page=1,https://www.alessandrodesign.ro/collections/lustre-led,LED csillárok,200,https://www.alessandrodesign.ro/collections/lustre-led,https://www.alessandrodesign.hu/collections/led-csillarok,replace
301,Hyperlink,https://www.alessandrodesign.hu/collections/gyertyatarto?page=1,https://www.alessandrodesign.ro/collections/lustre-led,Lustre LED,200,https://www.alessandrodesign.ro/collections/lustre-led,https://www.alessandrodesign.hu/collections/led-csillarok,replace
301,Hyperlink,https://www.alessandrodesign.hu/collections/lampak-es-lampak?page=1,https://www.alessandrodesign.ro/collections/lustre-led,Lustre LED,200,https://www.alessandrodesign.ro/collections/lustre-led,https://www.alessandrodesign.hu/collections/led-csillarok,replace
301,Hyperlink,https://www.alessandrodesign.hu/collections/felfuggesztett-led-csillarok?page=1,https://www.alessandrodesign.ro/collections/lustre-led,LED csillárok,200,https://www.alessandrodesign.ro/collections/lustre-led,https://www.alessandrodesign.hu/collections/led-csillarok,replace
301,Hyperlink,https://www.alessandrodesign.hu/collections/felfuggesztett-led-csillarok?page=1,https://www.alessandrodesign.ro/collections/lustre-led,Lustre LED,200,https://www.alessandrodesign.ro/collections/lustre-led,https://www.alessandrodesign.hu/collections/led-csillarok,replace
301,Hyperlink,https://www.alessandrodesign.hu/collections/crystal-led-csillarok?page=1,https://www.alessandrodesign.ro/collections/lustre-led,LED csillárok,200,https://www.alessandrodesign.ro/collections/lustre-led,https://www.alessandrodesign.hu/collections/led-csillarok,replace
301,Hyperlink,https://www.alessandrodesign.hu/collections/crystal-led-csillarok?page=1,https://www.alessandrodesign.ro/collections/lustre-led,Lustre LED,200,https://www.alessandrodesign.ro/collections/lustre-led,https://www.alessandrodesign.hu/collections/led-csillarok,replace
301,Hyperlink,https://www.alessandrodesign.hu/blogs/hir/hogyan-rendezzunk-be-egy-nyitott-teret-nappalival-es-etkezovel-praktikus-es-elegans-otletek,https://www.alessandrodesign.ro/collections/lustre-led,LED csillár,200,https://www.alessandrodesign.ro/collections/lustre-led,https://www.alessandrodesign.hu/collections/led-csillarok,replace
301,Hyperlink,https://www.alessandrodesign.hu/blogs/hir/milyen-magassagban-van-felszerelve-a-csillar-gyakorlati-utmutato-minden-helyiseghez,https://www.alessandrodesign.ro/collections/lustre-led,modern LED csillár,200,https://www.alessandrodesign.ro/collections/lustre-led,https://www.alessandrodesign.hu/collections/led-csillarok,replace
301,Hyperlink,https://www.alessandrodesign.hu/blogs/hir/hogyan-alakitsunk-ki-sminkstudiot-otthon-praktikus-otletek,https://www.alessandrodesign.ro/collections/lustre-led,LED csillár,200,https://www.alessandrodesign.ro/collections/lustre-led,https://www.alessandrodesign.hu/collections/led-csillarok,replace
301,Hyperlink,https://www.alessandrodesign.hu/blogs/hir/hogyan-epits-be-otthoni-gyogyfurdot-szervezesi-es-tervezesi-tippek,https://www.alessandrodesign.ro/collections/lustre-led,LED csillár,200,https://www.alessandrodesign.ro/collections/lustre-led,https://www.alessandrodesign.hu/collections/led-csillarok,replace
301,Hyperlink,https://www.alessandrodesign.hu/blogs/hir/hogyan-rendezzunk-be-egy-modern-lakast-otletek-es-gyakorlati-tanacsok,https://www.alessandrodesign.ro/collections/lustre-led,LED csillárok,200,https://www.alessandrodesign.ro/collections/lustre-led,https://www.alessandrodesign.hu/collections/led-csillarok,replace
301,Hyperlink,https://www.alessandrodesign.hu/blogs/hir/meleg-feny-vs-hideg-feny-mi-a-kulonbseg-es-hogyan-befolyasolja-a-legkort,https://www.alessandrodesign.ro/collections/lustre-led,LED csillárok,200,https://www.alessandrodesign.ro/collections/lustre-led,https://www.alessandrodesign.hu/collections/led-csillarok,replace
301,Hyperlink,https://www.alessandrodesign.hu/blogs/hir/a-led-csillar-mintazatanak-5-legfontosabb-trendje-2025-re,https://www.alessandrodesign.ro/collections/lustre-led,LED -csillárok,200,https://www.alessandrodesign.ro/collections/lustre-led,https://www.alessandrodesign.hu/collections/led-csillarok,replace
301,Hyperlink,https://www.alessandrodesign.hu/blogs/hir/ce-inseamna-lumeni-wați-și-kelvini-ghid-simplu-pentru-alegerea-corecta-a-iluminatului,https://www.alessandrodesign.ro/collections/lustre-led,lustre LED,200,https://www.alessandrodesign.ro/collections/lustre-led,https://www.alessandrodesign.hu/collections/led-csillarok,replace
404,Hyperlink,https://www.alessandrodesign.hu/blogs/hir/luster-vs-alkalmazas-mit-valasztunk-a-haz-minden-helyere,https://www.alessandrodesign.ro/products/aplica-de-baie-rosa-36w-crom-lumina-rece-calda-neutra,itt,404,https://www.alessandrodesign.ro/products/aplica-de-baie-rosa-36w-crom-lumina-rece-calda-neutra,,remove/manual
404,Hyperlink,https://www.alessandrodesign.hu/blogs/hir/mit-jelent-a-cct-a-led-szalagokban-es-hogyan-befolyasolja-a-fenyt,https://www.alessandrodesign.ro/products/banda-led-r2835-9-6w-m-12v-5m-ip20-2700k,"LED szalag R2835 9,6W/m 12V 5m IP20 2700K",404,https://www.alessandrodesign.ro/products/banda-led-r2835-9-6w-m-12v-5m-ip20-2700k,,remove/manual
404,Hyperlink,https://www.alessandrodesign.hu/blogs/hir/hogyan-epits-be-otthoni-gyogyfurdot-szervezesi-es-tervezesi-tippek,https://www.alessandrodesign.ro/collections/becuri-ornamentale,díszhagymák,404,https://www.alessandrodesign.ro/collections/becuri-ornamentale,,remove/manual
404,Hyperlink,https://www.alessandrodesign.hu/blogs/hir/mennyit-fogyaszt-egy-led-minden-amit-a-led-ek-hatekonysagarol-tudni-kell,https://www.alessandrodesign.ro/products/bec-led-filament-amber-e27-4w-2500k-18cm,izzószálas LED izzó 4W E27,404,https://www.alessandrodesign.ro/products/bec-led-filament-amber-e27-4w-2500k-18cm,,remove/manual
404,Hyperlink,https://www.alessandrodesign.hu/blogs/hir/skandinav-stilus-jellemzok-beallitas-es-ajanlott-termekek,https://www.alessandrodesign.ro/collections/textile-camera,Kamera textil,404,https://www.alessandrodesign.ro/collections/textile-camera,,remove/manual
404,Hyperlink,https://www.alessandrodesign.hu/blogs/hir/mennyit-fogyaszt-egy-led-minden-amit-a-led-ek-hatekonysagarol-tudni-kell,https://www.alessandrodesign.ro/collections/tuburi-led,- LED csövek,404,https://www.alessandrodesign.ro/collections/tuburi-led,,remove/manual
404,Hyperlink,https://www.alessandrodesign.hu/blogs/hir/ipari-stilus-otthonaban-teljes-utmutato-a-megfelelo-vilagitasi-rendszer-kivalasztasahoz,https://www.alessandrodesign.ro/products/lustra-fresi-3-e27-metal-negru,itt,404,https://www.alessandrodesign.ro/products/lustra-fresi-3-e27-metal-negru,,remove/manual
404,Hyperlink,https://www.alessandrodesign.hu/blogs/hir/mit-jelent-a-cct-a-led-szalagokban-es-hogyan-befolyasolja-a-fenyt,https://www.alessandrodesign.ro/products/banda-led-rigida-5730-7w-ip65-6400k,merev LED szalag 5730 7W IP65 6400K,404,https://www.alessandrodesign.ro/products/banda-led-rigida-5730-7w-ip65-6400k,,remove/manual
404,Hyperlink,https://www.alessandrodesign.hu/blogs/elrendezesi-tippek/hogyan-valasszuk-ki-a-kulteri-alkalmazast-a-modern-es-funkcionalis-megjeleneshez,https://www.alessandrodesign.ro/products/aplica-led-exterior-kylo-9w-negru,itt,404,https://www.alessandrodesign.ro/products/aplica-led-exterior-kylo-9w-negru,,remove/manual
404,Hyperlink,https://www.alessandrodesign.hu/blogs/hir/mit-jelent-a-cct-a-led-szalagokban-es-hogyan-befolyasolja-a-fenyt,https://www.alessandrodesign.ro/products/banda-led-r5050-12v-5m-ip20-2700k,LED szalag R5050 12V 5m IP20 2700K,404,https://www.alessandrodesign.ro/products/banda-led-r5050-12v-5m-ip20-2700k,,remove/manual
404,Hyperlink,https://www.alessandrodesign.hu/blogs/hir/mit-jelent-a-cct-a-led-szalagokban-es-hogyan-befolyasolja-a-fenyt,https://www.alessandrodesign.ro/products/banda-led-r2835-12v-5m-ip20-6400k,LED szalag R2835 12V 5m IP20 6400K,404,https://www.alessandrodesign.ro/products/banda-led-r2835-12v-5m-ip20-6400k,,remove/manual
404,Hyperlink,https://www.alessandrodesign.hu/policies/terms-of-service,https://www.alessandrodesign.ro/upload/userfiles/files/Regulament_Black_Friday_2024_Alessandro_Design.pdf,Kattintson ide a 2024 -es fekete péntek kampányszabályozásának megtekintéséhez,404,https://www.alessandrodesign.ro/upload/userfiles/files/Regulament_Black_Friday_2024_Alessandro_Design.pdf,,remove/manual
404,Hyperlink,https://www.alessandrodesign.hu/blogs/hir/hogyan-lehet-tokeletes-kornyezeti-megvilagitast-letrehozni-a-kert-nyari-esteire,https://www.alessandrodesign.ro/products/fantas-200w-smd-led-proiector-6500k-ip65,itt,404,https://www.alessandrodesign.ro/products/fantas-200w-smd-led-proiector-6500k-ip65,,remove/manual
404,Hyperlink,https://www.alessandrodesign.hu/blogs/hir/hogyan-valasszuk-ki-a-megfelelo-haloszobalampat-teljes-utmutato-a-stilushoz-es-a-funkciohoz,https://www.alessandrodesign.ro/products/veioza-sophias-1x-e27-auriu,Sophia lámpája,404,https://www.alessandrodesign.ro/products/veioza-sophias-1x-e27-auriu,,remove/manual
404,Hyperlink,https://www.alessandrodesign.hu/blogs/hir/hogyan-valasszuk-ki-a-megfelelo-haloszobalampat-teljes-utmutato-a-stilushoz-es-a-funkciohoz,https://www.alessandrodesign.ro/products/veioza-led-minos-48w-lumina-rece-calda-neutra-metal-si-acril-negru,Minos LED lámpa,404,https://www.alessandrodesign.ro/products/veioza-led-minos-48w-lumina-rece-calda-neutra-metal-si-acril-negru,,remove/manual
404,Hyperlink,https://www.alessandrodesign.hu/blogs/hir/hogyan-valasszuk-ki-a-megfelelo-haloszobalampat-teljes-utmutato-a-stilushoz-es-a-funkciohoz,https://www.alessandrodesign.ro/products/veioza-led-minos-48w-lumina-rece-calda-neutra-metal-si-acril-negru,Minos LED lámpa,404,https://www.alessandrodesign.ro/products/veioza-led-minos-48w-lumina-rece-calda-neutra-metal-si-acril-negru,,remove/manual
404,Hyperlink,https://www.alessandrodesign.hu/blogs/hir/mit-jelent-a-cct-a-led-szalagokban-es-hogyan-befolyasolja-a-fenyt,https://www.alessandrodesign.ro/products/banda-led-r2835-12v-5m-ip65-6400k,LED szalag R2835 12V 5m IP65 6400K,404,https://www.alessandrodesign.ro/products/banda-led-r2835-12v-5m-ip65-6400k,,remove/manual
404,Hyperlink,https://www.alessandrodesign.hu/blogs/hir/mit-jelent-a-cct-a-led-szalagokban-es-hogyan-befolyasolja-a-fenyt,https://www.alessandrodesign.ro/products/banda-led-r2835-12v-5m-ip65-6400k,LED szalag R2835 12V 5m IP65 6400K,404,https://www.alessandrodesign.ro/products/banda-led-r2835-12v-5m-ip65-6400k,,remove/manual
404,Hyperlink,https://www.alessandrodesign.hu/blogs/hir/mi-a-fenyintenzitas-es-hogyan-befolyasolja-az-otthoni-vilagitast,https://www.alessandrodesign.ro/products/spot-led-fantas-18w-6500k,"Fantas 18W, 6500K",404,https://www.alessandrodesign.ro/products/spot-led-fantas-18w-6500k,,remove/manual
404,Hyperlink,https://www.alessandrodesign.hu/blogs/hir/mi-a-fenyintenzitas-es-hogyan-befolyasolja-az-otthoni-vilagitast,https://www.alessandrodesign.ro/products/spot-led-fantas-18w-6500k,LED spotlámpák,404,https://www.alessandrodesign.ro/products/spot-led-fantas-18w-6500k,,remove/manual
404,Hyperlink,https://www.alessandrodesign.hu/collections/femes-fenyek,https://www.alessandrodesign.ro/collections/lustre-cu-globuri,csillárok földgömbökkel,404,https://www.alessandrodesign.ro/collections/lustre-cu-globuri,,remove/manual
404,Hyperlink,https://www.alessandrodesign.hu/blogs/hir/hogyan-rendezzunk-be-egy-nappalit-autentikus-vintage-stilusban,https://www.alessandrodesign.ro/collections/lustre-cu-globuri,csillárok földgömbökkel,404,https://www.alessandrodesign.ro/collections/lustre-cu-globuri,,remove/manual
404,Hyperlink,https://www.alessandrodesign.hu/collections/femes-fenyek?page=1,https://www.alessandrodesign.ro/collections/lustre-cu-globuri,csillárok földgömbökkel,404,https://www.alessandrodesign.ro/collections/lustre-cu-globuri,,remove/manual
404,Hyperlink,https://www.alessandrodesign.hu/collections/kulso-alkalmazas,https://www.alessandrodesign.ro/collections/iluminat-stradal,Iluminat Stradal,404,https://www.alessandrodesign.ro/collections/iluminat-stradal,,remove/manual
404,Hyperlink,https://www.alessandrodesign.hu/collections/kulso-vilagitas,https://www.alessandrodesign.ro/collections/iluminat-stradal,Iluminat Stradal,404,https://www.alessandrodesign.ro/collections/iluminat-stradal,,remove/manual
404,Hyperlink,https://www.alessandrodesign.hu/collections/kulso-kivetito,https://www.alessandrodesign.ro/collections/iluminat-stradal,Iluminat Stradal,404,https://www.alessandrodesign.ro/collections/iluminat-stradal,,remove/manual
404,Hyperlink,https://www.alessandrodesign.hu/collections/kulso-alkalmazas?page=1,https://www.alessandrodesign.ro/collections/iluminat-stradal,Iluminat Stradal,404,https://www.alessandrodesign.ro/collections/iluminat-stradal,,remove/manual
404,Hyperlink,https://www.alessandrodesign.hu/collections/kulso-vilagitas?page=1,https://www.alessandrodesign.ro/collections/iluminat-stradal,Iluminat Stradal,404,https://www.alessandrodesign.ro/collections/iluminat-stradal,,remove/manual
404,Hyperlink,https://www.alessandrodesign.hu/collections/led-led-luster,https://www.alessandrodesign.ro/collections/lustre-led-scandinave,Skandináv stílusú csillár,404,https://www.alessandrodesign.ro/collections/lustre-led-scandinave,,remove/manual
404,Hyperlink,https://www.alessandrodesign.hu/collections/csillogo-led-haloszoba,https://www.alessandrodesign.ro/collections/lustre-led-scandinave,skandináv stílusú csillár,404,https://www.alessandrodesign.ro/collections/lustre-led-scandinave,,remove/manual
404,Hyperlink,https://www.alessandrodesign.hu/collections/konyha-vezette-csillar,https://www.alessandrodesign.ro/collections/lustre-led-scandinave,skandináv stílusú csillár,404,https://www.alessandrodesign.ro/collections/lustre-led-scandinave,,remove/manual
404,Hyperlink,https://www.alessandrodesign.hu/collections/led-led-luster?page=1,https://www.alessandrodesign.ro/collections/lustre-led-scandinave,Skandináv stílusú csillár,404,https://www.alessandrodesign.ro/collections/lustre-led-scandinave,,remove/manual
404,Hyperlink,https://www.alessandrodesign.hu/collections/csillogo-led-haloszoba?page=1,https://www.alessandrodesign.ro/collections/lustre-led-scandinave,skandináv stílusú csillár,404,https://www.alessandrodesign.ro/collections/lustre-led-scandinave,,remove/manual
404,Hyperlink,https://www.alessandrodesign.hu/collections/konyha-vezette-csillar?page=1,https://www.alessandrodesign.ro/collections/lustre-led-scandinave,skandináv stílusú csillár,404,https://www.alessandrodesign.ro/collections/lustre-led-scandinave,,remove/manual
404,Hyperlink,https://www.alessandrodesign.hu/blogs/hir/a-led-csillar-mintazatanak-5-legfontosabb-trendje-2025-re,https://www.alessandrodesign.ro/collections/lustre-led-scandinave,LED LED Skandináv stílusban,404,https://www.alessandrodesign.ro/collections/lustre-led-scandinave,,remove/manual
404,Hyperlink,https://www.alessandrodesign.hu/blogs/hir/skandinav-stilus-jellemzok-beallitas-es-ajanlott-termekek,https://www.alessandrodesign.ro/collections/lustre-led-scandinave,LED LUD Luster Scrance stílusban,404,https://www.alessandrodesign.ro/collections/lustre-led-scandinave,,remove/manual
200,Hyperlink,https://www.alessandrodesign.hu/blogs/hir/hogyan-valaszthatja-ki-a-konyhai-mosogato-vagy-a-furdoszoba-akkumulatort,https://alessandrodesign.ro/categorie-produs/sanitare/baterii-sanitare/,Akkumulátorok a mosogatóhoz,200,https://www.alessandrodesign.ro/collections/baterii-baie-bucatarie,https://www.alessandrodesign.hu/collections/furdoszoba-es-konyhai-csaptelepek,replace
200,Hyperlink,https://www.alessandrodesign.hu/blogs/hir/garantalja-az-altalanos-fogalmakat,https://alessandrodesign.ro/cum-trimitem-in-garantie,"Olvassa el a cikket, hogyan küldök egy terméket garancia alatt!",200,https://www.alessandrodesign.ro/pages/garantie,https://www.alessandrodesign.hu/pages/garancia,replace
200,Hyperlink,https://www.alessandrodesign.hu/blogs/hir/garantalja-az-altalanos-fogalmakat-1,https://alessandrodesign.ro/cum-trimitem-in-garantie,"Olvassa el a cikket, hogyan küldök egy terméket garancia alatt!",200,https://www.alessandrodesign.ro/pages/garantie,https://www.alessandrodesign.hu/pages/garancia,replace
200,Hyperlink,https://www.alessandrodesign.hu/pages/gyakori-kerdesek,https://alessandrodesign.ro/formular-retur,Visszatérő űrlap,200,https://www.alessandrodesign.ro/pages/formular-retur,https://www.alessandrodesign.hu/pages/visszakuldesi-urlap,replace
200,Hyperlink,https://www.alessandrodesign.hu/pages/vissza,https://alessandrodesign.ro/pages/formular-retur,visszaküldési űrlap,200,https://www.alessandrodesign.ro/pages/formular-retur,https://www.alessandrodesign.hu/pages/visszakuldesi-urlap,replace
200,Hyperlink,https://www.alessandrodesign.hu/blogs/hir/hogyan-valaszthatja-ki-a-konyhai-mosogato-vagy-a-furdoszoba-akkumulatort,https://alessandrodesign.ro/shop/baterie-baie-alama-sanitara-rotire-360argintiu-cf101-b/,,200,https://www.alessandrodesign.ro/collections/baterii-de-baie,https://www.alessandrodesign.hu/collections/furdoszoba-csaptelepek,replace
200,Hyperlink,https://www.alessandrodesign.hu/blogs/hir/hogyan-valaszthatja-ki-a-konyhai-mosogato-vagy-a-furdoszoba-akkumulatort,https://alessandrodesign.ro/shop/baterie-baie-retro-starke-alama-sanitara-culoare-argintiu-w058/,,200,https://www.alessandrodesign.ro/collections/baterii-de-baie,https://www.alessandrodesign.hu/collections/furdoszoba-csaptelepek,replace
200,Hyperlink,https://www.alessandrodesign.hu/blogs/hir/hogyan-valaszthatja-ki-a-konyhai-mosogato-vagy-a-furdoszoba-akkumulatort,https://alessandrodesign.ro/shop/baterie-baie-starke-alama-sanitara-culoare-auriu-wzy-325-b/,,200,https://www.alessandrodesign.ro/collections/baterii-de-baie,https://www.alessandrodesign.hu/collections/furdoszoba-csaptelepek,replace
200,Hyperlink,https://www.alessandrodesign.hu/blogs/hir/hogyan-valaszthatja-ki-a-konyhai-mosogato-vagy-a-furdoszoba-akkumulatort,https://alessandrodesign.ro/shop/baterie-bucatarie-cu-pipa-flexibila-starke-alama-sanitara-negru-od-2073/,,200,https://www.alessandrodesign.ro/collections/baterii-de-bucatarie,https://www.alessandrodesign.hu/collections/konyhai-csaptelepek,replace
200,Hyperlink,https://www.alessandrodesign.hu/blogs/hir/hogyan-valaszthatja-ki-a-konyhai-mosogato-vagy-a-furdoszoba-akkumulatort,https://alessandrodesign.ro/shop/baterie-bucatarie-inox-starke-sus-304-cf010/,,200,https://www.alessandrodesign.ro/collections/baterii-de-bucatarie,https://www.alessandrodesign.hu/collections/konyhai-csaptelepek,replace
200,Hyperlink,https://www.alessandrodesign.hu/blogs/hir/hogyan-valaszthatja-ki-a-konyhai-mosogato-vagy-a-furdoszoba-akkumulatort,https://alessandrodesign.ro/shop/baterie-bucatarie-inox-starke-sus-304-extractibil-cf-touch-3/,,200,https://www.alessandrodesign.ro/collections/baterii-de-bucatarie,https://www.alessandrodesign.hu/collections/konyhai-csaptelepek,replace
200,Hyperlink,https://www.alessandrodesign.hu/blogs/hir/hogyan-valaszthatja-ki-a-konyhai-mosogato-vagy-a-furdoszoba-akkumulatort,https://alessandrodesign.ro/shop/baterie-lavoar-inox-sus304-satinat-ysq-111/,,200,https://www.alessandrodesign.ro/collections/baterii-de-bucatarie,https://www.alessandrodesign.hu/collections/konyhai-csaptelepek,replace
200,Hyperlink,https://www.alessandrodesign.hu/blogs/hir/hogyan-valaszthatja-ki-a-konyhai-mosogato-vagy-a-furdoszoba-akkumulatort,https://alessandrodesign.ro/shop/baterie-lavoar-starke-aliaj-si-sticla-negru-od3007/,,200,https://www.alessandrodesign.ro/collections/baterii-de-baie,https://www.alessandrodesign.hu/collections/furdoszoba-csaptelepek,replace
200,Hyperlink,https://www.alessandrodesign.hu/blogs/hir/hogyan-valaszthatja-ki-a-konyhai-mosogato-vagy-a-furdoszoba-akkumulatort,https://alessandrodesign.ro/shop/baterie-monocomanda-bucatarie-26cm-bm026/,,200,https://www.alessandrodesign.ro/collections/baterii-de-bucatarie,https://www.alessandrodesign.hu/collections/konyhai-csaptelepek,replace
200,Image,https://www.alessandrodesign.hu/pages/vallalat,https://alessandrodesign.ro/upload/userfiles/images/IMG_0874.jpeg,,404,https://www.alessandrodesign.ro/upload/userfiles/images/IMG_0874.jpeg,,remove/manual
200,Image,https://www.alessandrodesign.hu/pages/vallalat/,https://alessandrodesign.ro/upload/userfiles/images/IMG_0874.jpeg,,404,https://www.alessandrodesign.ro/upload/userfiles/images/IMG_0874.jpeg,,remove/manual
200,Image,https://www.alessandrodesign.hu/pages/vallalat,https://alessandrodesign.ro/upload/userfiles/images/IMG_0876.jpeg,,404,https://www.alessandrodesign.ro/upload/userfiles/images/IMG_0876.jpeg,,remove/manual
200,Image,https://www.alessandrodesign.hu/pages/vallalat/,https://alessandrodesign.ro/upload/userfiles/images/IMG_0876.jpeg,,404,https://www.alessandrodesign.ro/upload/userfiles/images/IMG_0876.jpeg,,remove/manual
200,Image,https://www.alessandrodesign.hu/pages/vallalat,https://alessandrodesign.ro/upload/userfiles/images/ShowroomAnsamblu.jpg,,404,https://www.alessandrodesign.ro/upload/userfiles/images/ShowroomAnsamblu.jpg,,remove/manual
200,Image,https://www.alessandrodesign.hu/pages/vallalat/,https://alessandrodesign.ro/upload/userfiles/images/ShowroomAnsamblu.jpg,,404,https://www.alessandrodesign.ro/upload/userfiles/images/ShowroomAnsamblu.jpg,,remove/manual
200,Hyperlink,https://www.alessandrodesign.hu/pages/ugyfelkepek,https://www.alessandrodesign.ro/aplica-exterior-alessandro-design-angela-10w-8609bk.html,,404,https://www.alessandrodesign.ro/products/aplica-exterior-angela-10w-negru,,remove/manual
200,Hyperlink,https://www.alessandrodesign.hu/pages/ugyfelkepek,https://www.alessandrodesign.ro/aplica-exterior-alessandro-design-angela-10w-8609bk.html,NÉZD MEG A TERMÉKET,404,https://www.alessandrodesign.ro/products/aplica-exterior-angela-10w-negru,,remove/manual
200,Hyperlink,https://www.alessandrodesign.hu/pages/ugyfelkepek,https://www.alessandrodesign.ro/aplica-led-alexandra-24w-auriu.html,,200,https://www.alessandrodesign.ro/products/aplica-led-manara-24w-auriu-lumina-rece-calda-neutra,https://www.alessandrodesign.hu/products/manara-led-fali-lampa-24w-arany-hideg-meleg-semleges-feny,replace
200,Hyperlink,https://www.alessandrodesign.hu/pages/ugyfelkepek,https://www.alessandrodesign.ro/aplica-led-alexandra-24w-auriu.html,NÉZD MEG A TERMÉKET,200,https://www.alessandrodesign.ro/products/aplica-led-manara-24w-auriu-lumina-rece-calda-neutra,https://www.alessandrodesign.hu/products/manara-led-fali-lampa-24w-arany-hideg-meleg-semleges-feny,replace
200,Hyperlink,https://www.alessandrodesign.hu/blogs/hir/a-dinu-maxer-haloszobajat-alessandro-design-vilagito-testekkel-felujitottak,https://www.alessandrodesign.ro/aplica-led-gavin-18w-alb-auriu.html,Alkalmazza a LED GAVIN 18W aranyfehérjét,200,https://www.alessandrodesign.ro/products/aplica-led-gavin-18w-alb-auriu,https://www.alessandrodesign.hu/products/led-lampa-gavin-18w-white-gold-1,replace
200,Hyperlink,https://www.alessandrodesign.hu/blogs/hir/az-ot-legfontosabb-vilagito-test-a-teremhez,https://www.alessandrodesign.ro/aplica-led-selenis-18w-acril-negru.html,Alkalmazza a LED Lyra -t,200,https://www.alessandrodesign.ro/products/aplica-led-lyra-18w-acril-alb-negru,https://www.alessandrodesign.hu/products/lyra-led-fali-lampa-18w-akril-fekete-feher,replace
200,Hyperlink,https://www.alessandrodesign.hu/blogs/hir/alkalmazas-rogzitese-lepesek-es-tippek-a-helyes-telepiteshez,https://www.alessandrodesign.ro/aplice,Fal,200,https://www.alessandrodesign.ro/collections/aplice,https://www.alessandrodesign.hu/collections/alkalmazni,replace
200,Hyperlink,https://www.alessandrodesign.hu/blogs/hir/hogyan-kell-helyesen-telepiteni-a-csillarot-lepesek-es-ajanlasok,https://www.alessandrodesign.ro/aplice,Jelentkezem a nappaliba,200,https://www.alessandrodesign.ro/collections/aplice,https://www.alessandrodesign.hu/collections/alkalmazni,replace
200,Hyperlink,https://www.alessandrodesign.hu/blogs/hir/jelentkezem-a-led-vs-alkalmazza-a-hagyomanyos-izzokkal-mit-valasszon,https://www.alessandrodesign.ro/aplice-clasice,A fal a hagyományos izzókra vonatkozik,200,https://www.alessandrodesign.ro/collections/aplice-de-interior,https://www.alessandrodesign.hu/collections/belso-lampak,replace
200,Hyperlink,https://www.alessandrodesign.hu/blogs/hir/jelentkezem-a-led-vs-alkalmazza-a-hagyomanyos-izzokkal-mit-valasszon,https://www.alessandrodesign.ro/aplice-de-cristal,Kristályalkalmazások,200,https://www.alessandrodesign.ro/collections/aplice-candelabre,https://www.alessandrodesign.hu/collections/kandelaber-lampak,replace
200,Hyperlink,https://www.alessandrodesign.hu/blogs/hir/jelentkezem-a-led-vs-alkalmazza-a-hagyomanyos-izzokkal-mit-valasszon,https://www.alessandrodesign.ro/aplice-de-interior,LED -fal érvényes,200,https://www.alessandrodesign.ro/collections/aplice,https://www.alessandrodesign.hu/collections/alkalmazni,replace
200,Hyperlink,https://www.alessandrodesign.hu/blogs/hir/minden-amit-tudnod-kell-az-egeszsegugyi-akkumulatorokrol,https://www.alessandrodesign.ro/baterie-bucatarie-extractibila-starke-inox-sus304-satinat-cf023.html,Akkumulátor csillagkonyha felfelé 304 kivonható CF023,200,https://www.alessandrodesign.ro/products/baterie-bucatarie-cu-dus-extractibil-inox-sus304-satinat-cf023,https://www.alessandrodesign.hu/products/konyhai-csaptelep-kihuzhato-zuhannyal-sus304-rozsdamentes-acel-szaten-cf023,replace
200,Hyperlink,https://www.alessandrodesign.hu/blogs/hir/minden-amit-tudnod-kell-az-egeszsegugyi-akkumulatorokrol,https://www.alessandrodesign.ro/baterie-bucatarie-tip-lebada-crompipa-rotativa-lb00c.html,Akkumulátor konyha típusú króm/forgócső lb00c,200,https://www.alessandrodesign.ro/products/baterie-bucatarie-crom-lucios-lb00c-pipa-lebada-pivotanta-cartus-ceramic-set-complet-cu-racorduri-si-sistem-de-fixare,https://www.alessandrodesign.hu/products/fenyes-krom-konyhai-csaptelep-lb00c-forgo-hattyu-csaptelep-keramia-patron-komplett-keszlet-csatlakozasokkal-es-rogzito-rendszerrel,replace
200,Hyperlink,https://www.alessandrodesign.hu/blogs/hir/minden-amit-tudnod-kell-az-egeszsegugyi-akkumulatorokrol,https://www.alessandrodesign.ro/baterie-cada-inox-sus304-negru-ljs-223b.html,Rozsdamentes acél fürdőkád SUS304 Black LJS-223B,200,https://www.alessandrodesign.ro/products/baterie-perete-inox-sus304-negru-ljs-223b,https://www.alessandrodesign.hu/products/fali-csaptelep-sus304-rozsdamentes-acel-fekete-ljs-223b,replace
200,Hyperlink,https://www.alessandrodesign.hu/blogs/hir/minden-amit-tudnod-kell-az-egeszsegugyi-akkumulatorokrol,https://www.alessandrodesign.ro/baterie-cada-inox-sus304-satinat-n-ly0c4.html,Rozsdamentes acél fürdőkád SUS304 Satin N-LY0C4,200,https://www.alessandrodesign.ro/collections/baterii-de-baie,https://www.alessandrodesign.hu/collections/furdoszoba-csaptelepek,replace
200,Hyperlink,https://www.alessandrodesign.hu/blogs/hir/minden-amit-tudnod-kell-az-egeszsegugyi-akkumulatorokrol,https://www.alessandrodesign.ro/baterie-dus-cu-para-si-furtun-starke-alama-sanitara-bronz-antichizat-od-2043.html,Akkumulátor zuhany szabadsággal és tömlővel Starke-egészségügyi sárgaréz antik OD-2043,200,https://www.alessandrodesign.ro/products/baterie-dus-cu-para-si-furtun-alama-sanitara-bronz-antichizat-od-2043,https://www.alessandrodesign.hu/products/zuhanycsap-csovel-es-tomlovel-fem-antik-arany-od-2043,replace
200,Hyperlink,https://www.alessandrodesign.hu/blogs/hir/minden-amit-tudnod-kell-az-egeszsegugyi-akkumulatorokrol,https://www.alessandrodesign.ro/baterie-lavoar-aliaj-argintiu.html,Ezüstötvözet akkumulátormosó,200,https://www.alessandrodesign.ro/products/baterie-lavoar-korman-technik-pipa-pivotanta-lungime-15cm-cartus-ceramic-crom-racord-inclus,https://www.alessandrodesign.hu/products/mosogato-csaptelep-elforgathato-csaptelep-15-cm-hosszusag-keramia-patron-krom-csatlakozo-mellekelve,replace
200,Hyperlink,https://www.alessandrodesign.hu/blogs/hir/minden-amit-tudnod-kell-az-egeszsegugyi-akkumulatorokrol,https://www.alessandrodesign.ro/baterie-lavoar-cu-senzor-alama-sanitara-alb-rw-190wh.html,Akkumulátor fehér-90Wh fehér egészségügyi sárgaréz érzékelő akkumulátorral,200,https://www.alessandrodesign.ro/products/baterie-lavoar-cu-senzor-alama-sanitara-alb-rw-190wh,https://www.alessandrodesign.hu/products/mosogato-csaptelep-erzekelovel-sargarez-feher-rw-190wh,replace
200,Hyperlink,https://www.alessandrodesign.hu/blogs/hir/minden-amit-tudnod-kell-az-egeszsegugyi-akkumulatorokrol,https://www.alessandrodesign.ro/baterie-lavoar-cu-senzor-alama-sanitara-crom-rw-103.html,Akkumulátor Crome RW-103 egészségügyi sárgaréz érzékelővel,200,https://www.alessandrodesign.ro/products/baterie-lavoar-cu-senzor-alama-sanitara-crom-rw-103,https://www.alessandrodesign.hu/products/mosogato-csaptelep-erzekelovel-szaniter-sargarez-krom-rw-103,replace
200,Hyperlink,https://www.alessandrodesign.hu/blogs/hir/minden-amit-tudnod-kell-az-egeszsegugyi-akkumulatorokrol,https://www.alessandrodesign.ro/baterie-lavoar-inox-sus304-satinata-mp009.html,Lavoar starke akkumulátor sus304 szatén mp009,200,https://www.alessandrodesign.ro/products/baterie-lavoar-korman-technik-inox-sus304-satinat-mp009,https://www.alessandrodesign.hu/products/mosogato-csaptelep-rozsdamentes-acel-sus304-szaten-kivitel-mp009,replace
200,Hyperlink,https://www.alessandrodesign.hu/blogs/hir/minden-amit-tudnod-kell-az-egeszsegugyi-akkumulatorokrol,https://www.alessandrodesign.ro/baterie-lavoar-starke-alama-sanitara-negru-mat-od-2057.html,Akkumulátor washbasin starke fekete mat-2057,200,https://www.alessandrodesign.ro/collections/all,https://www.alessandrodesign.hu/collections/all,replace
200,Hyperlink,https://www.alessandrodesign.hu/blogs/hir/minden-amit-tudnod-kell-az-egeszsegugyi-akkumulatorokrol,https://www.alessandrodesign.ro/baterie-monocomanda-bucatarie-18cm-bm018.html,Konyhai monok és akkumulátor 18 cm BM018,200,https://www.alessandrodesign.ro/products/baterie-lavoar-korman-technik-pipa-pivotanta-lungime-18cm-cartus-ceramic-crom-racord-inclus,https://www.alessandrodesign.hu/products/mosogato-csaptelep-elforgathato-csaptelep-18cm-hosszusag-keramia-patron-krom-csatlakozo-mellekelve,replace
200,Hyperlink,https://www.alessandrodesign.hu/blogs/hir/minden-amit-tudnod-kell-az-egeszsegugyi-akkumulatorokrol,https://www.alessandrodesign.ro/baterie-pentru-cada-scurta-crompipa-rotativa-cd001.html,Akkumulátor rövid króm kádhoz/forgó csőhez CD001,200,https://www.alessandrodesign.ro/products/baterie-cada-korman-technik-para-dus-si-furtun-inclus-aliaj-cartus-ceramic-crom-cd001,https://www.alessandrodesign.hu/products/kadcsaptelep-zuhanyfej-es-tomlo-mellekelve-otvozet-keramiapatron-krom-cd001,replace
200,Hyperlink,https://www.alessandrodesign.hu/blogs/hir/minden-amit-tudnod-kell-az-egeszsegugyi-akkumulatorokrol,https://www.alessandrodesign.ro/baterie-tip-bideu-crompipa-rotativa-bd001.html,Bideu Chrome/forgócső BD001 akkumulátor,200,https://www.alessandrodesign.ro/products/baterie-bideu-crom-bd001,https://www.alessandrodesign.hu/products/bide-csaptelep-krom-bd001,replace
200,Hyperlink,https://www.alessandrodesign.hu/blogs/hir/hogyan-lehet-megfeleloen-felszerelni-a-furdo-akkumulatort-lepes-lepcso-utmutato,https://www.alessandrodesign.ro/baterii-sanitare,az egészségügyi akkumulátor,200,https://www.alessandrodesign.ro/collections/baterii-baie-bucatarie,https://www.alessandrodesign.hu/collections/furdoszoba-es-konyhai-csaptelepek,replace
200,Hyperlink,https://www.alessandrodesign.hu/blogs/hir/hogyan-lehet-hozzaferni-a-furdoszoba-stilusanak,https://www.alessandrodesign.ro/baterii-sanitare-de-baie,A Washbasin akkumulátor: a stílus és a hatékonyság keveréke,200,https://www.alessandrodesign.ro/collections/baterii-de-baie,https://www.alessandrodesign.hu/collections/furdoszoba-csaptelepek,replace
200,Hyperlink,https://www.alessandrodesign.hu/blogs/hir/hogyan-lehet-helyesen-telepiteni-egy-led-tukrot-a-furdoszobaba-hasznos-tippek-a-tokeletes-eredmeny-erdekeben,https://www.alessandrodesign.ro/benzi-led,LED zenekarok,200,https://www.alessandrodesign.ro/collections/benzi-led,https://www.alessandrodesign.hu/collections/led-szalagok,replace
200,Hyperlink,https://www.alessandrodesign.hu/pages/marketing-egyuttmukodes,https://www.alessandrodesign.ro/blog,Blogok,200,https://www.alessandrodesign.ro/blogs/news,https://www.alessandrodesign.hu/blogs/hir,replace
200,Hyperlink,https://www.alessandrodesign.hu/blogs/hir/hogyan-lehet-helyesen-megvilagitani-egy-nagy-szobat-a-csillarokkal,https://www.alessandrodesign.ro/blog/ce-inseamna-dimabil.html,Tompítható izzók,200,https://www.alessandrodesign.ro/blogs/news/corpurile-de-iluminat-dimabile-ce-sunt-si-cum-functioneaza,https://www.alessandrodesign.hu/blogs/hir/szabalyozhato-vilagitotestek-mik-ezek-es-hogyan-mukodnek,replace
200,Hyperlink,https://www.alessandrodesign.hu/blogs/hir/alkalmazas-rogzitese-lepesek-es-tippek-a-helyes-telepiteshez,https://www.alessandrodesign.ro/blog/ghid-montaj-produse.html,termékgyűjtő útmutató,200,https://www.alessandrodesign.ro/blogs/news/ghid-montaj-produse,https://www.alessandrodesign.hu/blogs/hir/termek-osszeszerelesi-utmutato,replace
200,Hyperlink,https://www.alessandrodesign.hu/pages/vissza,https://www.alessandrodesign.ro/blog/produse-neeligibile-pentru-retur.html,Link a teljes cikkhez,200,https://www.alessandrodesign.ro/blogs/news/retur-alessandro-design-ce-ar-trebui-sa-%C8%99ti%C8%9Bi,https://www.alessandrodesign.hu/blogs/hir/vissza-alessandro-design-amit-tudnia-kell,replace
200,Hyperlink,https://www.alessandrodesign.hu/blogs/hir/termekfogadas-utmutato,https://www.alessandrodesign.ro/blog/receptionarea-produselor-sparte.html,A törött termékek fogadása (alessandrodesign.ro),200,https://www.alessandrodesign.ro/blogs/news/recep%C8%9Bionarea-produselor-sparte,https://www.alessandrodesign.hu/blogs/hir/torott-termekek-fogadasa,replace
200,Hyperlink,https://www.alessandrodesign.hu/blogs/hir/hogyan-testreszabhatja-a-csillarjat-a-belsoepiteszeti-stilus-szerint-modern-vintage-industrial,https://www.alessandrodesign.ro/candelabre-clasice,Klasszikus csillárok,200,https://www.alessandrodesign.ro/collections/candelabre-clasice,https://www.alessandrodesign.hu/collections/klasszikus-csillarok,replace
200,Hyperlink,https://www.alessandrodesign.hu/blogs/hir/hogyan-kell-helyesen-telepiteni-a-csillarot-lepesek-es-ajanlasok,https://www.alessandrodesign.ro/candelabre-comerciale,csillapok,200,https://www.alessandrodesign.ro/collections/candelabre,https://www.alessandrodesign.hu/collections/csillarok-1,replace
200,Hyperlink,https://www.alessandrodesign.hu/blogs/hir/hogyan-testreszabhatja-a-csillarjat-a-belsoepiteszeti-stilus-szerint-modern-vintage-industrial,https://www.alessandrodesign.ro/candelabre-comerciale,csillapok,200,https://www.alessandrodesign.ro/collections/candelabre,https://www.alessandrodesign.hu/collections/csillarok-1,replace
200,Hyperlink,https://www.alessandrodesign.hu/blogs/hir/hogyan-lehet-helyesen-megvilagitani-egy-nagy-szobat-a-csillarokkal,https://www.alessandrodesign.ro/candelabre-comerciale,csillapok,200,https://www.alessandrodesign.ro/collections/candelabre,https://www.alessandrodesign.hu/collections/csillarok-1,replace
200,Hyperlink,https://www.alessandrodesign.hu/blogs/hir/hogyan-testreszabhatja-a-csillarjat-a-belsoepiteszeti-stilus-szerint-modern-vintage-industrial,https://www.alessandrodesign.ro/candelabre-moderne,Modern csillárok,200,https://www.alessandrodesign.ro/collections/candelabre-moderne,https://www.alessandrodesign.hu/collections/modern-csillarok,replace
200,Hyperlink,https://www.alessandrodesign.hu/blogs/hir/mindent-a-kristalyokkal-rendelkezo-csillarokrol,https://www.alessandrodesign.ro/candelabre-si-lustre-cu-cristale,Csillárok kristályokkal,200,https://www.alessandrodesign.ro/collections/candelabre,https://www.alessandrodesign.hu/collections/csillarok-1,replace
200,Hyperlink,https://www.alessandrodesign.hu/blogs/hir/hogyan-testreszabhatja-a-csillarjat-a-belsoepiteszeti-stilus-szerint-modern-vintage-industrial,https://www.alessandrodesign.ro/candelabre-si-lustre-cu-cristale,Kristálycsillárok,200,https://www.alessandrodesign.ro/collections/candelabre,https://www.alessandrodesign.hu/collections/csillarok-1,replace
200,Hyperlink,https://www.alessandrodesign.hu/blogs/hir/hogyan-lehet-helyesen-megvilagitani-egy-nagy-szobat-a-csillarokkal,https://www.alessandrodesign.ro/candelabre-si-lustre-cu-cristale,ezüst kristálycsillár,200,https://www.alessandrodesign.ro/collections/candelabre,https://www.alessandrodesign.hu/collections/csillarok-1,replace
200,Hyperlink,https://www.alessandrodesign.hu/blogs/hir/az-ot-legfontosabb-vilagito-test-a-teremhez,https://www.alessandrodesign.ro/candelabru-alessandro-design-iustinian-9e27-s9001-63.html,csillár Justiniánus,200,https://www.alessandrodesign.ro/products/candelabru-cristal-versailles-magno-8xe14-diametru-60cm-negru-si-auriu-inaltime-reglabila,https://www.alessandrodesign.hu/products/versailles-magno-kristalycsillar-8xe14-atmero-60-cm-fekete-es-arany-allithato-magassagu,replace
200,Hyperlink,https://www.alessandrodesign.hu/blogs/hir/hogyan-valaszthatja-ki-a-csillarot-a-rendeltetesi-hely-szerint,https://www.alessandrodesign.ro/candelabru-alessandro-design-marseille-2236-5.html,,200,https://www.alessandrodesign.ro/collections/all,https://www.alessandrodesign.hu/collections/all,replace
200,Hyperlink,https://www.alessandrodesign.hu/blogs/hir/az-5-legfontosabb-vilagito-testet-az-elethez,https://www.alessandrodesign.ro/candelabru-arian-8e14-negru-metal-si-cristal.html,Arian csillár,200,https://www.alessandrodesign.ro/products/candelabru-cristal-arian-8x-e27-diametru-60cm-auriu,https://www.alessandrodesign.hu/products/arian-kristalycsillar-8x-e27-atmero-60cm-arany,replace
200,Hyperlink,https://www.alessandrodesign.hu/pages/ugyfelkepek,https://www.alessandrodesign.ro/candelabru-berlin-6e27-20564-400.html,,200,https://www.alessandrodesign.ro/collections/all,https://www.alessandrodesign.hu/collections/all,replace
200,Hyperlink,https://www.alessandrodesign.hu/pages/ugyfelkepek,https://www.alessandrodesign.ro/candelabru-berlin-6e27-20564-400.html,NÉZD MEG A TERMÉKET,200,https://www.alessandrodesign.ro/collections/all,https://www.alessandrodesign.hu/collections/all,replace
200,Hyperlink,https://www.alessandrodesign.hu/pages/ugyfelkepek,https://www.alessandrodesign.ro/candelabru-bono-5e27-auriu-metal-si-cristal-1.html,,200,https://www.alessandrodesign.ro/products/candelabru-cristal-windsor-nobile-5xe14-diametru-39cm-auriu-lucios-inaltime-reglabila,https://www.alessandrodesign.hu/products/windsor-nobile-kristalycsillar-5xe14-atmero-39-cm-fenyes-arany-allithato-magassag,replace
200,Hyperlink,https://www.alessandrodesign.hu/pages/ugyfelkepek,https://www.alessandrodesign.ro/candelabru-bono-5e27-auriu-metal-si-cristal-1.html,NÉZD MEG A TERMÉKET,200,https://www.alessandrodesign.ro/products/candelabru-cristal-windsor-nobile-5xe14-diametru-39cm-auriu-lucios-inaltime-reglabila,https://www.alessandrodesign.hu/products/windsor-nobile-kristalycsillar-5xe14-atmero-39-cm-fenyes-arany-allithato-magassag,replace
200,Hyperlink,https://www.alessandrodesign.hu/pages/ugyfelkepek,https://www.alessandrodesign.ro/candelabru-eduardo-4e27-negru-metal-si-cristal.html,,200,https://www.alessandrodesign.ro/collections/all,https://www.alessandrodesign.hu/collections/all,replace
200,Hyperlink,https://www.alessandrodesign.hu/pages/ugyfelkepek,https://www.alessandrodesign.ro/candelabru-eduardo-4e27-negru-metal-si-cristal.html,NÉZD MEG A TERMÉKET,200,https://www.alessandrodesign.ro/collections/all,https://www.alessandrodesign.hu/collections/all,replace
200,Hyperlink,https://www.alessandrodesign.hu/blogs/hir/az-5-legjobb-vilagitovilagito-test,https://www.alessandrodesign.ro/candelabru-led-cu-telecomanda-madox-3e27-transparent-metal-si-cristal-1.html,LED Madox csillár,200,https://www.alessandrodesign.ro/collections/lustre-led,https://www.alessandrodesign.hu/collections/led-csillarok,replace
200,Hyperlink,https://www.alessandrodesign.hu/collections/led-fali-alkalmazas,https://www.alessandrodesign.ro/collections/aplice-clasice?_pos=1&_psq=clas&_ss=e&_v=1.0,Aplice Clasice,200,https://www.alessandrodesign.ro/collections/aplice-de-interior?_pos=1&_psq=clas&_ss=e&_v=1.0,https://www.alessandrodesign.hu/collections/belso-lampak,replace
200,Hyperlink,https://www.alessandrodesign.hu/collections/led-fali-alkalmazas?page=1,https://www.alessandrodesign.ro/collections/aplice-clasice?_pos=1&_psq=clas&_ss=e&_v=1.0,Aplice Clasice,200,https://www.alessandrodesign.ro/collections/aplice-de-interior?_pos=1&_psq=clas&_ss=e&_v=1.0,https://www.alessandrodesign.hu/collections/belso-lampak,replace
200,Hyperlink,https://www.alessandrodesign.hu/collections/csillarok,https://www.alessandrodesign.ro/collections/aplice-clasice?_pos=1&_psq=clasi&_ss=e&_v=1.0,Aplice Clasice,200,https://www.alessandrodesign.ro/collections/aplice-de-interior?_pos=1&_psq=clasi&_ss=e&_v=1.0,https://www.alessandrodesign.hu/collections/belso-lampak,replace
200,Hyperlink,https://www.alessandrodesign.hu/collections/led-fali-alkalmazas,https://www.alessandrodesign.ro/collections/aplice-de-cristal?_pos=2&_psq=cristal&_ss=e&_v=1.0,Aplice de Cristal,200,https://www.alessandrodesign.ro/collections/aplice-candelabre?_pos=2&_psq=cristal&_ss=e&_v=1.0,https://www.alessandrodesign.hu/collections/kandelaber-lampak,replace
200,Hyperlink,https://www.alessandrodesign.hu/collections/led-fali-alkalmazas?page=1,https://www.alessandrodesign.ro/collections/aplice-de-cristal?_pos=2&_psq=cristal&_ss=e&_v=1.0,Aplice de Cristal,200,https://www.alessandrodesign.ro/collections/aplice-candelabre?_pos=2&_psq=cristal&_ss=e&_v=1.0,https://www.alessandrodesign.hu/collections/kandelaber-lampak,replace
200,Hyperlink,https://www.alessandrodesign.hu/collections/vilagito-test,https://www.alessandrodesign.ro/collections/aplice-led?_pos=2&_psq=aplice&_ss=e&_v=1.0,Aplice LED,200,https://www.alessandrodesign.ro/collections/aplice?_pos=2&_psq=aplice&_ss=e&_v=1.0,https://www.alessandrodesign.hu/collections/alkalmazni,replace
200,Hyperlink,https://www.alessandrodesign.hu/collections/vilagito-test?page=1,https://www.alessandrodesign.ro/collections/aplice-led?_pos=2&_psq=aplice&_ss=e&_v=1.0,Aplice LED,200,https://www.alessandrodesign.ro/collections/aplice?_pos=2&_psq=aplice&_ss=e&_v=1.0,https://www.alessandrodesign.hu/collections/alkalmazni,replace
200,Hyperlink,https://www.alessandrodesign.hu/collections/led-led-teszt,https://www.alessandrodesign.ro/collections/black-season,,404,https://www.alessandrodesign.ro/collections/black-friday,,remove/manual
200,Hyperlink,https://www.alessandrodesign.hu/collections/oszi-kedvezmenyek,https://www.alessandrodesign.ro/collections/black-season,,404,https://www.alessandrodesign.ro/collections/black-friday,,remove/manual
200,Hyperlink,https://www.alessandrodesign.hu/collections/a-kedvezmenyek-vadaszatat,https://www.alessandrodesign.ro/collections/black-season,,404,https://www.alessandrodesign.ro/collections/black-friday,,remove/manual
200,Hyperlink,https://www.alessandrodesign.hu/collections/fal,https://www.alessandrodesign.ro/collections/candelabre-la-comanda?_pos=1&_psq=comanda&_ss=e&_v=1.0,Candelabre la comanda,200,https://www.alessandrodesign.ro/collections/candelabre,https://www.alessandrodesign.hu/collections/csillarok-1,replace
200,Hyperlink,https://www.alessandrodesign.hu/collections/led-csillapitas,https://www.alessandrodesign.ro/collections/candelabre-la-comanda?_pos=1&_psq=comanda&_ss=e&_v=1.0,Candelabre la comanda,200,https://www.alessandrodesign.ro/collections/candelabre,https://www.alessandrodesign.hu/collections/csillarok-1,replace
200,Hyperlink,https://www.alessandrodesign.hu/collections/villam-izzoval,https://www.alessandrodesign.ro/collections/candelabre-la-comanda?_pos=1&_psq=comanda&_ss=e&_v=1.0,Candelabre la comanda,200,https://www.alessandrodesign.ro/collections/candelabre,https://www.alessandrodesign.hu/collections/csillarok-1,replace
200,Hyperlink,https://www.alessandrodesign.hu/collections/foltok,https://www.alessandrodesign.ro/collections/candelabre-la-comanda?_pos=1&_psq=comanda&_ss=e&_v=1.0,Candelabre la comanda,200,https://www.alessandrodesign.ro/collections/candelabre,https://www.alessandrodesign.hu/collections/csillarok-1,replace
200,Hyperlink,https://www.alessandrodesign.hu/collections/magneses-sina-projektorok,https://www.alessandrodesign.ro/collections/candelabre-la-comanda?_pos=1&_psq=comanda&_ss=e&_v=1.0,Candelabre la comanda,200,https://www.alessandrodesign.ro/collections/candelabre,https://www.alessandrodesign.hu/collections/csillarok-1,replace
200,Hyperlink,https://www.alessandrodesign.hu/collections/gyertyatarto,https://www.alessandrodesign.ro/collections/candelabre-la-comanda?_pos=1&_psq=comanda&_ss=e&_v=1.0,Candelabre la comanda,200,https://www.alessandrodesign.ro/collections/candelabre,https://www.alessandrodesign.hu/collections/csillarok-1,replace
200,Hyperlink,https://www.alessandrodesign.hu/collections/lampak-es-lampak,https://www.alessandrodesign.ro/collections/candelabre-la-comanda?_pos=1&_psq=comanda&_ss=e&_v=1.0,Candelabre la comanda,200,https://www.alessandrodesign.ro/collections/candelabre,https://www.alessandrodesign.hu/collections/csillarok-1,replace
200,Hyperlink,https://www.alessandrodesign.hu/collections/fal?page=1,https://www.alessandrodesign.ro/collections/candelabre-la-comanda?_pos=1&_psq=comanda&_ss=e&_v=1.0,Candelabre la comanda,200,https://www.alessandrodesign.ro/collections/candelabre,https://www.alessandrodesign.hu/collections/csillarok-1,replace
200,Hyperlink,https://www.alessandrodesign.hu/collections/led-csillapitas?page=1,https://www.alessandrodesign.ro/collections/candelabre-la-comanda?_pos=1&_psq=comanda&_ss=e&_v=1.0,Candelabre la comanda,200,https://www.alessandrodesign.ro/collections/candelabre,https://www.alessandrodesign.hu/collections/csillarok-1,replace
200,Hyperlink,https://www.alessandrodesign.hu/collections/villam-izzoval?page=1,https://www.alessandrodesign.ro/collections/candelabre-la-comanda?_pos=1&_psq=comanda&_ss=e&_v=1.0,Candelabre la comanda,200,https://www.alessandrodesign.ro/collections/candelabre,https://www.alessandrodesign.hu/collections/csillarok-1,replace
200,Hyperlink,https://www.alessandrodesign.hu/collections/gyertyatarto?page=1,https://www.alessandrodesign.ro/collections/candelabre-la-comanda?_pos=1&_psq=comanda&_ss=e&_v=1.0,Candelabre la comanda,200,https://www.alessandrodesign.ro/collections/candelabre,https://www.alessandrodesign.hu/collections/csillarok-1,replace
200,Hyperlink,https://www.alessandrodesign.hu/collections/lampak-es-lampak?page=1,https://www.alessandrodesign.ro/collections/candelabre-la-comanda?_pos=1&_psq=comanda&_ss=e&_v=1.0,Candelabre la comanda,200,https://www.alessandrodesign.ro/collections/candelabre,https://www.alessandrodesign.hu/collections/csillarok-1,replace
200,Hyperlink,https://www.alessandrodesign.hu/collections/fal,https://www.alessandrodesign.ro/collections/iluminat-comercial,Iluminat Comercial,200,https://www.alessandrodesign.ro/collections/corpuri-de-iluminat,https://www.alessandrodesign.hu/collections/vilagitotestek,replace
200,Hyperlink,https://www.alessandrodesign.hu/collections/led-csillapitas,https://www.alessandrodesign.ro/collections/iluminat-comercial,Iluminat Comercial,200,https://www.alessandrodesign.ro/collections/corpuri-de-iluminat,https://www.alessandrodesign.hu/collections/vilagitotestek,replace
200,Hyperlink,https://www.alessandrodesign.hu/collections/villam-izzoval,https://www.alessandrodesign.ro/collections/iluminat-comercial,Iluminat Comercial,200,https://www.alessandrodesign.ro/collections/corpuri-de-iluminat,https://www.alessandrodesign.hu/collections/vilagitotestek,replace
200,Hyperlink,https://www.alessandrodesign.hu/collections/foltok,https://www.alessandrodesign.ro/collections/iluminat-comercial,Iluminat Comercial,200,https://www.alessandrodesign.ro/collections/corpuri-de-iluminat,https://www.alessandrodesign.hu/collections/vilagitotestek,replace
200,Hyperlink,https://www.alessandrodesign.hu/collections/magneses-sina-projektorok,https://www.alessandrodesign.ro/collections/iluminat-comercial,Iluminat Comercial,200,https://www.alessandrodesign.ro/collections/corpuri-de-iluminat,https://www.alessandrodesign.hu/collections/vilagitotestek,replace
200,Hyperlink,https://www.alessandrodesign.hu/collections/vilagito-test,https://www.alessandrodesign.ro/collections/iluminat-comercial,Iluminat Comercial,200,https://www.alessandrodesign.ro/collections/corpuri-de-iluminat,https://www.alessandrodesign.hu/collections/vilagitotestek,replace
200,Hyperlink,https://www.alessandrodesign.hu/collections/gyertyatarto,https://www.alessandrodesign.ro/collections/iluminat-comercial,Iluminat Comercial,200,https://www.alessandrodesign.ro/collections/corpuri-de-iluminat,https://www.alessandrodesign.hu/collections/vilagitotestek,replace
200,Hyperlink,https://www.alessandrodesign.hu/collections/lampak-es-lampak,https://www.alessandrodesign.ro/collections/iluminat-comercial,Iluminat Comercial,200,https://www.alessandrodesign.ro/collections/corpuri-de-iluminat,https://www.alessandrodesign.hu/collections/vilagitotestek,replace
200,Hyperlink,https://www.alessandrodesign.hu/collections/fal?page=1,https://www.alessandrodesign.ro/collections/iluminat-comercial,Iluminat Comercial,200,https://www.alessandrodesign.ro/collections/corpuri-de-iluminat,https://www.alessandrodesign.hu/collections/vilagitotestek,replace
200,Hyperlink,https://www.alessandrodesign.hu/collections/led-csillapitas?page=1,https://www.alessandrodesign.ro/collections/iluminat-comercial,Iluminat Comercial,200,https://www.alessandrodesign.ro/collections/corpuri-de-iluminat,https://www.alessandrodesign.hu/collections/vilagitotestek,replace
200,Hyperlink,https://www.alessandrodesign.hu/collections/villam-izzoval?page=1,https://www.alessandrodesign.ro/collections/iluminat-comercial,Iluminat Comercial,200,https://www.alessandrodesign.ro/collections/corpuri-de-iluminat,https://www.alessandrodesign.hu/collections/vilagitotestek,replace
200,Hyperlink,https://www.alessandrodesign.hu/collections/vilagito-test?page=1,https://www.alessandrodesign.ro/collections/iluminat-comercial,Iluminat Comercial,200,https://www.alessandrodesign.ro/collections/corpuri-de-iluminat,https://www.alessandrodesign.hu/collections/vilagitotestek,replace
200,Hyperlink,https://www.alessandrodesign.hu/collections/gyertyatarto?page=1,https://www.alessandrodesign.ro/collections/iluminat-comercial,Iluminat Comercial,200,https://www.alessandrodesign.ro/collections/corpuri-de-iluminat,https://www.alessandrodesign.hu/collections/vilagitotestek,replace
200,Hyperlink,https://www.alessandrodesign.hu/collections/lampak-es-lampak?page=1,https://www.alessandrodesign.ro/collections/iluminat-comercial,Iluminat Comercial,200,https://www.alessandrodesign.ro/collections/corpuri-de-iluminat,https://www.alessandrodesign.hu/collections/vilagitotestek,replace
200,Hyperlink,https://www.alessandrodesign.hu/collections/kulso-vilagitas,https://www.alessandrodesign.ro/collections/instalatii-led-exterior,Instalatii LED Exterior,200,https://www.alessandrodesign.ro/collections/aplice-de-exterior,https://www.alessandrodesign.hu/collections/kulteri-lampak,replace
200,Hyperlink,https://www.alessandrodesign.hu/collections/kulso-vilagitas?page=1,https://www.alessandrodesign.ro/collections/instalatii-led-exterior,Instalatii LED Exterior,200,https://www.alessandrodesign.ro/collections/aplice-de-exterior,https://www.alessandrodesign.hu/collections/kulteri-lampak,replace
200,Hyperlink,https://www.alessandrodesign.hu/blogs/hir/hogyan-lehet-tokeletes-kornyezeti-megvilagitast-letrehozni-a-kert-nyari-esteire,https://www.alessandrodesign.ro/collections/instalatii-led-exterior,Külső LED -telepítések,200,https://www.alessandrodesign.ro/collections/aplice-de-exterior,https://www.alessandrodesign.hu/collections/kulteri-lampak,replace
200,Hyperlink,https://www.alessandrodesign.hu/collections/kulso-kivetito,https://www.alessandrodesign.ro/collections/instalatii-led-exterior?_pos=1&_psq=instala&_ss=e&_v=1.0,Instalatii LED Exterior,200,https://www.alessandrodesign.ro/collections/produse-led,https://www.alessandrodesign.hu/collections/led-termekek,replace
200,Hyperlink,https://www.alessandrodesign.hu/collections/kulso-alkalmazas,https://www.alessandrodesign.ro/collections/instalatii-led-exterior?_pos=1&_psq=instalatii&_ss=e&_v=1.0,Instalatii LED Exterior,200,https://www.alessandrodesign.ro/collections/produse-led,https://www.alessandrodesign.hu/collections/led-termekek,replace
200,Hyperlink,https://www.alessandrodesign.hu/collections/kulso-alkalmazas?page=1,https://www.alessandrodesign.ro/collections/instalatii-led-exterior?_pos=1&_psq=instalatii&_ss=e&_v=1.0,Instalatii LED Exterior,200,https://www.alessandrodesign.ro/collections/produse-led,https://www.alessandrodesign.hu/collections/led-termekek,replace
200,Hyperlink,https://www.alessandrodesign.hu/collections/fal,https://www.alessandrodesign.ro/collections/lustre-clasice-cu-bec,Lustre clasice cu bec,200,https://www.alessandrodesign.ro/collections/lustre-cu-bec,https://www.alessandrodesign.hu/collections/csillarok-2,replace
200,Hyperlink,https://www.alessandrodesign.hu/collections/led-csillapitas,https://www.alessandrodesign.ro/collections/lustre-clasice-cu-bec,Lustre clasice cu bec,200,https://www.alessandrodesign.ro/collections/lustre-cu-bec,https://www.alessandrodesign.hu/collections/csillarok-2,replace
200,Hyperlink,https://www.alessandrodesign.hu/collections/foltok,https://www.alessandrodesign.ro/collections/lustre-clasice-cu-bec,Lustre clasice cu bec,200,https://www.alessandrodesign.ro/collections/lustre-cu-bec,https://www.alessandrodesign.hu/collections/csillarok-2,replace
200,Hyperlink,https://www.alessandrodesign.hu/collections/magneses-sina-projektorok,https://www.alessandrodesign.ro/collections/lustre-clasice-cu-bec,Lustre clasice cu bec,200,https://www.alessandrodesign.ro/collections/lustre-cu-bec,https://www.alessandrodesign.hu/collections/csillarok-2,replace
200,Hyperlink,https://www.alessandrodesign.hu/collections/vilagito-test,https://www.alessandrodesign.ro/collections/lustre-clasice-cu-bec,Lustre clasice cu bec,200,https://www.alessandrodesign.ro/collections/lustre-cu-bec,https://www.alessandrodesign.hu/collections/csillarok-2,replace
200,Hyperlink,https://www.alessandrodesign.hu/collections/gyertyatarto,https://www.alessandrodesign.ro/collections/lustre-clasice-cu-bec,Lustre clasice cu bec,200,https://www.alessandrodesign.ro/collections/lustre-cu-bec,https://www.alessandrodesign.hu/collections/csillarok-2,replace
200,Hyperlink,https://www.alessandrodesign.hu/collections/lampak-es-lampak,https://www.alessandrodesign.ro/collections/lustre-clasice-cu-bec,Lustre clasice cu bec,200,https://www.alessandrodesign.ro/collections/lustre-cu-bec,https://www.alessandrodesign.hu/collections/csillarok-2,replace
200,Hyperlink,https://www.alessandrodesign.hu/collections/fal?page=1,https://www.alessandrodesign.ro/collections/lustre-clasice-cu-bec,Lustre clasice cu bec,200,https://www.alessandrodesign.ro/collections/lustre-cu-bec,https://www.alessandrodesign.hu/collections/csillarok-2,replace
200,Hyperlink,https://www.alessandrodesign.hu/collections/led-csillapitas?page=1,https://www.alessandrodesign.ro/collections/lustre-clasice-cu-bec,Lustre clasice cu bec,200,https://www.alessandrodesign.ro/collections/lustre-cu-bec,https://www.alessandrodesign.hu/collections/csillarok-2,replace
200,Hyperlink,https://www.alessandrodesign.hu/collections/vilagito-test?page=1,https://www.alessandrodesign.ro/collections/lustre-clasice-cu-bec,Lustre clasice cu bec,200,https://www.alessandrodesign.ro/collections/lustre-cu-bec,https://www.alessandrodesign.hu/collections/csillarok-2,replace
200,Hyperlink,https://www.alessandrodesign.hu/collections/gyertyatarto?page=1,https://www.alessandrodesign.ro/collections/lustre-clasice-cu-bec,Lustre clasice cu bec,200,https://www.alessandrodesign.ro/collections/lustre-cu-bec,https://www.alessandrodesign.hu/collections/csillarok-2,replace
200,Hyperlink,https://www.alessandrodesign.hu/collections/lampak-es-lampak?page=1,https://www.alessandrodesign.ro/collections/lustre-clasice-cu-bec,Lustre clasice cu bec,200,https://www.alessandrodesign.ro/collections/lustre-cu-bec,https://www.alessandrodesign.hu/collections/csillarok-2,replace
200,Hyperlink,https://www.alessandrodesign.hu/collections/femes-fenyek,https://www.alessandrodesign.ro/collections/lustre-cu-abajur,csillárok lámpaernyőkkel,200,https://www.alessandrodesign.ro/collections/lustre-clasice,https://www.alessandrodesign.hu/collections/klasszikus-csillarok-1,replace
200,Hyperlink,https://www.alessandrodesign.hu/collections/femes-fenyek?page=1,https://www.alessandrodesign.ro/collections/lustre-cu-abajur,csillárok lámpaernyőkkel,200,https://www.alessandrodesign.ro/collections/lustre-clasice,https://www.alessandrodesign.hu/collections/klasszikus-csillarok-1,replace
200,Hyperlink,https://www.alessandrodesign.hu/collections/szureti-csillar,https://www.alessandrodesign.ro/collections/lustre-cu-abajur?_pos=1&_psq=abajur&_ss=e&_v=1.0,Lustre cu Abajur,200,https://www.alessandrodesign.ro/collections/lustre-clasice?_pos=1&_psq=abajur&_ss=e&_v=1.0,https://www.alessandrodesign.hu/collections/klasszikus-csillarok-1,replace
200,Hyperlink,https://www.alessandrodesign.hu/collections/belso-lampak,https://www.alessandrodesign.ro/collections/lustre-cu-abajur?_pos=1&_psq=abajur&_ss=e&_v=1.0,Lustre cu Abajur,200,https://www.alessandrodesign.ro/collections/lustre-clasice?_pos=1&_psq=abajur&_ss=e&_v=1.0,https://www.alessandrodesign.hu/collections/klasszikus-csillarok-1,replace
200,Hyperlink,https://www.alessandrodesign.hu/collections/gyermekkamra,https://www.alessandrodesign.ro/collections/lustre-cu-abajur?_pos=1&_psq=abajur&_ss=e&_v=1.0,Lustre cu Abajur,200,https://www.alessandrodesign.ro/collections/lustre-clasice?_pos=1&_psq=abajur&_ss=e&_v=1.0,https://www.alessandrodesign.hu/collections/klasszikus-csillarok-1,replace
200,Hyperlink,https://www.alessandrodesign.hu/collections/modern-csillarok-1,https://www.alessandrodesign.ro/collections/lustre-cu-abajur?_pos=1&_psq=abajur&_ss=e&_v=1.0,Lustre cu Abajur,200,https://www.alessandrodesign.ro/collections/lustre-clasice?_pos=1&_psq=abajur&_ss=e&_v=1.0,https://www.alessandrodesign.hu/collections/klasszikus-csillarok-1,replace
200,Hyperlink,https://www.alessandrodesign.hu/collections/furdoszoba,https://www.alessandrodesign.ro/collections/lustre-cu-abajur?_pos=1&_psq=abajur&_ss=e&_v=1.0,Lustre cu Abajur,200,https://www.alessandrodesign.ro/collections/lustre-clasice?_pos=1&_psq=abajur&_ss=e&_v=1.0,https://www.alessandrodesign.hu/collections/klasszikus-csillarok-1,replace
200,Hyperlink,https://www.alessandrodesign.hu/collections/szureti-csillar?page=1,https://www.alessandrodesign.ro/collections/lustre-cu-abajur?_pos=1&_psq=abajur&_ss=e&_v=1.0,Lustre cu Abajur,200,https://www.alessandrodesign.ro/collections/lustre-clasice?_pos=1&_psq=abajur&_ss=e&_v=1.0,https://www.alessandrodesign.hu/collections/klasszikus-csillarok-1,replace
200,Hyperlink,https://www.alessandrodesign.hu/collections/belso-lampak?page=1,https://www.alessandrodesign.ro/collections/lustre-cu-abajur?_pos=1&_psq=abajur&_ss=e&_v=1.0,Lustre cu Abajur,200,https://www.alessandrodesign.ro/collections/lustre-clasice?_pos=1&_psq=abajur&_ss=e&_v=1.0,https://www.alessandrodesign.hu/collections/klasszikus-csillarok-1,replace
200,Hyperlink,https://www.alessandrodesign.hu/collections/gyermekkamra?page=1,https://www.alessandrodesign.ro/collections/lustre-cu-abajur?_pos=1&_psq=abajur&_ss=e&_v=1.0,Lustre cu Abajur,200,https://www.alessandrodesign.ro/collections/lustre-clasice?_pos=1&_psq=abajur&_ss=e&_v=1.0,https://www.alessandrodesign.hu/collections/klasszikus-csillarok-1,replace
200,Hyperlink,https://www.alessandrodesign.hu/collections/modern-csillarok-1?page=1,https://www.alessandrodesign.ro/collections/lustre-cu-abajur?_pos=1&_psq=abajur&_ss=e&_v=1.0,Lustre cu Abajur,200,https://www.alessandrodesign.ro/collections/lustre-clasice?_pos=1&_psq=abajur&_ss=e&_v=1.0,https://www.alessandrodesign.hu/collections/klasszikus-csillarok-1,replace
200,Hyperlink,https://www.alessandrodesign.hu/blogs/hir/a-led-csillar-mintazatanak-5-legfontosabb-trendje-2025-re,https://www.alessandrodesign.ro/collections/lustre-led-cristale,LED -es lusterek kristályokkal,200,https://www.alessandrodesign.ro/collections/lustre-led-cristal,https://www.alessandrodesign.hu/collections/kristaly-led-csillarok,replace
200,Hyperlink,https://www.alessandrodesign.hu/collections/felfuggesztett-led-csillarok,https://www.alessandrodesign.ro/collections/lustre-led-cristale?_pos=3&_psq=crista&_ss=e&_v=1.0,Lustre LED & Cristale,200,https://www.alessandrodesign.ro/collections/lustre-led-cristal?_pos=3&_psq=crista&_ss=e&_v=1.0,https://www.alessandrodesign.hu/collections/kristaly-led-csillarok,replace
200,Hyperlink,https://www.alessandrodesign.hu/collections/felfuggesztett-led-csillarok?page=1,https://www.alessandrodesign.ro/collections/lustre-led-cristale?_pos=3&_psq=crista&_ss=e&_v=1.0,Lustre LED & Cristale,200,https://www.alessandrodesign.ro/collections/lustre-led-cristal?_pos=3&_psq=crista&_ss=e&_v=1.0,https://www.alessandrodesign.hu/collections/kristaly-led-csillarok,replace
200,Hyperlink,https://www.alessandrodesign.hu/blogs/hir/ipari-stilus-otthonaban-teljes-utmutato-a-megfelelo-vilagitasi-rendszer-kivalasztasahoz,https://www.alessandrodesign.ro/collections/lustre-minimaliste,minimalista csillárok,200,https://www.alessandrodesign.ro/collections/lustre-metalice,https://www.alessandrodesign.hu/collections/ipari-csillogas,replace
200,Hyperlink,https://www.alessandrodesign.hu/blogs/hir/otletek-kis-kadas-furdoszobakhoz-hogyan-hasznaljunk-tukroket-es-fenyt-a-ter-megteremtesere,https://www.alessandrodesign.ro/collections/obiecte-sanitare,egészségügyi cikkek,200,https://www.alessandrodesign.ro/collections/baie,https://www.alessandrodesign.hu/collections/furdoszoba-1,replace
200,Hyperlink,https://www.alessandrodesign.hu/blogs/hir/hogyan-tervezzunk-egy-kis-furdoszobat-trukkok-a-hely-maximalizalasara,https://www.alessandrodesign.ro/collections/obiecte-sanitare,Fedezze fel a szanitereket,200,https://www.alessandrodesign.ro/collections/baie,https://www.alessandrodesign.hu/collections/furdoszoba-1,replace
200,Hyperlink,https://www.alessandrodesign.hu/blogs/hir/teljes-utmutato-a-mosogato-akkumulatorok-karbantartasahoz-tippek-es-trukkok,https://www.alessandrodesign.ro/collections/obiecte-sanitare,egészségügyi áruk,200,https://www.alessandrodesign.ro/collections/baie,https://www.alessandrodesign.hu/collections/furdoszoba-1,replace
200,Hyperlink,https://www.alessandrodesign.hu/blogs/hir/walk-in-furdoszoba-inspiracio-a-tiszta-pihenteto-es-modern-dizajnhoz,https://www.alessandrodesign.ro/collections/obiecte-sanitare,egészségügyi cikkek,200,https://www.alessandrodesign.ro/collections/baie,https://www.alessandrodesign.hu/collections/furdoszoba-1,replace
200,Hyperlink,https://www.alessandrodesign.hu/collections/fal,https://www.alessandrodesign.ro/collections/plafoniere-led?_pos=1&_psq=plafo&_ss=e&_v=1.0,Plafoniere LED,200,https://www.alessandrodesign.ro/collections/plafoniere-led-1,https://www.alessandrodesign.hu/collections/led-mennyezeti-lampak,replace
200,Hyperlink,https://www.alessandrodesign.hu/collections/fal?page=1,https://www.alessandrodesign.ro/collections/plafoniere-led?_pos=1&_psq=plafo&_ss=e&_v=1.0,Plafoniere LED,200,https://www.alessandrodesign.ro/collections/plafoniere-led-1,https://www.alessandrodesign.hu/collections/led-mennyezeti-lampak,replace
200,Hyperlink,https://www.alessandrodesign.hu/collections/lampak-es-lampak,https://www.alessandrodesign.ro/collections/plafoniere-led?_pos=1&_psq=plafoni&_ss=e&_v=1.0,Plafoniere LED,200,https://www.alessandrodesign.ro/collections/plafoniere-led-1,https://www.alessandrodesign.hu/collections/led-mennyezeti-lampak,replace
200,Hyperlink,https://www.alessandrodesign.hu/collections/lampak-es-lampak?page=1,https://www.alessandrodesign.ro/collections/plafoniere-led?_pos=1&_psq=plafoni&_ss=e&_v=1.0,Plafoniere LED,200,https://www.alessandrodesign.ro/collections/plafoniere-led-1,https://www.alessandrodesign.hu/collections/led-mennyezeti-lampak,replace
200,Hyperlink,https://www.alessandrodesign.hu/collections/villam-izzoval,https://www.alessandrodesign.ro/collections/plafoniere-led?_pos=1&_psq=plafonie&_ss=e&_v=1.0,Plafoniere LED,200,https://www.alessandrodesign.ro/collections/plafoniere-led-1,https://www.alessandrodesign.hu/collections/led-mennyezeti-lampak,replace
200,Hyperlink,https://www.alessandrodesign.hu/collections/vilagito-test,https://www.alessandrodesign.ro/collections/plafoniere-led?_pos=1&_psq=plafonie&_ss=e&_v=1.0,Plafoniere LED,200,https://www.alessandrodesign.ro/collections/plafoniere-led-1,https://www.alessandrodesign.hu/collections/led-mennyezeti-lampak,replace
200,Hyperlink,https://www.alessandrodesign.hu/collections/villam-izzoval?page=1,https://www.alessandrodesign.ro/collections/plafoniere-led?_pos=1&_psq=plafonie&_ss=e&_v=1.0,Plafoniere LED,200,https://www.alessandrodesign.ro/collections/plafoniere-led-1,https://www.alessandrodesign.hu/collections/led-mennyezeti-lampak,replace
200,Hyperlink,https://www.alessandrodesign.hu/collections/vilagito-test?page=1,https://www.alessandrodesign.ro/collections/plafoniere-led?_pos=1&_psq=plafonie&_ss=e&_v=1.0,Plafoniere LED,200,https://www.alessandrodesign.ro/collections/plafoniere-led-1,https://www.alessandrodesign.hu/collections/led-mennyezeti-lampak,replace
200,Hyperlink,https://www.alessandrodesign.hu/collections/led-csillapitas,https://www.alessandrodesign.ro/collections/plafoniere-led?_pos=1&_psq=plafoniere&_ss=e&_v=1.0,Plafoniere LED,200,https://www.alessandrodesign.ro/collections/plafoniere-led-1,https://www.alessandrodesign.hu/collections/led-mennyezeti-lampak,replace
200,Hyperlink,https://www.alessandrodesign.hu/collections/foltok,https://www.alessandrodesign.ro/collections/plafoniere-led?_pos=1&_psq=plafoniere&_ss=e&_v=1.0,Plafoniere LED,200,https://www.alessandrodesign.ro/collections/plafoniere-led-1,https://www.alessandrodesign.hu/collections/led-mennyezeti-lampak,replace
200,Hyperlink,https://www.alessandrodesign.hu/collections/magneses-sina-projektorok,https://www.alessandrodesign.ro/collections/plafoniere-led?_pos=1&_psq=plafoniere&_ss=e&_v=1.0,Plafoniere LED,200,https://www.alessandrodesign.ro/collections/plafoniere-led-1,https://www.alessandrodesign.hu/collections/led-mennyezeti-lampak,replace
200,Hyperlink,https://www.alessandrodesign.hu/collections/gyertyatarto,https://www.alessandrodesign.ro/collections/plafoniere-led?_pos=1&_psq=plafoniere&_ss=e&_v=1.0,Plafoniere LED,200,https://www.alessandrodesign.ro/collections/plafoniere-led-1,https://www.alessandrodesign.hu/collections/led-mennyezeti-lampak,replace
200,Hyperlink,https://www.alessandrodesign.hu/collections/led-csillapitas?page=1,https://www.alessandrodesign.ro/collections/plafoniere-led?_pos=1&_psq=plafoniere&_ss=e&_v=1.0,Plafoniere LED,200,https://www.alessandrodesign.ro/collections/plafoniere-led-1,https://www.alessandrodesign.hu/collections/led-mennyezeti-lampak,replace
200,Hyperlink,https://www.alessandrodesign.hu/collections/gyertyatarto?page=1,https://www.alessandrodesign.ro/collections/plafoniere-led?_pos=1&_psq=plafoniere&_ss=e&_v=1.0,Plafoniere LED,200,https://www.alessandrodesign.ro/collections/plafoniere-led-1,https://www.alessandrodesign.hu/collections/led-mennyezeti-lampak,replace
200,Hyperlink,https://www.alessandrodesign.hu/collections/kulso-alkalmazas,https://www.alessandrodesign.ro/collections/proiectoare,Proiectoare,200,https://www.alessandrodesign.ro/collections/proiectoare-de-exterior,https://www.alessandrodesign.hu/collections/kulteri-projektorok,replace
200,Hyperlink,https://www.alessandrodesign.hu/collections/kulso-vilagitas,https://www.alessandrodesign.ro/collections/proiectoare,Proiectoare,200,https://www.alessandrodesign.ro/collections/proiectoare-de-exterior,https://www.alessandrodesign.hu/collections/kulteri-projektorok,replace
200,Hyperlink,https://www.alessandrodesign.hu/collections/kulso-alkalmazas?page=1,https://www.alessandrodesign.ro/collections/proiectoare,Proiectoare,200,https://www.alessandrodesign.ro/collections/proiectoare-de-exterior,https://www.alessandrodesign.hu/collections/kulteri-projektorok,replace
200,Hyperlink,https://www.alessandrodesign.hu/collections/kulso-vilagitas?page=1,https://www.alessandrodesign.ro/collections/proiectoare,Proiectoare,200,https://www.alessandrodesign.ro/collections/proiectoare-de-exterior,https://www.alessandrodesign.hu/collections/kulteri-projektorok,replace
200,Hyperlink,https://www.alessandrodesign.hu/collections/furdoszoba-1,https://www.alessandrodesign.ro/coloane-de-dus,Baterii & Coloane de Duș,200,https://www.alessandrodesign.ro/collections/baterii-coloane-de-dus,https://www.alessandrodesign.hu/collections/csaptelepek-es-zuhanyoszlopok,replace
200,Hyperlink,https://www.alessandrodesign.hu/collections/furdoszoba-1?page=1,https://www.alessandrodesign.ro/coloane-de-dus,Baterii & Coloane de Duș,200,https://www.alessandrodesign.ro/collections/baterii-coloane-de-dus,https://www.alessandrodesign.hu/collections/csaptelepek-es-zuhanyoszlopok,replace
200,Hyperlink,https://www.alessandrodesign.hu/blogs/hir/hogyan-lehet-hozzaferni-a-furdoszoba-stilusanak,https://www.alessandrodesign.ro/coloane-de-dus,Zuhanyoszlop: Relaxáció és elegancia egyben,200,https://www.alessandrodesign.ro/collections/baterii-coloane-de-dus,https://www.alessandrodesign.hu/collections/csaptelepek-es-zuhanyoszlopok,replace
200,Hyperlink,https://www.alessandrodesign.hu/pages/csepphajo,https://www.alessandrodesign.ro/contact,Tudjon meg többet,200,https://www.alessandrodesign.ro/pages/contact,https://www.alessandrodesign.hu/pages/kapcsolatfelvetel,replace
200,Hyperlink,https://www.alessandrodesign.hu/pages/marketing-egyuttmukodes,https://www.alessandrodesign.ro/contact,Szeretnék együttműködni,200,https://www.alessandrodesign.ro/pages/contact,https://www.alessandrodesign.hu/pages/kapcsolatfelvetel,replace
200,Hyperlink,https://www.alessandrodesign.hu/pages/trizak,https://www.alessandrodesign.ro/contact,Vegye fel velünk a kapcsolatot,200,https://www.alessandrodesign.ro/pages/contact,https://www.alessandrodesign.hu/pages/kapcsolatfelvetel,replace
200,Hyperlink,https://www.alessandrodesign.hu/blogs/hir/alkalmazas-rogzitese-lepesek-es-tippek-a-helyes-telepiteshez,https://www.alessandrodesign.ro/corpuri-de-iluminat,Világító test,200,https://www.alessandrodesign.ro/collections/corpuri-de-iluminat,https://www.alessandrodesign.hu/collections/vilagitotestek,replace
200,Hyperlink,https://www.alessandrodesign.hu/blogs/hir/hogyan-kell-helyesen-telepiteni-a-csillarot-lepesek-es-ajanlasok,https://www.alessandrodesign.ro/corpuri-de-iluminat,Világítók a nappalihoz,200,https://www.alessandrodesign.ro/collections/corpuri-de-iluminat,https://www.alessandrodesign.hu/collections/vilagitotestek,replace
200,Hyperlink,https://www.alessandrodesign.hu/blogs/hir/hogyan-testreszabhatja-a-csillarjat-a-belsoepiteszeti-stilus-szerint-modern-vintage-industrial,https://www.alessandrodesign.ro/corpuri-de-iluminat,prémium világító testek,200,https://www.alessandrodesign.ro/collections/corpuri-de-iluminat,https://www.alessandrodesign.hu/collections/vilagitotestek,replace
200,Hyperlink,https://www.alessandrodesign.hu/blogs/hir/jelentkezem-a-led-vs-alkalmazza-a-hagyomanyos-izzokkal-mit-valasszon,https://www.alessandrodesign.ro/corpuri-de-iluminat,Prémium világító testek,200,https://www.alessandrodesign.ro/collections/corpuri-de-iluminat,https://www.alessandrodesign.hu/collections/vilagitotestek,replace
200,Hyperlink,https://www.alessandrodesign.hu/pages/gyakori-kerdesek,https://www.alessandrodesign.ro/garantie,A garanciaszakasz,200,https://www.alessandrodesign.ro/pages/garantie,https://www.alessandrodesign.hu/pages/garancia,replace
200,Image,https://www.alessandrodesign.hu/pages/vallalat,https://www.alessandrodesign.ro/img/frontend/logo.png,,200,https://www.alessandrodesign.ro/cdn/shop/files/logo.webp,,remove/manual
200,Image,https://www.alessandrodesign.hu/pages/vallalat/,https://www.alessandrodesign.ro/img/frontend/logo.png,,200,https://www.alessandrodesign.ro/cdn/shop/files/logo.webp,,remove/manual
200,Hyperlink,https://www.alessandrodesign.hu/blogs/hir/hogyan-valaszthatja-ki-a-csillarot-a-rendeltetesi-hely-szerint,https://www.alessandrodesign.ro/led-is-the-future,LED lustres az allokommal,200,https://www.alessandrodesign.ro/collections/lustre-led,https://www.alessandrodesign.hu/collections/led-csillarok,replace
200,Hyperlink,https://www.alessandrodesign.hu/blogs/hir/hogyan-kell-telepiteni-a-led-led-alessandro-design-ot,https://www.alessandrodesign.ro/led-is-the-future,LED -csillapítás,200,https://www.alessandrodesign.ro/collections/lustre-led,https://www.alessandrodesign.hu/collections/led-csillarok,replace
200,Hyperlink,https://www.alessandrodesign.hu/blogs/hir/hogyan-valassza-ki-a-csillarjat-a-szoba-meretenek-megfeleloen,https://www.alessandrodesign.ro/lustra-alessandro-design-casiana-at1ct-mv1a-ht2l-5515-2.html,"LED LED Casiana, 116W",200,https://www.alessandrodesign.ro/collections/all,https://www.alessandrodesign.hu/collections/all,replace
200,Hyperlink,https://www.alessandrodesign.hu/blogs/hir/hogyan-valaszthatja-ki-a-csillarot-a-rendeltetesi-hely-szerint,https://www.alessandrodesign.ro/lustra-alessandro-design-casiana-at1ct-mv1a-ht2l-5515-2.html,,200,https://www.alessandrodesign.ro/collections/all,https://www.alessandrodesign.hu/collections/all,replace
200,Hyperlink,https://www.alessandrodesign.hu/blogs/hir/az-5-legjobb-luminator-a-konyhahoz,https://www.alessandrodesign.ro/lustra-alessandro-design-casiana-at1ct-mv1a-ht2l-5515-2.html,LED LED Casiana - Tökéletes egy minimalista konyhához,200,https://www.alessandrodesign.ro/collections/all,https://www.alessandrodesign.hu/collections/all,replace
200,Hyperlink,https://www.alessandrodesign.hu/blogs/hir/az-5-legjobb-luminator-a-konyhahoz,https://www.alessandrodesign.ro/lustra-alessandro-design-casiana-at1ct-mv1a-ht2l-5515-2.html,LED LED Casiana,200,https://www.alessandrodesign.ro/collections/all,https://www.alessandrodesign.hu/collections/all,replace
200,Hyperlink,https://www.alessandrodesign.hu/blogs/hir/az-5-legjobb-luminator-a-konyhahoz,https://www.alessandrodesign.ro/lustra-alessandro-design-k5-kristal-circus-6040-642.html,A LED -csillár a színházi távirányítással - kifinomult megjelenést hoz létre,200,https://www.alessandrodesign.ro/products/lustra-led-suspendata-cu-telecomanda-si-cristal-teatru-36w-3-cercuri-lumina-rece-calda-neutra-dimabila-crom-lucios-inaltime-reglabila,https://www.alessandrodesign.hu/products/fuggesztett-led-csillar-taviranyitoval-es-kristaly-teatru-36w-3-kor-hideg-meleg-semleges-feny-szabalyozhato-fenyes-krom-allithato-magassagu,replace
200,Hyperlink,https://www.alessandrodesign.hu/blogs/hir/az-5-legjobb-luminator-a-konyhahoz,https://www.alessandrodesign.ro/lustra-alessandro-design-k5-kristal-circus-6040-642.html,LED LULS LED a színházban,200,https://www.alessandrodesign.ro/products/lustra-led-suspendata-cu-telecomanda-si-cristal-teatru-36w-3-cercuri-lumina-rece-calda-neutra-dimabila-crom-lucios-inaltime-reglabila,https://www.alessandrodesign.hu/products/fuggesztett-led-csillar-taviranyitoval-es-kristaly-teatru-36w-3-kor-hideg-meleg-semleges-feny-szabalyozhato-fenyes-krom-allithato-magassagu,replace
200,Hyperlink,https://www.alessandrodesign.hu/blogs/hir/hogyan-valaszthatja-ki-a-csillarot-a-rendeltetesi-hely-szerint,https://www.alessandrodesign.ro/lustra-alessandro-design-led-isra-36w-6674.html,,200,https://www.alessandrodesign.ro/collections/all,https://www.alessandrodesign.hu/collections/all,replace
200,Hyperlink,https://www.alessandrodesign.hu/blogs/hir/hogyan-valaszthatja-ki-a-csillarot-a-rendeltetesi-hely-szerint,https://www.alessandrodesign.ro/lustra-alessandro-design-led-ivy-36w-8983.html,,200,https://www.alessandrodesign.ro/collections/all,https://www.alessandrodesign.hu/collections/all,replace
200,Hyperlink,https://www.alessandrodesign.hu/blogs/hir/hogyan-valassza-ki-a-csillarjat-a-szoba-meretenek-megfeleloen,https://www.alessandrodesign.ro/lustra-alessandro-design-mini-280-w-at1ct-mv1a-ht2l-1132-3.html,"Lustra Mini távirányítóval, 280W",200,https://www.alessandrodesign.ro/collections/lustre-led,https://www.alessandrodesign.hu/collections/led-csillarok,replace
200,Hyperlink,https://www.alessandrodesign.hu/blogs/hir/hogyan-valassza-ki-a-csillarjat-a-szoba-meretenek-megfeleloen,https://www.alessandrodesign.ro/lustra-alessandro-design-nana-36w-at1ct-mv1a-ht2l-4306.html,Lust LED 3D Kerensa 36W,200,https://www.alessandrodesign.ro/products/lustra-led-nexa-3d-39w-diametru-265cm-lumina-rece-calda-neutra-alb,https://www.alessandrodesign.hu/products/nexa-3d-led-csillar-39-w-atmero-25-cm-hideg-meleg-semleges-feny-feher,replace
200,Hyperlink,https://www.alessandrodesign.hu/blogs/hir/hogyan-valassza-ki-a-csillarjat-a-szoba-meretenek-megfeleloen,https://www.alessandrodesign.ro/lustra-alessandro-design-olivia-at1ct-mv1a-ht2l-5530-4.html,LED LULUS KADE 120W távirányítóval,404,https://www.alessandrodesign.ro/products/lustra-led-cu-telecomanda-kade-72w-4-cercuri-lumina-rece-calda-neutra-dimabila-alb,,remove/manual
200,Hyperlink,https://www.alessandrodesign.hu/blogs/hir/az-5-legfontosabb-vilagito-testet-az-elethez,https://www.alessandrodesign.ro/lustra-alessandro-design-rustica-10e27-9006-64.html,Rusztikus csillár,200,https://www.alessandrodesign.ro/products/lustra-rustica-10-e27-maro-metal-si-sfoara,https://www.alessandrodesign.hu/products/rusztikus-csillar-10xe27-barna-fem-es-hur,replace
200,Hyperlink,https://www.alessandrodesign.hu/blogs/hir/hogyan-valassza-ki-a-csillarjat-a-szoba-meretenek-megfeleloen,https://www.alessandrodesign.ro/lustra-alessandro-design-ultra-slim-cloud-8067ext.html,LED LULUS BETTY 52W vezetékekkel,301,https://www.alessandrodesign.ro/products/lustra-led-44w-alb-betty-4-cercuri-dimabila-lumina-rece-calda-neutra,,remove/manual
200,Hyperlink,https://www.alessandrodesign.hu/blogs/hir/hogyan-valassza-ki-a-csillarjat-a-szoba-meretenek-megfeleloen,https://www.alessandrodesign.ro/lustra-alessandro-design-ultra-slim-cloud-maro-112w-8067-22m.html,LED LULUS LILO 52W távirányítóval,200,https://www.alessandrodesign.ro/collections/all,https://www.alessandrodesign.hu/collections/all,replace
200,Hyperlink,https://www.alessandrodesign.hu/blogs/hir/hogyan-valaszthatja-ki-a-csillarot-a-rendeltetesi-hely-szerint,https://www.alessandrodesign.ro/lustra-alessandro-design-ultra-slim-infiniti-48w-at1ct-vv1a-ht2l-19145.html,,200,https://www.alessandrodesign.ro/products/lustra-led-crinella-45w-diametru-45cm-lumina-rece-calda-neutra-alb,https://www.alessandrodesign.hu/products/led-csillar-crinella-45w-atmero-23cm-hideg-meleg-semleges-feny-feher,replace
200,Hyperlink,https://www.alessandrodesign.hu/blogs/hir/hogyan-valaszthatja-ki-a-csillarot-a-rendeltetesi-hely-szerint,https://www.alessandrodesign.ro/lustra-alessandro-design-ultra-slim-seas-at1ct-vv1a-ht2l-19096b.html,,200,https://www.alessandrodesign.ro/collections/lustre-led,https://www.alessandrodesign.hu/collections/led-csillarok,replace
200,Hyperlink,https://www.alessandrodesign.hu/pages/ugyfelkepek,https://www.alessandrodesign.ro/lustra-alessandro-design-wave-3253.html,,200,https://www.alessandrodesign.ro/products/lustra-led-suspendata-cu-telecomanda-wave-89w-liniara-lumina-rece-calda-neutra-dimabila-alb-inaltime-reglabila,https://www.alessandrodesign.hu/products/fuggesztett-led-csillar-wave-89w-taviranyitoval-linearis-hideg-meleg-semleges-feny-szabalyozhato-feher-allithato-magassagu,replace
200,Hyperlink,https://www.alessandrodesign.hu/pages/ugyfelkepek,https://www.alessandrodesign.ro/lustra-alessandro-design-wave-3253.html,NÉZD MEG A TERMÉKET,200,https://www.alessandrodesign.ro/products/lustra-led-suspendata-cu-telecomanda-wave-89w-liniara-lumina-rece-calda-neutra-dimabila-alb-inaltime-reglabila,https://www.alessandrodesign.hu/products/fuggesztett-led-csillar-wave-89w-taviranyitoval-linearis-hideg-meleg-semleges-feny-szabalyozhato-feher-allithato-magassagu,replace
200,Hyperlink,https://www.alessandrodesign.hu/blogs/hir/hogyan-valassza-ki-a-csillarjat-a-szoba-meretenek-megfeleloen,https://www.alessandrodesign.ro/lustra-alessandro-design-wave-3253.html,"LED -csillár Nevya távirányítással, hullámtervezés, 160W",200,https://www.alessandrodesign.ro/products/lustra-led-suspendata-cu-telecomanda-wave-89w-liniara-lumina-rece-calda-neutra-dimabila-alb-inaltime-reglabila,https://www.alessandrodesign.hu/products/fuggesztett-led-csillar-wave-89w-taviranyitoval-linearis-hideg-meleg-semleges-feny-szabalyozhato-feher-allithato-magassagu,replace
200,Hyperlink,https://www.alessandrodesign.hu/blogs/hir/hogyan-valaszthatja-ki-a-csillarot-a-rendeltetesi-hely-szerint,https://www.alessandrodesign.ro/lustra-alisia-2e27-crom-metal-si-sticla.html,,200,https://www.alessandrodesign.ro/collections/all,https://www.alessandrodesign.hu/collections/all,replace
200,Hyperlink,https://www.alessandrodesign.hu/pages/ugyfelkepek,https://www.alessandrodesign.ro/lustra-aramis-3e27-maro-lemn-si-sticla.html,,200,https://www.alessandrodesign.ro/products/lustra-clasica-aramis-cu-lemn-abajur-patrat-3-x-dulie-e27-gri-negru,https://www.alessandrodesign.hu/products/aramis-classic-csillar-fa-negyzetes-arnyalattal-3x-e27-szurke-fekete,replace
200,Hyperlink,https://www.alessandrodesign.hu/pages/ugyfelkepek,https://www.alessandrodesign.ro/lustra-aramis-3e27-maro-lemn-si-sticla.html,NÉZD MEG A TERMÉKET,200,https://www.alessandrodesign.ro/products/lustra-clasica-aramis-cu-lemn-abajur-patrat-3-x-dulie-e27-gri-negru,https://www.alessandrodesign.hu/products/aramis-classic-csillar-fa-negyzetes-arnyalattal-3x-e27-szurke-fekete,replace
200,Hyperlink,https://www.alessandrodesign.hu/blogs/hir/hogyan-valaszthatja-ki-a-csillarot-a-rendeltetesi-hely-szerint,https://www.alessandrodesign.ro/lustra-iasmina-2e27-crom-metal-si-sticla.html,,200,https://www.alessandrodesign.ro/collections/lustre-led,https://www.alessandrodesign.hu/collections/led-csillarok,replace
200,Hyperlink,https://www.alessandrodesign.hu/blogs/hir/az-5-legjobb-vilagitovilagito-test,https://www.alessandrodesign.ro/lustra-led-1-1-1-1-1.html,A Lust LED LED AFINA távirányítóval,200,https://www.alessandrodesign.ro/collections/lustre-led,https://www.alessandrodesign.hu/collections/led-csillarok,replace
200,Hyperlink,https://www.alessandrodesign.hu/blogs/hir/hogyan-valassza-ki-a-csillarjat-a-szoba-meretenek-megfeleloen,https://www.alessandrodesign.ro/lustra-led-alessandro-design-codrina-100-w-605-500.html,"Lustra Codrina, 134W",200,https://www.alessandrodesign.ro/collections/all,https://www.alessandrodesign.hu/collections/all,replace
200,Hyperlink,https://www.alessandrodesign.hu/pages/ugyfelkepek,https://www.alessandrodesign.ro/lustra-led-amanda-248w-dimabila.html,,200,https://www.alessandrodesign.ro/products/lustra-led-cu-telecomanda-lyra-248w-5-cercuri-lumina-rece-calda-neutra-dimabila-auriu-periat,https://www.alessandrodesign.hu/products/led-csillar-taviranyitoval-lyra-248w-5-kor-hideg-meleg-semleges-feny-szabalyozhato-szalcsiszolt-arany,replace
200,Hyperlink,https://www.alessandrodesign.hu/pages/ugyfelkepek,https://www.alessandrodesign.ro/lustra-led-amanda-248w-dimabila.html,NÉZD MEG A TERMÉKET,200,https://www.alessandrodesign.ro/products/lustra-led-cu-telecomanda-lyra-248w-5-cercuri-lumina-rece-calda-neutra-dimabila-auriu-periat,https://www.alessandrodesign.hu/products/led-csillar-taviranyitoval-lyra-248w-5-kor-hideg-meleg-semleges-feny-szabalyozhato-szalcsiszolt-arany,replace
200,Hyperlink,https://www.alessandrodesign.hu/blogs/hir/hogyan-valassza-ki-a-csillarjat-a-szoba-meretenek-megfeleloen,https://www.alessandrodesign.ro/lustra-led-ami-842w-dimabila.html,LED LULUS LANDEN 184W távirányítóval,200,https://www.alessandrodesign.ro/products/lustra-led-cu-telecomanda-landen-184w-3-elemente-lumina-rece-calda-neutra-dimabila-alb,https://www.alessandrodesign.hu/products/led-csillar-taviranyitoval-landen-84w-3-elem-hideg-meleg-semleges-feny-szabalyozhato-feher,replace
200,Hyperlink,https://www.alessandrodesign.hu/pages/ugyfelkepek,https://www.alessandrodesign.ro/lustra-led-anisah-33w-alb-auriu.html,,301,https://www.alessandrodesign.ro/products/lustra-led-solena-rotonda-13w-diametru-25cm-lumina-rece-calda-neutra-alb-auriu,,remove/manual
200,Hyperlink,https://www.alessandrodesign.hu/pages/ugyfelkepek,https://www.alessandrodesign.ro/lustra-led-anisah-33w-alb-auriu.html,NÉZD MEG A TERMÉKET,301,https://www.alessandrodesign.ro/products/lustra-led-solena-rotonda-13w-diametru-25cm-lumina-rece-calda-neutra-alb-auriu,,remove/manual
200,Hyperlink,https://www.alessandrodesign.hu/blogs/hir/hogyan-valassza-ki-a-csillarjat-a-szoba-meretenek-megfeleloen,https://www.alessandrodesign.ro/lustra-led-carola-312w-dimabila.html,"LED LED AMI távirányítóval, 62W",200,https://www.alessandrodesign.ro/products/lustra-led-cu-telecomanda-landyn-37w-2-patrate-lumina-rece-calda-neutra-dimabila-alb,https://www.alessandrodesign.hu/products/led-csillar-taviranyitoval-landyn-37w-2-negyzet-hideg-meleg-semleges-feny-szabalyozhato-feher,replace
200,Hyperlink,https://www.alessandrodesign.hu/blogs/hir/az-5-legfontosabb-vilagito-testet-az-elethez,https://www.alessandrodesign.ro/lustra-led-cerc-acril-exterior-168w-dimabila.html,LED LED LUDE Circle távirányítóval,200,https://www.alessandrodesign.ro/collections/all,https://www.alessandrodesign.hu/collections/all,replace
200,Hyperlink,https://www.alessandrodesign.hu/blogs/hir/hogyan-valassza-ki-a-csillarjat-a-szoba-meretenek-megfeleloen,https://www.alessandrodesign.ro/lustra-led-cerc-cu-telecomanda-48w-negru-acril-dimabila.html,LED LULUS a Kaysen vezetőjével 44W,200,https://www.alessandrodesign.ro/products/lustra-led-cu-telecomanda-betty-27w-2-cercuri-lumina-rece-calda-neutra-dimabila-negru,https://www.alessandrodesign.hu/products/led-csillar-taviranyitoval-betty-27w-2-kor-hideg-meleg-semleges-feny-szabalyozhato-fekete,replace
200,Hyperlink,https://www.alessandrodesign.hu/blogs/hir/hogyan-valassza-ki-a-csillarjat-a-szoba-meretenek-megfeleloen,https://www.alessandrodesign.ro/lustra-led-cerc-cu-telecomanda-76w-dimabila-acril-negru.html,LED LULUS NATHANIEL REVÁTORÁS 4 CIRCLES 52W,200,https://www.alessandrodesign.ro/products/lustra-led-cu-telecomanda-betty-43w-4-cercuri-lumina-rece-calda-neutra-dimabila-negru,https://www.alessandrodesign.hu/products/led-csillar-taviranyitoval-betty-43w-4-kor-hideg-meleg-semleges-feny-szabalyozhato-fekete,replace
200,Hyperlink,https://www.alessandrodesign.hu/pages/ugyfelkepek,https://www.alessandrodesign.ro/lustra-led-clementina-240w-negru-acril.html,,200,https://www.alessandrodesign.ro/collections/lustre-led,https://www.alessandrodesign.hu/collections/led-csillarok,replace
200,Hyperlink,https://www.alessandrodesign.hu/pages/ugyfelkepek,https://www.alessandrodesign.ro/lustra-led-clementina-240w-negru-acril.html,NÉZD MEG A TERMÉKET,200,https://www.alessandrodesign.ro/collections/lustre-led,https://www.alessandrodesign.hu/collections/led-csillarok,replace
200,Hyperlink,https://www.alessandrodesign.hu/blogs/hir/a-dinu-maxer-haloszobajat-alessandro-design-vilagito-testekkel-felujitottak,https://www.alessandrodesign.ro/lustra-led-cu-telecomanda-elisabeth-104w-dimabila-alb-auriu.html,LED LED LUD Elisabeth Elisabeth 120W méretű fehérarany,301,https://www.alessandrodesign.ro/products/lustra-led-cu-telecomanda-rinova-72w-2-cercuri-lumina-rece-calda-neutra-dimabila-auriu-lucios,,remove/manual
200,Hyperlink,https://www.alessandrodesign.hu/pages/ugyfelkepek,https://www.alessandrodesign.ro/lustra-led-cu-telecomanda-hela-77w-dimabila-alb.html,,200,https://www.alessandrodesign.ro/collections/lustre-led,https://www.alessandrodesign.hu/collections/led-csillarok,replace
200,Hyperlink,https://www.alessandrodesign.hu/pages/ugyfelkepek,https://www.alessandrodesign.ro/lustra-led-cu-telecomanda-hela-77w-dimabila-alb.html,NÉZD MEG A TERMÉKET,200,https://www.alessandrodesign.ro/collections/lustre-led,https://www.alessandrodesign.hu/collections/led-csillarok,replace
200,Hyperlink,https://www.alessandrodesign.hu/pages/ugyfelkepek,https://www.alessandrodesign.ro/lustra-led-cu-telecomanda-viveka-120w-dimabila-alb-auriu.html,,404,https://www.alessandrodesign.ro/products/lustra-led-suspendata-cu-telecomanda-azariah-112w-2-cercuri-lumina-rece-calda-neutra-dimabila-auriu-lucios-inaltime-reglabila,,remove/manual
200,Hyperlink,https://www.alessandrodesign.hu/pages/ugyfelkepek,https://www.alessandrodesign.ro/lustra-led-cu-telecomanda-viveka-120w-dimabila-alb-auriu.html,NÉZD MEG A TERMÉKET,404,https://www.alessandrodesign.ro/products/lustra-led-suspendata-cu-telecomanda-azariah-112w-2-cercuri-lumina-rece-calda-neutra-dimabila-auriu-lucios-inaltime-reglabila,,remove/manual
200,Hyperlink,https://www.alessandrodesign.hu/blogs/hir/az-5-legjobb-vilagitovilagito-test,https://www.alessandrodesign.ro/lustra-led-feodora-cu-telecomanda-80w-acril-si-metal-alb-si-negru.html,A Lust LED Feodora távirányítóval,200,https://www.alessandrodesign.ro/collections/all,https://www.alessandrodesign.hu/collections/all,replace
200,Hyperlink,https://www.alessandrodesign.hu/blogs/hir/hogyan-valassza-ki-a-csillarjat-a-szoba-meretenek-megfeleloen,https://www.alessandrodesign.ro/lustra-led-gratiana-cu-telecomanda-220w-dimabila-auriu.html,"LED LED Gratiana távirányítóval, 220W",301,https://www.alessandrodesign.ro/products/lustra-led-cu-telecomanda-lyra-220w-4-cercuri-lumina-rece-calda-neutra-dimabila-auriu-lucios,,remove/manual
200,Hyperlink,https://www.alessandrodesign.hu/blogs/hir/az-ot-legfontosabb-vilagito-test-a-teremhez,https://www.alessandrodesign.ro/lustra-led-neptun-12-w-se-m0232rd.html,Neptune LED vágy,200,https://www.alessandrodesign.ro/collections/all,https://www.alessandrodesign.hu/collections/all,replace
200,Hyperlink,https://www.alessandrodesign.hu/blogs/hir/hogyan-valassza-ki-a-csillarjat-a-szoba-meretenek-megfeleloen,https://www.alessandrodesign.ro/lustra-led-olivia-80w-5530-3.html,LED vágy a Bellini 80W távirányítóval,404,https://www.alessandrodesign.ro/products/lustra-led-cu-telecomanda-kade-80w-3-cercuri-lumina-rece-calda-neutra-dimabila-alb,,remove/manual
200,Hyperlink,https://www.alessandrodesign.hu/pages/ugyfelkepek,https://www.alessandrodesign.ro/lustra-led-pulsaris-27w-acril-negru-4000k-ip20.html,,200,https://www.alessandrodesign.ro/collections/lustre-led,https://www.alessandrodesign.hu/collections/led-csillarok,replace
200,Hyperlink,https://www.alessandrodesign.hu/pages/ugyfelkepek,https://www.alessandrodesign.ro/lustra-led-pulsaris-27w-acril-negru-4000k-ip20.html,NÉZD MEG A TERMÉKET,200,https://www.alessandrodesign.ro/collections/lustre-led,https://www.alessandrodesign.hu/collections/led-csillarok,replace
200,Hyperlink,https://www.alessandrodesign.hu/blogs/hir/hogyan-valaszthatja-ki-a-csillarot-a-rendeltetesi-hely-szerint,https://www.alessandrodesign.ro/lustra-led-sabin-62w.html,,200,https://www.alessandrodesign.ro/collections/all,https://www.alessandrodesign.hu/collections/all,replace
200,Hyperlink,https://www.alessandrodesign.hu/blogs/hir/hogyan-valaszthatja-ki-a-csillarot-a-rendeltetesi-hely-szerint,https://www.alessandrodesign.ro/lustra-led-steluta-36w-dimabila.html,,200,https://www.alessandrodesign.ro/collections/lustre-led,https://www.alessandrodesign.hu/collections/led-csillarok,replace
200,Hyperlink,https://www.alessandrodesign.hu/blogs/hir/hogyan-valaszthatja-ki-a-csillarot-a-rendeltetesi-hely-szerint,https://www.alessandrodesign.ro/lustre-clasicecu-una-si-mai-multe-surse-de-iluminat,klasszikus csillárok,200,https://www.alessandrodesign.ro/collections/lustre-cu-bec,https://www.alessandrodesign.hu/collections/csillarok-2,replace
200,Hyperlink,https://www.alessandrodesign.hu/blogs/hir/a-led-csillarok-karbantartasa-tippek-a-maximalis-tartossaghoz-es-hatekonysaghoz,https://www.alessandrodesign.ro/lustre-led,LED Lustres a konyhához,200,https://www.alessandrodesign.ro/collections/lustre-led,https://www.alessandrodesign.hu/collections/led-csillarok,replace
200,Hyperlink,https://www.alessandrodesign.hu/blogs/hir/dimablazhato-vilagitas-mik-ezek-es-hogyan-mukodnek,https://www.alessandrodesign.ro/lustre-led,LED -csillárok,200,https://www.alessandrodesign.ro/collections/lustre-led,https://www.alessandrodesign.hu/collections/led-csillarok,replace
200,Hyperlink,https://www.alessandrodesign.hu/blogs/hir/a-led-csillarok-karbantartasa-tippek-a-maximalis-tartossaghoz-es-hatekonysaghoz,https://www.alessandrodesign.ro/lustre-led-cristale,LED -ek LED kristályokkal,200,https://www.alessandrodesign.ro/collections/lustre-led-cristal,https://www.alessandrodesign.hu/collections/kristaly-led-csillarok,replace
200,Hyperlink,https://www.alessandrodesign.hu/collections/led-csillapitas,https://www.alessandrodesign.ro/lustre-led-suspendate,Lustre LED Suspendate,200,https://www.alessandrodesign.ro/collections/lustre-led-suspendate,https://www.alessandrodesign.hu/collections/felfuggesztett-csillarok,replace
200,Hyperlink,https://www.alessandrodesign.hu/blogs/hir/a-led-csillarok-karbantartasa-tippek-a-maximalis-tartossaghoz-es-hatekonysaghoz,https://www.alessandrodesign.ro/lustre-led-suspendate,Felfüggesztett LED -ek,200,https://www.alessandrodesign.ro/collections/lustre-led-suspendate,https://www.alessandrodesign.hu/collections/felfuggesztett-csillarok,replace
200,Hyperlink,https://www.alessandrodesign.hu/collections/led-csillapitas?page=1,https://www.alessandrodesign.ro/lustre-led-suspendate,Lustre LED Suspendate,200,https://www.alessandrodesign.ro/collections/lustre-led-suspendate,https://www.alessandrodesign.hu/collections/felfuggesztett-csillarok,replace
200,Hyperlink,https://www.alessandrodesign.hu/blogs/hir/hogyan-kell-helyesen-telepiteni-a-csillarot-lepesek-es-ajanlasok,https://www.alessandrodesign.ro/lustre-moderne,modern csillárok,200,https://www.alessandrodesign.ro/collections/lustre-moderne,https://www.alessandrodesign.hu/collections/modern-csillarok-1,replace
200,Hyperlink,https://www.alessandrodesign.hu/blogs/hir/kulonbsegek-marcello-es-korman-tukrok-kozott,https://www.alessandrodesign.ro/oglinda-led-touch-70x70-cm-1-1.html,"LED Touch Mirror, 70x70 cm",200,https://www.alessandrodesign.ro/products/oglinda-led-rotunda-70cm-lucea-touch-sistem-dezaburire-dimabila,https://www.alessandrodesign.hu/products/kerek-led-es-tukor-70cm-lucea-touch-paramentesito-rendszer-tompithato,replace
200,Hyperlink,https://www.alessandrodesign.hu/blogs/hir/kulonbsegek-marcello-es-korman-tukrok-kozott,https://www.alessandrodesign.ro/oglinda-led-touch-cu-senzor-sistem-dezaburire-si-ceas-rama-aurie-60x80-cm.html,"LED érintő tükör érzékelővel, letiltási rendszerrel és óra, aranykeret, 60x80 cm",301,https://www.alessandrodesign.ro/products/oglinda-led-rectangulara-60x80cm-verite-royale-gold-motionglow-marcello-sistem-dezaburire-termometru-si-ceas-dimabila,,remove/manual
200,Hyperlink,https://www.alessandrodesign.hu/collections/furdoszoba-1,https://www.alessandrodesign.ro/oglinzi-baie,Oglinzi LED,200,https://www.alessandrodesign.ro/collections/oglinzi-led,https://www.alessandrodesign.hu/collections/led-tukrok,replace
200,Hyperlink,https://www.alessandrodesign.hu/collections/furdoszoba-1?page=1,https://www.alessandrodesign.ro/oglinzi-baie,Oglinzi LED,200,https://www.alessandrodesign.ro/collections/oglinzi-led,https://www.alessandrodesign.hu/collections/led-tukrok,replace
200,Hyperlink,https://www.alessandrodesign.hu/blogs/hir/hogyan-lehet-hozzaferni-a-furdoszoba-stilusanak,https://www.alessandrodesign.ro/oglinzi-baie,LED -tükör: Hatékony stílus és megvilágítás,200,https://www.alessandrodesign.ro/collections/oglinzi-led,https://www.alessandrodesign.hu/collections/led-tukrok,replace
200,Hyperlink,https://www.alessandrodesign.hu/blogs/hir/hogyan-lehet-helyesen-telepiteni-egy-led-tukrot-a-furdoszobaba-hasznos-tippek-a-tokeletes-eredmeny-erdekeben,https://www.alessandrodesign.ro/oglinzi-baie,LED -tükrök a fürdőszobához,200,https://www.alessandrodesign.ro/collections/oglinzi-led,https://www.alessandrodesign.hu/collections/led-tukrok,replace
200,Hyperlink,https://www.alessandrodesign.hu/blogs/hir/hogyan-lehet-helyesen-telepiteni-egy-led-tukrot-a-furdoszobaba-hasznos-tippek-a-tokeletes-eredmeny-erdekeben,https://www.alessandrodesign.ro/oglinzi-led-premium,Prémium LED -tükrök,200,https://www.alessandrodesign.ro/collections/oglinzi-led,https://www.alessandrodesign.hu/collections/led-tukrok,replace
200,Hyperlink,https://www.alessandrodesign.hu/blogs/hir/az-5-legfontosabb-vilagito-testet-az-elethez,https://www.alessandrodesign.ro/pendul-alessandro-design-danemarca-2004-3.html,Dánia Pendul,200,https://www.alessandrodesign.ro/collections/all,https://www.alessandrodesign.hu/collections/all,replace
200,Hyperlink,https://www.alessandrodesign.hu/blogs/hir/az-ot-legfontosabb-vilagito-test-a-teremhez,https://www.alessandrodesign.ro/pendul-led-zavier-36w-cristal-metal.html,Az inga vezette Zavier -t,200,https://www.alessandrodesign.ro/collections/all,https://www.alessandrodesign.hu/collections/all,replace
200,Hyperlink,https://www.alessandrodesign.hu/blogs/hir/az-5-legjobb-vilagitovilagito-test,https://www.alessandrodesign.ro/pendul-mircea-3e27-multicolor-metal-6020-3.html,Pendul Mircea,200,https://www.alessandrodesign.ro/collections/all,https://www.alessandrodesign.hu/collections/all,replace
200,Hyperlink,https://www.alessandrodesign.hu/blogs/hir/az-5-legjobb-luminator-a-konyhahoz,https://www.alessandrodesign.ro/pendul-sorana-7e27-auriu-cu-negru-metal-si-sticla-tg1197.html,"Sorana Pendul, 7*E27, arany fekete - Tökéletes az étkezési szolgáltatáshoz",200,https://www.alessandrodesign.ro/collections/all,https://www.alessandrodesign.hu/collections/all,replace
200,Hyperlink,https://www.alessandrodesign.hu/blogs/hir/az-5-legjobb-luminator-a-konyhahoz,https://www.alessandrodesign.ro/pendul-sorana-7e27-auriu-cu-negru-metal-si-sticla-tg1197.html,Az inga Sorana,200,https://www.alessandrodesign.ro/collections/all,https://www.alessandrodesign.hu/collections/all,replace
200,Hyperlink,https://www.alessandrodesign.hu/blogs/hir/az-ot-legfontosabb-vilagito-test-a-teremhez,https://www.alessandrodesign.ro/plafoniera-led-carusel-36w-8610-36w.html,Körhinta LED mennyezet,200,https://www.alessandrodesign.ro/collections/all,https://www.alessandrodesign.hu/collections/all,replace
200,Hyperlink,https://www.alessandrodesign.hu/blogs/hir/az-5-legfontosabb-vilagito-testet-az-elethez,https://www.alessandrodesign.ro/plafoniera-led-cuba-96w-dimabila.html,Kuba LED mennyezet távirányítóval,200,https://www.alessandrodesign.ro/collections/all,https://www.alessandrodesign.hu/collections/all,replace
200,Hyperlink,https://www.alessandrodesign.hu/blogs/hir/az-5-legjobb-vilagitovilagito-test,https://www.alessandrodesign.ro/plafoniera-led-platonia.html,LED Platonia mennyezet,200,https://www.alessandrodesign.ro/collections/all,https://www.alessandrodesign.hu/collections/all,replace
200,Hyperlink,https://www.alessandrodesign.hu/blogs/elrendezesi-tippek/rusztikus-belsoepiteszet-inspiralo-otletek-es-alapveto-dekorativ-elemek,https://www.alessandrodesign.ro/products/aplica-led-decorativa-luna-27w-diametru-50cm-3000-4000-6000k,itt,200,https://www.alessandrodesign.ro/products/aplica-led-decorativa-luna-34w-diametru-50cm-3000-4000-6000k,https://www.alessandrodesign.hu/products/dekorativ-led-fali-lampa-taviranyitoval-hold-34w-atmero-50cm-meleg-feny-semleges-hideg-3000-4000-6000k,replace
200,Hyperlink,https://www.alessandrodesign.hu/collections/a-letrahaz-csillarjai,https://www.alessandrodesign.ro/products/candelabru-cristal-nathan-13x-gu10-argintiu,Nathan Silver,200,https://www.alessandrodesign.ro/products/candelabru-cristal-led-13-xgu10-meili-crom-diametru-80cm-inaltime-240cm-model-scara,https://www.alessandrodesign.hu/products/led-kristalycsillar-13-xgu10-meili-chrome-atmero-80-cm-magassag-240-cm-letramodell,replace
200,Hyperlink,https://www.alessandrodesign.hu/collections/a-letrahaz-csillarjai?page=1,https://www.alessandrodesign.ro/products/candelabru-cristal-nathan-13x-gu10-argintiu,Nathan Silver,200,https://www.alessandrodesign.ro/products/candelabru-cristal-led-13-xgu10-meili-crom-diametru-80cm-inaltime-240cm-model-scara,https://www.alessandrodesign.hu/products/led-kristalycsillar-13-xgu10-meili-chrome-atmero-80-cm-magassag-240-cm-letramodell,replace
200,Hyperlink,https://www.alessandrodesign.hu/blogs/hir/ipari-stilus-otthonaban-teljes-utmutato-a-megfelelo-vilagitasi-rendszer-kivalasztasahoz,https://www.alessandrodesign.ro/products/lampadar-led-upsilon-48w-3000k-4000k-6000k-metal-si-acril-negru,itt,200,https://www.alessandrodesign.ro/products/lampadar-led-upsilon-27w-3000k-4000k-6000k-metal-si-acril-negru,https://www.alessandrodesign.hu/products/upsilon-led-lampa-27w-3000k-4000k-6000k-fem-es-akril-fekete,replace
200,Hyperlink,https://www.alessandrodesign.hu/blogs/hir/vilagitasi-trendek-2026-ban-milyen-vilagitotesteket-valasszunk,https://www.alessandrodesign.ro/products/lustra-georgiana-cu-cristal-lc110-3gd-3x-e27-auriu-lucios-metal?_pos=62&_sid=47fc57989&_ss=r,,200,https://www.alessandrodesign.ro/products/lustra-moderna-cu-cristal-lc110-3gd-3x-e27-auriu-lucios-metal?_pos=62&_sid=47fc57989&_ss=r,https://www.alessandrodesign.hu/products/modern-klasszikus-csillar-lc110-3gd-kristaly-3x-e27-arany-fem-es-kristaly,replace
200,Hyperlink,https://www.alessandrodesign.hu/blogs/hir/vilagitasi-trendek-2026-ban-milyen-vilagitotesteket-valasszunk,https://www.alessandrodesign.ro/products/lustra-georgiana-cu-cristal-lc110-3gd-3x-e27-auriu-lucios-metal?_pos=62&_sid=47fc57989&_ss=r,Modern klasszikus csillár LC110/3GD,200,https://www.alessandrodesign.ro/products/lustra-moderna-cu-cristal-lc110-3gd-3x-e27-auriu-lucios-metal?_pos=62&_sid=47fc57989&_ss=r,https://www.alessandrodesign.hu/products/modern-klasszikus-csillar-lc110-3gd-kristaly-3x-e27-arany-fem-es-kristaly,replace
200,Hyperlink,https://www.alessandrodesign.hu/blogs/hir/mi-a-fenyintenzitas-es-hogyan-befolyasolja-az-otthoni-vilagitast,https://www.alessandrodesign.ro/products/lustra-led-cu-telecomanda-brigitte-6-cercuri-82w-lumina-rece-calda-neutra-dimabila-alb,"Brigitte távirányítós LED csillár 6 körrel, szabályozható",200,https://www.alessandrodesign.ro/products/lustra-led-cu-telecomanda-betty-82w-6-cercuri-lumina-rece-calda-neutra-dimabila-alb,https://www.alessandrodesign.hu/products/led-csillar-taviranyitoval-betty-82w-6-kor-hideg-meleg-semleges-feny-szabalyozhato-feher,replace
200,Hyperlink,https://www.alessandrodesign.hu/blogs/hir/hogyan-valasszuk-ki-a-megfelelo-vilagitotestet-minden-helyiseghez-a-teljes-utmutato,https://www.alessandrodesign.ro/products/lustra-led-suspendata-cu-telecomanda-wave-105w-inaltime-reglabila-lumina-rece-calda-neutra-dimabila-alb,itt,200,https://www.alessandrodesign.ro/products/lustra-led-suspendata-cu-telecomanda-wave-89w-liniara-lumina-rece-calda-neutra-dimabila-alb-inaltime-reglabila,https://www.alessandrodesign.hu/products/fuggesztett-led-csillar-wave-89w-taviranyitoval-linearis-hideg-meleg-semleges-feny-szabalyozhato-feher-allithato-magassagu,replace
200,Hyperlink,https://www.alessandrodesign.hu/pages/elrendezesi-otletek,https://www.alessandrodesign.ro/products/lustra-led-vertex-32w-3-patrate-liniara-lumina-rece-calda-neutra-neagra,,200,https://www.alessandrodesign.ro/products/lustra-led-vertex-34w-3-patrate-liniara-lumina-rece-calda-neutra-neagra,https://www.alessandrodesign.hu/products/led-csillar-vertex-34w-3-negyzet-linearis-hideg-meleg-semleges-feny-fekete,replace
200,Hyperlink,https://www.alessandrodesign.hu/blogs/hir/vilagitasi-trendek-2026-ban-milyen-vilagitotesteket-valasszunk,https://www.alessandrodesign.ro/products/lustra-monica-lc910-3lbk-3-x-e27-negru-metal-si-sticla?_pos=68&_sid=47fc57989&_ss=r,,200,https://www.alessandrodesign.ro/products/lustra-clasica-moderna-suspendata-monica-lc910-3lbk-3-x-e27-negru-metal-si-sticla-inaltime-reglabila?_pos=68&_sid=47fc57989&_ss=r,https://www.alessandrodesign.hu/products/modern-klasszikus-csillar-felfuggesztett-monica-lc910-3lbk-3-x-e27-fekete-fem-es-uveg-allithato-magassagu,replace
200,Hyperlink,https://www.alessandrodesign.hu/blogs/hir/vilagitasi-trendek-2026-ban-milyen-vilagitotesteket-valasszunk,https://www.alessandrodesign.ro/products/lustra-monica-lc910-3lbk-3-x-e27-negru-metal-si-sticla?_pos=68&_sid=47fc57989&_ss=r,"Modern klasszikus csillár, felfüggesztett, Monica",200,https://www.alessandrodesign.ro/products/lustra-clasica-moderna-suspendata-monica-lc910-3lbk-3-x-e27-negru-metal-si-sticla-inaltime-reglabila?_pos=68&_sid=47fc57989&_ss=r,https://www.alessandrodesign.hu/products/modern-klasszikus-csillar-felfuggesztett-monica-lc910-3lbk-3-x-e27-fekete-fem-es-uveg-allithato-magassagu,replace
200,Hyperlink,https://www.alessandrodesign.hu/blogs/elrendezesi-tippek/rusztikus-belsoepiteszet-inspiralo-otletek-es-alapveto-dekorativ-elemek,https://www.alessandrodesign.ro/products/lustra-vintage-cu-franghie-pedro-8xe27-lemn-inchis,itt,200,https://www.alessandrodesign.ro/products/lustra-vintage-cu-franghie-pedro-8xe27-lemn-maro,https://www.alessandrodesign.hu/products/vintage-csillar-kotellel-pedro-8-x-e27-barna-fem,replace
200,Hyperlink,https://www.alessandrodesign.hu/blogs/hir/vilagitasi-trendek-2026-ban-milyen-vilagitotesteket-valasszunk,https://www.alessandrodesign.ro/products/panou-led-antonio-6000k,,200,https://www.alessandrodesign.ro/products/plafoniera-led-de-tavan-patrata-36w-22x22cm-lumina-rece-6000k-alb,https://www.alessandrodesign.hu/products/negyzet-alaku-led-mennyezeti-lampa-36w-22x22cm-hideg-feny-6000k-feher,replace
200,Hyperlink,https://www.alessandrodesign.hu/blogs/hir/vilagitasi-trendek-2026-ban-milyen-vilagitotesteket-valasszunk,https://www.alessandrodesign.ro/products/panou-led-antonio-6000k,PL200/23P mennyezeti lámpa,200,https://www.alessandrodesign.ro/products/plafoniera-led-de-tavan-patrata-36w-22x22cm-lumina-rece-6000k-alb,https://www.alessandrodesign.hu/products/negyzet-alaku-led-mennyezeti-lampa-36w-22x22cm-hideg-feny-6000k-feher,replace
200,Hyperlink,https://www.alessandrodesign.hu/pages/gyakori-kerdesek,https://www.alessandrodesign.ro/retur,A visszatérő szakasz,200,https://www.alessandrodesign.ro/pages/retur,https://www.alessandrodesign.hu/pages/vissza,replace
200,Hyperlink,https://www.alessandrodesign.hu/blogs/hir/hogyan-lehet-megfeleloen-felszerelni-a-furdo-akkumulatort-lepes-lepcso-utmutato,https://www.alessandrodesign.ro/sanitare,minőségi egészségügyi áruk,200,https://www.alessandrodesign.ro/collections/baie,https://www.alessandrodesign.hu/collections/furdoszoba-1,replace
200,Hyperlink,https://www.alessandrodesign.hu/blogs/hir/minden-amit-tudnod-kell-az-egeszsegugyi-akkumulatorokrol,https://www.alessandrodesign.ro/set-baterie-duspara-si-furtun-dusstarke-inox-sus304-ly007.html,A zuhany akkumulátor/ugrás és rozsdamentes acél rozsdamentes acél tömlő 304,200,https://www.alessandrodesign.ro/products/baterie-baie-inox-sus304-satinat-ly007,https://www.alessandrodesign.hu/products/furdoszoba-csaptelep-rozsdamentes-acel-sus304-szaten-kivitel-ly007,replace
200,Hyperlink,https://www.alessandrodesign.hu/blogs/hir/hogyan-lehet-megfeleloen-felszerelni-a-furdo-akkumulatort-lepes-lepcso-utmutato,https://www.alessandrodesign.ro/seturi-de-mobilier-pentru-baie,Prémium fürdőbútor,200,https://www.alessandrodesign.ro/collections/mobilier-baie,https://www.alessandrodesign.hu/collections/furdoszoba-butor,replace
200,Hyperlink,https://www.alessandrodesign.hu/blogs/hir/visszateres-alessandro-design-mit-kell-tudnia,https://www.alessandrodesign.ro/showroom,bemutatóterem,200,https://www.alessandrodesign.ro/pages/showroom,https://www.alessandrodesign.hu/pages/bemutatoterem,replace
200,Hyperlink,https://www.alessandrodesign.hu/pages/gyakori-kerdesek,https://www.alessandrodesign.ro/showroom,Bemutatóterem oldal,200,https://www.alessandrodesign.ro/pages/showroom,https://www.alessandrodesign.hu/pages/bemutatoterem,replace
200,Hyperlink,https://www.alessandrodesign.hu/blogs/hir/az-5-legjobb-luminator-a-konyhahoz,https://www.alessandrodesign.ro/spot-hexagonit-3e27-metal-negru.html,"Lustra Hexagonit, 3*E27, Metal, Fekete - Készítsen modern, kifinomult megjelenést",200,https://www.alessandrodesign.ro/collections/all,https://www.alessandrodesign.hu/collections/all,replace
200,Hyperlink,https://www.alessandrodesign.hu/blogs/hir/az-5-legjobb-luminator-a-konyhahoz,https://www.alessandrodesign.ro/spot-hexagonit-3e27-metal-negru.html,Hatszögletű csillár,200,https://www.alessandrodesign.ro/collections/all,https://www.alessandrodesign.hu/collections/all,replace
200,Hyperlink,https://www.alessandrodesign.hu/blogs/hir/az-5-legjobb-luminator-a-konyhahoz,https://www.alessandrodesign.ro/spot-led-incastrabil-emeris-18w-6500k-ip20.html,Emeris LED LED -folt - a gyakorlati megvilágításhoz,200,https://www.alessandrodesign.ro/collections/all,https://www.alessandrodesign.hu/collections/all,replace
200,Hyperlink,https://www.alessandrodesign.hu/blogs/hir/az-5-legjobb-luminator-a-konyhahoz,https://www.alessandrodesign.ro/spot-led-incastrabil-emeris-18w-6500k-ip20.html,Az Emeris LED LED -folt,200,https://www.alessandrodesign.ro/collections/all,https://www.alessandrodesign.hu/collections/all,replace
200,Hyperlink,https://www.alessandrodesign.hu/blogs/hir/alkalmazas-rogzitese-lepesek-es-tippek-a-helyes-telepiteshez,https://www.alessandrodesign.ro/spoturi,LED -foltok,200,https://www.alessandrodesign.ro/collections/spoturi,https://www.alessandrodesign.hu/collections/foltok,replace
200,Hyperlink,https://www.alessandrodesign.hu/pages/vissza,https://www.alessandrodesign.ro/termeni-si-conditii,Általános Szerződési Feltételek oldalon,200,https://www.alessandrodesign.ro/policies/privacy-policy,https://www.alessandrodesign.hu/policies/privacy-policy,replace
200,Image,https://www.alessandrodesign.hu/products/led-csillar-taviranyitoval-axis-95w-3-elem-hideg-meleg-semleges-feny-szabalyozhato-fekete,https://www.alessandrodesign.ro/upload/userfiles/images/documentations/banners/banner_mod_noapte_lustra_led.webp,,200,https://cdn.shopify.com/s/files/1/0782/5175/3739/files/noapte-banner.jpg?v=1742391487,,remove/manual
200,Image,https://www.alessandrodesign.hu/products/fuggesztett-led-csillar-taviranyitoval-flux-27-w-116-cm-hideg-meleg-semleges-feny-3000k-4000k-6000k-szabalyozhato-fekete-allithato-magassagu-fem-es-szilikon,https://www.alessandrodesign.ro/upload/userfiles/images/documentations/banners/banner_mod_noapte_lustra_led.webp,,200,https://cdn.shopify.com/s/files/1/0782/5175/3739/files/noapte-banner.jpg?v=1742391487,,remove/manual
200,Image,https://www.alessandrodesign.hu/products/led-csillar-taviranyitoval-betty-27w-2-kor-hideg-meleg-semleges-feny-szabalyozhato-feher,https://www.alessandrodesign.ro/upload/userfiles/images/documentations/banners/banner_mod_noapte_lustra_led.webp,,200,https://cdn.shopify.com/s/files/1/0782/5175/3739/files/noapte-banner.jpg?v=1742391487,,remove/manual
200,Image,https://www.alessandrodesign.hu/products/led-csillar-taviranyitoval-lily-40w-3-elem-hideg-meleg-semleges-feny-szabalyozhato-feher,https://www.alessandrodesign.ro/upload/userfiles/images/documentations/banners/banner_mod_noapte_lustra_led.webp,,200,https://cdn.shopify.com/s/files/1/0782/5175/3739/files/noapte-banner.jpg?v=1742391487,,remove/manual
200,Image,https://www.alessandrodesign.hu/products/led-csillar-sakura-taviranyitoval-60w-5-szirom-hideg-forro-semleges-feny-instabil-feher,https://www.alessandrodesign.ro/upload/userfiles/images/documentations/banners/banner_mod_noapte_lustra_led.webp,,200,https://cdn.shopify.com/s/files/1/0782/5175/3739/files/noapte-banner.jpg?v=1742391487,,remove/manual
200,Image,https://www.alessandrodesign.hu/products/led-csillar-tulipan-taviranyitoval-73w-5-szirom-hideg-forro-semleges-feny-instabil-feher,https://www.alessandrodesign.ro/upload/userfiles/images/documentations/banners/banner_mod_noapte_lustra_led.webp,,200,https://cdn.shopify.com/s/files/1/0782/5175/3739/files/noapte-banner.jpg?v=1742391487,,remove/manual
200,Image,https://www.alessandrodesign.hu/products/led-csillar-taviranyitoval-tiana-78w-3-ellipszis-hideg-meleg-semleges-feny-szabalyozhato-fekete,https://www.alessandrodesign.ro/upload/userfiles/images/documentations/banners/banner_mod_noapte_lustra_led.webp,,200,https://cdn.shopify.com/s/files/1/0782/5175/3739/files/noapte-banner.jpg?v=1742391487,,remove/manual
200,Image,https://www.alessandrodesign.hu/products/led-csillar-taviranyitoval-axis-95w-3-elem-hideg-meleg-semleges-feny-szabalyozhato-fekete,https://www.alessandrodesign.ro/upload/userfiles/images/documentations/banners/banner_telecomanda_lustra_led.webp,,200,https://cdn.shopify.com/s/files/1/0782/5175/3739/files/telecomanda-banner.jpg?v=1742391439,,remove/manual
200,Image,https://www.alessandrodesign.hu/products/fuggesztett-led-csillar-taviranyitoval-flux-27-w-116-cm-hideg-meleg-semleges-feny-3000k-4000k-6000k-szabalyozhato-fekete-allithato-magassagu-fem-es-szilikon,https://www.alessandrodesign.ro/upload/userfiles/images/documentations/banners/banner_telecomanda_lustra_led.webp,,200,https://cdn.shopify.com/s/files/1/0782/5175/3739/files/telecomanda-banner.jpg?v=1742391439,,remove/manual
200,Image,https://www.alessandrodesign.hu/products/led-csillar-taviranyitoval-betty-27w-2-kor-hideg-meleg-semleges-feny-szabalyozhato-feher,https://www.alessandrodesign.ro/upload/userfiles/images/documentations/banners/banner_telecomanda_lustra_led.webp,,200,https://cdn.shopify.com/s/files/1/0782/5175/3739/files/telecomanda-banner.jpg?v=1742391439,,remove/manual
200,Image,https://www.alessandrodesign.hu/products/led-csillar-taviranyitoval-lily-40w-3-elem-hideg-meleg-semleges-feny-szabalyozhato-feher,https://www.alessandrodesign.ro/upload/userfiles/images/documentations/banners/banner_telecomanda_lustra_led.webp,,200,https://cdn.shopify.com/s/files/1/0782/5175/3739/files/telecomanda-banner.jpg?v=1742391439,,remove/manual
200,Image,https://www.alessandrodesign.hu/products/led-csillar-sakura-taviranyitoval-60w-5-szirom-hideg-forro-semleges-feny-instabil-feher,https://www.alessandrodesign.ro/upload/userfiles/images/documentations/banners/banner_telecomanda_lustra_led.webp,,200,https://cdn.shopify.com/s/files/1/0782/5175/3739/files/telecomanda-banner.jpg?v=1742391439,,remove/manual
200,Image,https://www.alessandrodesign.hu/products/led-csillar-tulipan-taviranyitoval-73w-5-szirom-hideg-forro-semleges-feny-instabil-feher,https://www.alessandrodesign.ro/upload/userfiles/images/documentations/banners/banner_telecomanda_lustra_led.webp,,200,https://cdn.shopify.com/s/files/1/0782/5175/3739/files/telecomanda-banner.jpg?v=1742391439,,remove/manual
200,Image,https://www.alessandrodesign.hu/products/led-csillar-taviranyitoval-tiana-78w-3-ellipszis-hideg-meleg-semleges-feny-szabalyozhato-fekete,https://www.alessandrodesign.ro/upload/userfiles/images/documentations/banners/banner_telecomanda_lustra_led.webp,,200,https://cdn.shopify.com/s/files/1/0782/5175/3739/files/telecomanda-banner.jpg?v=1742391439,,remove/manual
200,Hyperlink,https://www.alessandrodesign.hu/pages/ugyfelkepek,https://www.alessandrodesign.ro/veioza-led-merga-26w-3000k4000k6000k-metal-si-acril-negru.html,,404,https://www.alessandrodesign.ro/products/veioza-led-merga-26w-3000k-4000k-6000k-metal-si-acril-negru,,remove/manual
200,Hyperlink,https://www.alessandrodesign.hu/pages/ugyfelkepek,https://www.alessandrodesign.ro/veioza-led-merga-26w-3000k4000k6000k-metal-si-acril-negru.html,NÉZD MEG A TERMÉKET,404,https://www.alessandrodesign.ro/products/veioza-led-merga-26w-3000k-4000k-6000k-metal-si-acril-negru,,remove/manual
